-- Final Production-Grade Test Data (Phase 7+8)
DELETE FROM recruitment_job;
DELETE FROM sys_user;
DELETE FROM student_resume;
DELETE FROM student_profile;

INSERT INTO recruitment_job (id, club_id, club_name, category, title, description, requirement_tags, slots, established_year, org_level, guidance_unit, main_activities, representative_activities, member_size, activity_frequency, publicity_channels) VALUES (1, 1001, '星海文学社', '艺术', '星海文学社核心成员招募', '以小说、诗歌、散文创作为核心的校园文学社团，长期组织主题征文、读书沙龙、作家讲座与校园刊物编辑。', '["\u57fa\u7840\u534f\u4f5c", "\u76f8\u5173\u5174\u8da3"]', 10, '1998', '校级社团', '文学院', '文学创作培训、读书会、校刊编辑、公开朗读会、跨校文学交流', '2022年春季校园原创诗会；2023年城市青年写作营；2024年‘夜读与创作’文学节', '52人', '每月2次常规活动，每学期1次品牌活动', '微信公众号、QQ/微信群');
INSERT INTO recruitment_job (id, club_id, club_name, category, title, description, requirement_tags, slots, established_year, org_level, guidance_unit, main_activities, representative_activities, member_size, activity_frequency, publicity_channels) VALUES (2, 1002, '未名辩论协会', '学术', '未名辩论协会核心成员招募', '面向全校学生开放的思辨型社团，围绕公共议题、社会热点与学术主题开展辩论训练与赛事组织。', '["\u57fa\u7840\u534f\u4f5c", "\u76f8\u5173\u5174\u8da3"]', 10, '2003', '院级精品社团', '马克思主义学院', '新生表演赛、院系联赛、模拟政策辩论、演讲工作坊、赛后复盘', '2021年校际华语辩论邀请赛八强；2023年公共表达训练营；2024年AI伦理主题辩论公开赛', '59人', '每周1-2次训练，每学期2场赛事', '微信公众号、QQ/微信群');
INSERT INTO recruitment_job (id, club_id, club_name, category, title, description, requirement_tags, slots, established_year, org_level, guidance_unit, main_activities, representative_activities, member_size, activity_frequency, publicity_channels) VALUES (3, 1003, '青衿汉服文化社', '全部', '青衿汉服文化社核心成员招募', '致力于传统服饰、礼仪与节俗传播的文化类社团，重视知识普及与沉浸式活动策划。', '["\u57fa\u7840\u534f\u4f5c", "\u76f8\u5173\u5174\u8da3"]', 10, '2012', '校级社团', '人文学院', '汉服形制讲座、传统节日游园、礼仪展示、妆造体验、非遗手作', '2022年上巳节雅集；2023年中秋汉服游园会；2024年非遗妆造与礼仪周', '66人', '每月2次常规活动，每学期1次品牌活动', '微信公众号、QQ/微信群');
INSERT INTO recruitment_job (id, club_id, club_name, category, title, description, requirement_tags, slots, established_year, org_level, guidance_unit, main_activities, representative_activities, member_size, activity_frequency, publicity_channels) VALUES (4, 1004, '云帆摄影社', '艺术', '云帆摄影社核心成员招募', '聚焦摄影基础、纪实表达与校园影像记录，兼顾设备教学和作品策展。', '["\u57fa\u7840\u534f\u4f5c", "\u76f8\u5173\u5174\u8da3"]', 10, '2006', '院级社团', '新闻与传播学院', '摄影采风、后期修图培训、器材试拍、主题影展、毕业季影像记录', '2021年校园四季摄影展；2023年城市夜景采风计划；2024年‘新生第一张人像’公益拍摄', '73人', '每周1次例会，每月1次采风/展映', '微信公众号、QQ/微信群、视频号/小红书');
INSERT INTO recruitment_job (id, club_id, club_name, category, title, description, requirement_tags, slots, established_year, org_level, guidance_unit, main_activities, representative_activities, member_size, activity_frequency, publicity_channels) VALUES (5, 1005, '流光电影社', '艺术', '流光电影社核心成员招募', '以电影赏析、短片创作与影像讨论为核心的艺术类社团，关注类型电影与作者表达。', '["\u57fa\u7840\u534f\u4f5c", "\u76f8\u5173\u5174\u8da3"]', 10, '2009', '校级重点社团', '新闻与传播学院', '每周观影会、映后讨论、短片拍摄、编剧分享、电影配乐赏析', '2022年女性影像专题月；2023年48小时短片挑战；2024年校园原创短片展映', '80人', '每周1次例会，每月1次采风/展映', '微信公众号、QQ/微信群、视频号/小红书');
INSERT INTO recruitment_job (id, club_id, club_name, category, title, description, requirement_tags, slots, established_year, org_level, guidance_unit, main_activities, representative_activities, member_size, activity_frequency, publicity_channels) VALUES (6, 1006, '天问天文社', '技术', '天问天文社核心成员招募', '由天文爱好者组成的科普与观测社团，组织星空观测、天象讲解与中小学科普志愿服务。', '["\u57fa\u7840\u534f\u4f5c", "\u76f8\u5173\u5174\u8da3"]', 10, '2001', '校级社团', '物理学院', '天文望远镜实操、流星雨观测、科普讲座、天象直播、天文营', '2022年英仙座流星雨夜观测；2023年日食科普直播；2024年校园星空开放夜', '87人', '双周活动，重要天象期间加开', '微信公众号、QQ/微信群');
INSERT INTO recruitment_job (id, club_id, club_name, category, title, description, requirement_tags, slots, established_year, org_level, guidance_unit, main_activities, representative_activities, member_size, activity_frequency, publicity_channels) VALUES (7, 1007, '声入人心合唱团', '艺术', '声入人心合唱团核心成员招募', '学校历史较长的音乐类社团，强调多声部训练、舞台演绎与校园大型演出合作。', '["\u57fa\u7840\u534f\u4f5c", "\u76f8\u5173\u5174\u8da3"]', 10, '1995', '院级精品社团', '艺术学院', '合唱排练、声乐训练、迎新演出、专场音乐会、社区慰问演出', '2021年校庆合唱专场；2023年冬季音乐会；2024年与交响乐团联合演出‘春之声’', '94人', '每周2次排练，演出季加练', '微信公众号、QQ/微信群、视频号/小红书');
INSERT INTO recruitment_job (id, club_id, club_name, category, title, description, requirement_tags, slots, established_year, org_level, guidance_unit, main_activities, representative_activities, member_size, activity_frequency, publicity_channels) VALUES (8, 1008, '拾级话剧社', '艺术', '拾级话剧社核心成员招募', '以戏剧表演、舞台设计与原创剧本孵化为特色，培养学生舞台协作能力。', '["\u57fa\u7840\u534f\u4f5c", "\u76f8\u5173\u5174\u8da3"]', 10, '1999', '校级社团', '艺术学院', '剧本围读、表演训练、舞美制作、年度公演、即兴戏剧工作坊', '2022年原创剧《长廊》首演；2023年新生戏剧节；2024年经典独幕剧巡演', '101人', '每周2次排练，演出前集中训练', '微信公众号、QQ/微信群、视频号/小红书');
INSERT INTO recruitment_job (id, club_id, club_name, category, title, description, requirement_tags, slots, established_year, org_level, guidance_unit, main_activities, representative_activities, member_size, activity_frequency, publicity_channels) VALUES (9, 1009, '墨痕书法社', '全部', '墨痕书法社核心成员招募', '围绕楷书、隶书、行书等传统书法学习与作品交流开展活动，兼顾篆刻体验。', '["\u57fa\u7840\u534f\u4f5c", "\u76f8\u5173\u5174\u8da3"]', 10, '2004', '院级社团', '人文学院', '临帖练习、名家作品赏析、春联义写、篆刻体验、校内展览', '2022年迎春送福写春联；2023年碑帖临摹月；2024年毕业季书法纪念册创作', '108人', '每月2次常规活动，每学期1次品牌活动', '微信公众号、QQ/微信群');
INSERT INTO recruitment_job (id, club_id, club_name, category, title, description, requirement_tags, slots, established_year, org_level, guidance_unit, main_activities, representative_activities, member_size, activity_frequency, publicity_channels) VALUES (10, 1010, '知行志愿者协会', '公益', '知行志愿者协会核心成员招募', '校园公益服务骨干社团，组织助老、支教、环保与大型赛事志愿服务项目。', '["\u57fa\u7840\u534f\u4f5c", "\u76f8\u5173\u5174\u8da3"]', 10, '2000', '校级重点社团', '校团委', '社区服务、支教活动、公益募捐、校园文明倡导、赛事志愿服务', '2021年暑期乡村支教；2023年无障碍校园倡议；2024年马拉松赛事志愿服务', '115人', '每周志愿服务，每月专题活动', '微信公众号、QQ/微信群、打卡小程序');
INSERT INTO recruitment_job (id, club_id, club_name, category, title, description, requirement_tags, slots, established_year, org_level, guidance_unit, main_activities, representative_activities, member_size, activity_frequency, publicity_channels) VALUES (11, 1011, '绿芽环保协会', '公益', '绿芽环保协会核心成员招募', '倡导可持续生活方式和校园环保行动的公益社团，兼具实践与倡议属性。', '["\u57fa\u7840\u534f\u4f5c", "\u76f8\u5173\u5174\u8da3"]', 10, '2008', '校级社团', '校团委', '旧物回收、垃圾分类宣传、环保市集、自然教育、低碳打卡', '2022年地球周绿色集市；2023年校园零废弃挑战；2024年湿地保护志愿行', '122人', '每周志愿服务，每月专题活动', '微信公众号、QQ/微信群、打卡小程序');
INSERT INTO recruitment_job (id, club_id, club_name, category, title, description, requirement_tags, slots, established_year, org_level, guidance_unit, main_activities, representative_activities, member_size, activity_frequency, publicity_channels) VALUES (12, 1012, '蓝桥编程社', '技术', '蓝桥编程社核心成员招募', '面向程序设计、算法竞赛与工程实践爱好者的技术社团，兼顾入门教学与项目协作。', '["\u57fa\u7840\u534f\u4f5c", "\u76f8\u5173\u5174\u8da3"]', 10, '2014', '院级精品社团', '计算机学院', '算法训练营、代码评审、项目开发、竞赛组队、技术分享', '2022年新生Python训练营；2023年校内Hackathon；2024年开源项目协作月', '129人', '每周技术例会，每学期1次集训', '微信公众号、QQ/微信群、飞书/Notion项目群');
INSERT INTO recruitment_job (id, club_id, club_name, category, title, description, requirement_tags, slots, established_year, org_level, guidance_unit, main_activities, representative_activities, member_size, activity_frequency, publicity_channels) VALUES (13, 1013, '智造机器人协会', '技术', '智造机器人协会核心成员招募', '聚焦机器人结构设计、嵌入式开发与比赛实践的工程类社团。', '["\u57fa\u7840\u534f\u4f5c", "\u76f8\u5173\u5174\u8da3"]', 10, '2011', '校级社团', '计算机学院', '机械设计、单片机开发、机器人调试、赛事备赛、实验室开放日', '2021年RoboMaster校队招新训练；2023年机器人创客嘉年华；2024年智能巡检车项目展示', '136人', '每周技术例会，每学期1次集训', '微信公众号、QQ/微信群、飞书/Notion项目群');
INSERT INTO recruitment_job (id, club_id, club_name, category, title, description, requirement_tags, slots, established_year, org_level, guidance_unit, main_activities, representative_activities, member_size, activity_frequency, publicity_channels) VALUES (14, 1014, '经世模拟商赛社', '全部', '经世模拟商赛社核心成员招募', '以商业分析、案例竞赛和创新创业训练为重点的经管类社团。', '["\u57fa\u7840\u534f\u4f5c", "\u76f8\u5173\u5174\u8da3"]', 10, '2015', '院级社团', '创新创业学院', '案例分析、路演训练、商业模型拆解、企业参访、创业沙龙', '2022年商业案例分析公开课；2023年校园创业提案赛；2024年消费品牌研究工作坊', '143人', '双周分享，每学期1次路演营', '微信公众号、QQ/微信群、飞书/Notion项目群');
INSERT INTO recruitment_job (id, club_id, club_name, category, title, description, requirement_tags, slots, established_year, org_level, guidance_unit, main_activities, representative_activities, member_size, activity_frequency, publicity_channels) VALUES (15, 1015, '明德模拟联合国协会', '全部', '明德模拟联合国协会核心成员招募', '通过模拟国际组织议事规则培养公共表达、议题研究与英文会议能力的国际交流型社团。', '["\u57fa\u7840\u534f\u4f5c", "\u76f8\u5173\u5174\u8da3"]', 10, '2007', '校级重点社团', '国际教育学院', '规则培训、议题研究、会场模拟、学术写作、校际大会', '2021年气候变化主题校会；2023年区域安全议题英文会；2024年青年外交官训练营', '150人', '每周语言/议题活动，每学期1次大会', '微信公众号、QQ/微信群');
INSERT INTO recruitment_job (id, club_id, club_name, category, title, description, requirement_tags, slots, established_year, org_level, guidance_unit, main_activities, representative_activities, member_size, activity_frequency, publicity_channels) VALUES (16, 1016, '丝路国际文化交流社', '全部', '丝路国际文化交流社核心成员招募', '促进中外学生交流与多元文化理解的国际化社团。', '["\u57fa\u7840\u534f\u4f5c", "\u76f8\u5173\u5174\u8da3"]', 10, '2013', '校级社团', '国际教育学院', '语言角、文化分享夜、节庆体验、城市参访、国际学生联谊', '2022年世界美食文化周；2023年国际学生城市探索；2024年跨文化沟通工作坊', '157人', '每周语言/议题活动，每学期1次大会', '微信公众号、QQ/微信群');
INSERT INTO recruitment_job (id, club_id, club_name, category, title, description, requirement_tags, slots, established_year, org_level, guidance_unit, main_activities, representative_activities, member_size, activity_frequency, publicity_channels) VALUES (17, 1017, '晨跑与马拉松协会', '体育', '晨跑与马拉松协会核心成员招募', '服务校园跑步爱好者的运动社团，注重科学训练和大众参与。', '["\u57fa\u7840\u534f\u4f5c", "\u76f8\u5173\u5174\u8da3"]', 10, '2010', '院级精品社团', '体育教学部', '晨跑打卡、配速训练、运动康复讲座、校内路跑、赛事组团', '2022年半马训练计划；2023年荧光夜跑活动；2024年校友返校接力赛', '164人', '每周2-3次训练，每学期1次比赛', '微信公众号、QQ/微信群、打卡小程序');
INSERT INTO recruitment_job (id, club_id, club_name, category, title, description, requirement_tags, slots, established_year, org_level, guidance_unit, main_activities, representative_activities, member_size, activity_frequency, publicity_channels) VALUES (18, 1018, '凌云登山户外社', '体育', '凌云登山户外社核心成员招募', '开展徒步、露营、定向越野与户外安全培训的综合户外社团。', '["\u57fa\u7840\u534f\u4f5c", "\u76f8\u5173\u5174\u8da3"]', 10, '2005', '校级社团', '体育教学部', '户外基础培训、周末徒步、露营实践、绳结课程、安全演练', '2021年新手山野训练营；2023年春季露营大会；2024年城市定向越野挑战', '171人', '每周2-3次训练，每学期1次比赛', '微信公众号、QQ/微信群、打卡小程序');
INSERT INTO recruitment_job (id, club_id, club_name, category, title, description, requirement_tags, slots, established_year, org_level, guidance_unit, main_activities, representative_activities, member_size, activity_frequency, publicity_channels) VALUES (19, 1019, '清风羽毛球协会', '体育', '清风羽毛球协会核心成员招募', '以大众羽毛球普及和校内联赛组织为主的体育社团。', '["\u57fa\u7840\u534f\u4f5c", "\u76f8\u5173\u5174\u8da3"]', 10, '2002', '院级社团', '体育教学部', '基础教学、分级对抗、双打配对、裁判培训、联赛组织', '2022年院系混双联赛；2023年新生杯羽毛球赛；2024年校友友谊邀请赛', '178人', '每周2-3次训练，每学期1次比赛', '微信公众号、QQ/微信群、打卡小程序');
INSERT INTO recruitment_job (id, club_id, club_name, category, title, description, requirement_tags, slots, established_year, org_level, guidance_unit, main_activities, representative_activities, member_size, activity_frequency, publicity_channels) VALUES (20, 1020, '破浪篮球社', '体育', '破浪篮球社核心成员招募', '面向篮球爱好者的群众性体育社团，既组织训练也承担校园赛事运营。', '["\u57fa\u7840\u534f\u4f5c", "\u76f8\u5173\u5174\u8da3"]', 10, '1997', '校级重点社团', '体育教学部', '投篮训练、3v3对抗、裁判培训、班级联赛、球迷观赛活动', '2021年三人篮球公开赛；2023年女子篮球推广月；2024年班级联赛决赛周', '50人', '每周2-3次训练，每学期1次比赛', '微信公众号、QQ/微信群、打卡小程序');
INSERT INTO recruitment_job (id, club_id, club_name, category, title, description, requirement_tags, slots, established_year, org_level, guidance_unit, main_activities, representative_activities, member_size, activity_frequency, publicity_channels) VALUES (21, 1021, '飞羽舞蹈社', '艺术', '飞羽舞蹈社核心成员招募', '覆盖现代舞、爵士、K-pop与编舞实践的综合舞蹈社团。', '["\u57fa\u7840\u534f\u4f5c", "\u76f8\u5173\u5174\u8da3"]', 10, '2008', '校级社团', '艺术学院', '基础训练、成品舞排练、编舞分享、快闪表演、年度汇演', '2022年社团文化节舞台秀；2023年原创编舞展演；2024年毕业季草坪舞会', '57人', '每周2次排练，演出前集中训练', '微信公众号、QQ/微信群、视频号/小红书');
INSERT INTO recruitment_job (id, club_id, club_name, category, title, description, requirement_tags, slots, established_year, org_level, guidance_unit, main_activities, representative_activities, member_size, activity_frequency, publicity_channels) VALUES (22, 1022, '音浪吉他社', '艺术', '音浪吉他社核心成员招募', '以木吉他、电吉他教学与乐队合作为特色的音乐社团。', '["\u57fa\u7840\u534f\u4f5c", "\u76f8\u5173\u5174\u8da3"]', 10, '2006', '院级精品社团', '艺术学院', '乐理基础、弹唱练习、乐队排练、设备分享、路演表演', '2021年草地民谣夜；2023年校园不插电音乐会；2024年原创歌曲征集计划', '64人', '每周2次排练，演出季加练', '微信公众号、QQ/微信群、视频号/小红书');
INSERT INTO recruitment_job (id, club_id, club_name, category, title, description, requirement_tags, slots, established_year, org_level, guidance_unit, main_activities, representative_activities, member_size, activity_frequency, publicity_channels) VALUES (23, 1023, '逐梦电竞社', '全部', '逐梦电竞社核心成员招募', '围绕电子竞技赛事组织、战术交流和行业认知拓展开展活动的青年社团。', '["\u57fa\u7840\u534f\u4f5c", "\u76f8\u5173\u5174\u8da3"]', 10, '2018', '校级社团', '电子信息学院', '校内联赛、OB解说培训、战术复盘、选手交流、行业讲座', '2022年峡谷争霸赛；2023年高校电竞解说体验营；2024年全民电竞嘉年华', '71人', '每周训练赛/交流赛，每学期1次校内联赛', '微信公众号、QQ/微信群、B站/赛事直播群');
INSERT INTO recruitment_job (id, club_id, club_name, category, title, description, requirement_tags, slots, established_year, org_level, guidance_unit, main_activities, representative_activities, member_size, activity_frequency, publicity_channels) VALUES (24, 1024, '木语手作社', '全部', '木语手作社核心成员招募', '以木工、皮具、陶艺等手作体验为主的创意生活社团。', '["\u57fa\u7840\u534f\u4f5c", "\u76f8\u5173\u5174\u8da3"]', 10, '2016', '院级社团', '后勤与劳动教育中心', '手作工坊、材料认知、作品集市、跨社团联名、节日礼物制作', '2022年木作入门月；2023年毕业礼物手作集；2024年校园创意市集', '78人', '双周体验活动，每月养护打卡', '微信公众号、QQ/微信群');
INSERT INTO recruitment_job (id, club_id, club_name, category, title, description, requirement_tags, slots, established_year, org_level, guidance_unit, main_activities, representative_activities, member_size, activity_frequency, publicity_channels) VALUES (25, 1025, '星火创新创业协会', '全部', '星火创新创业协会核心成员招募', '服务创新项目孵化和创业素养培养的实践型社团。', '["\u57fa\u7840\u534f\u4f5c", "\u76f8\u5173\u5174\u8da3"]', 10, '2014', '校级重点社团', '创新创业学院', '创业训练营、项目诊断、投融资分享、校友导师会、路演', '2021年创业者面对面；2023年创新项目加速营；2024年创业计划书工作坊', '85人', '双周分享，每学期1次路演营', '微信公众号、QQ/微信群、飞书/Notion项目群');
INSERT INTO recruitment_job (id, club_id, club_name, category, title, description, requirement_tags, slots, established_year, org_level, guidance_unit, main_activities, representative_activities, member_size, activity_frequency, publicity_channels) VALUES (26, 1026, '博雅历史研究社', '学术', '博雅历史研究社核心成员招募', '面向历史爱好者开展文献阅读、专题研讨和遗址参访的学术社团。', '["\u57fa\u7840\u534f\u4f5c", "\u76f8\u5173\u5174\u8da3"]', 10, '2003', '校级社团', '历史文化学院', '史料共读、专题讲座、博物馆参访、口述史采访、学术写作', '2022年地方史田野调查；2023年博物馆策展志愿项目；2024年近现代史读书季', '92人', '双周研讨，每学期1次田野/参访', '微信公众号、QQ/微信群');
INSERT INTO recruitment_job (id, club_id, club_name, category, title, description, requirement_tags, slots, established_year, org_level, guidance_unit, main_activities, representative_activities, member_size, activity_frequency, publicity_channels) VALUES (27, 1027, '心语心理协会', '公益', '心语心理协会核心成员招募', '以心理健康知识普及、朋辈支持与校园减压活动为重点的服务型社团。', '["\u57fa\u7840\u534f\u4f5c", "\u76f8\u5173\u5174\u8da3"]', 10, '2009', '院级精品社团', '校团委', '心理讲座、减压工作坊、朋辈活动、情绪表达体验、主题宣传', '2021年期末减压周；2023年‘认识情绪’主题月；2024年睡眠与压力管理工作坊', '99人', '每周志愿服务，每月专题活动', '微信公众号、QQ/微信群、打卡小程序');
INSERT INTO recruitment_job (id, club_id, club_name, category, title, description, requirement_tags, slots, established_year, org_level, guidance_unit, main_activities, representative_activities, member_size, activity_frequency, publicity_channels) VALUES (28, 1028, '经纬地理探索社', '学术', '经纬地理探索社核心成员招募', '融合自然地理、人文地理与GIS兴趣交流的学术实践社团。', '["\u57fa\u7840\u534f\u4f5c", "\u76f8\u5173\u5174\u8da3"]', 10, '2011', '校级社团', '历史文化学院', '地图绘制、野外考察、地理影像分享、GIS入门、城市观察', '2022年校园地理观察路线；2023年湿地调查实践；2024年手绘地图作品展', '106人', '双周研讨，每学期1次田野/参访', '微信公众号、QQ/微信群');
INSERT INTO recruitment_job (id, club_id, club_name, category, title, description, requirement_tags, slots, established_year, org_level, guidance_unit, main_activities, representative_activities, member_size, activity_frequency, publicity_channels) VALUES (29, 1029, '法眼法律援助社', '学术', '法眼法律援助社核心成员招募', '在专业指导下开展法治宣传、案例讨论与普法志愿服务的法学社团。', '["\u57fa\u7840\u534f\u4f5c", "\u76f8\u5173\u5174\u8da3"]', 10, '2010', '院级社团', '法学院', '模拟法庭、普法讲座、案例研讨、社区咨询志愿、文书训练', '2021年民法典宣传周；2023年消费者权益普法月；2024年校园反诈专题行动', '113人', '双周案例研讨，每学期1次普法月', '微信公众号、QQ/微信群');
INSERT INTO recruitment_job (id, club_id, club_name, category, title, description, requirement_tags, slots, established_year, org_level, guidance_unit, main_activities, representative_activities, member_size, activity_frequency, publicity_channels) VALUES (30, 1030, '求索数学建模协会', '技术', '求索数学建模协会核心成员招募', '服务数学建模竞赛与数据分析能力培养的学习型社团。', '["\u57fa\u7840\u534f\u4f5c", "\u76f8\u5173\u5174\u8da3"]', 10, '2012', '校级重点社团', '计算机学院', '建模培训、论文复盘、LaTeX教学、组队训练、算法实践', '2022年暑期建模集训；2023年优秀论文分享会；2024年数据建模实战营', '120人', '每周技术例会，每学期1次集训', '微信公众号、QQ/微信群、飞书/Notion项目群');
INSERT INTO recruitment_job (id, club_id, club_name, category, title, description, requirement_tags, slots, established_year, org_level, guidance_unit, main_activities, representative_activities, member_size, activity_frequency, publicity_channels) VALUES (31, 1031, '远航英语演讲社', '全部', '远航英语演讲社核心成员招募', '通过英语演讲、即兴表达和跨文化议题讨论提升语言应用能力。', '["\u57fa\u7840\u534f\u4f5c", "\u76f8\u5173\u5174\u8da3"]', 10, '2004', '校级社团', '外国语学院', '演讲训练、TED模仿、即兴问答、英文主持、跨文化讨论', '2021年英文公众表达周；2023年主题演讲挑战赛；2024年国际传播表达工作坊', '127人', '每周口语活动，每学期1次演讲赛', '微信公众号、QQ/微信群');
INSERT INTO recruitment_job (id, club_id, club_name, category, title, description, requirement_tags, slots, established_year, org_level, guidance_unit, main_activities, representative_activities, member_size, activity_frequency, publicity_channels) VALUES (32, 1032, '丹青美术社', '艺术', '丹青美术社核心成员招募', '开展素描、水彩、插画与展览策划的校园美术社团。', '["\u57fa\u7840\u534f\u4f5c", "\u76f8\u5173\u5174\u8da3"]', 10, '1996', '院级精品社团', '美术学院', '写生、材料技法教学、联展策划、墙绘合作、插画交流', '2022年春日写生计划；2023年校园艺术墙绘项目；2024年毕业作品联展', '134人', '每周创作活动，每学期1次联展', '微信公众号、QQ/微信群、视频号/小红书');
INSERT INTO recruitment_job (id, club_id, club_name, category, title, description, requirement_tags, slots, established_year, org_level, guidance_unit, main_activities, representative_activities, member_size, activity_frequency, publicity_channels) VALUES (33, 1033, '风物民俗社', '全部', '风物民俗社核心成员招募', '关注地方民俗、节庆仪式与非遗传播的文化研究型社团。', '["\u57fa\u7840\u534f\u4f5c", "\u76f8\u5173\u5174\u8da3"]', 10, '2013', '校级社团', '人文学院', '民俗采风、节庆策划、非遗体验、纪录访谈、文化展陈', '2022年二十四节气展；2023年地方戏曲体验日；2024年校园非遗周', '141人', '每月2次常规活动，每学期1次品牌活动', '微信公众号、QQ/微信群');
INSERT INTO recruitment_job (id, club_id, club_name, category, title, description, requirement_tags, slots, established_year, org_level, guidance_unit, main_activities, representative_activities, member_size, activity_frequency, publicity_channels) VALUES (34, 1034, '格物科创实验社', '技术', '格物科创实验社核心成员招募', '鼓励跨学科实验、科学展示与创意原型开发的科创社团。', '["\u57fa\u7840\u534f\u4f5c", "\u76f8\u5173\u5174\u8da3"]', 10, '2017', '院级社团', '计算机学院', '科学小实验、项目孵化、展演答辩、实验安全培训、跨院合作', '2022年科学创意开放日；2023年低成本实验设计赛；2024年跨学科原型展示会', '148人', '每周技术例会，每学期1次集训', '微信公众号、QQ/微信群、飞书/Notion项目群');
INSERT INTO recruitment_job (id, club_id, club_name, category, title, description, requirement_tags, slots, established_year, org_level, guidance_unit, main_activities, representative_activities, member_size, activity_frequency, publicity_channels) VALUES (35, 1035, '星图桌游推理社', '全部', '星图桌游推理社核心成员招募', '以桌面游戏、逻辑推理和社交协作为特色的休闲社团。', '["\u57fa\u7840\u534f\u4f5c", "\u76f8\u5173\u5174\u8da3"]', 10, '2019', '校级重点社团', '学生社团管理中心', '桌游教学、狼人杀/剧本推理、逻辑挑战、主题团建、规则设计', '2022年新生桌游破冰夜；2023年校园推理嘉年华；2024年原创桌游规则征集', '155人', '每周社交局，每学期1次嘉年华', '微信公众号、QQ/微信群');
INSERT INTO recruitment_job (id, club_id, club_name, category, title, description, requirement_tags, slots, established_year, org_level, guidance_unit, main_activities, representative_activities, member_size, activity_frequency, publicity_channels) VALUES (36, 1036, '砺剑国防教育协会', '全部', '砺剑国防教育协会核心成员招募', '围绕国防知识普及、军事技能体验与爱国主义教育开展活动。', '["\u57fa\u7840\u534f\u4f5c", "\u76f8\u5173\u5174\u8da3"]', 10, '2008', '校级社团', '武装部', '国防讲座、队列训练、军事观影、军营参访、征兵宣讲协助', '2021年国防知识竞赛；2023年军事训练体验营；2024年强军主题演讲赛', '162人', '双周训练，每学期1次主题教育周', '微信公众号、QQ/微信群');
INSERT INTO recruitment_job (id, club_id, club_name, category, title, description, requirement_tags, slots, established_year, org_level, guidance_unit, main_activities, representative_activities, member_size, activity_frequency, publicity_channels) VALUES (37, 1037, '蓝海金融投资社', '全部', '蓝海金融投资社核心成员招募', '关注金融市场认知、投资研究与行业实践的经管社团。', '["\u57fa\u7840\u534f\u4f5c", "\u76f8\u5173\u5174\u8da3"]', 10, '2015', '院级精品社团', '经济管理学院', '研报写作、模拟投资、行业分享、企业参访、数据终端培训', '2022年宏观经济观察周；2023年模拟投资挑战赛；2024年ESG投资研究沙龙', '169人', '双周分享，每学期1次挑战赛', '微信公众号、QQ/微信群、飞书/Notion项目群');
INSERT INTO recruitment_job (id, club_id, club_name, category, title, description, requirement_tags, slots, established_year, org_level, guidance_unit, main_activities, representative_activities, member_size, activity_frequency, publicity_channels) VALUES (38, 1038, '青禾乡村振兴协会', '公益', '青禾乡村振兴协会核心成员招募', '聚焦乡村调研、品牌设计与社会实践的服务型社团。', '["\u57fa\u7840\u534f\u4f5c", "\u76f8\u5173\u5174\u8da3"]', 10, '2018', '校级社团', '公共管理学院', '田野调研、品牌策划、助农直播培训、乡创分享、暑期社会实践', '2022年县域农产品调研；2023年助农品牌共创计划；2024年乡村文旅策展实践', '176人', '每月项目推进，寒暑假集中实践', '微信公众号、QQ/微信群');
INSERT INTO recruitment_job (id, club_id, club_name, category, title, description, requirement_tags, slots, established_year, org_level, guidance_unit, main_activities, representative_activities, member_size, activity_frequency, publicity_channels) VALUES (39, 1039, '海棠礼仪主持社', '艺术', '海棠礼仪主持社核心成员招募', '培养主持表达、礼仪服务与大型活动现场执行能力的综合社团。', '["\u57fa\u7840\u534f\u4f5c", "\u76f8\u5173\u5174\u8da3"]', 10, '2007', '院级社团', '校团委', '主持训练、礼仪实务、活动串词写作、形体训练、赛事主持服务', '2021年十佳歌手主持组；2023年校园主持人大赛；2024年毕业典礼礼仪服务', '48人', '每周训练，重要活动季加排', '微信公众号、QQ/微信群');
INSERT INTO recruitment_job (id, club_id, club_name, category, title, description, requirement_tags, slots, established_year, org_level, guidance_unit, main_activities, representative_activities, member_size, activity_frequency, publicity_channels) VALUES (40, 1040, '极客网络安全社', '技术', '极客网络安全社核心成员招募', '围绕网络安全基础、防护意识与CTF竞赛训练开展的技术型社团。', '["\u57fa\u7840\u534f\u4f5c", "\u76f8\u5173\u5174\u8da3"]', 10, '2016', '校级重点社团', '计算机学院', 'CTF训练、漏洞原理学习、安全宣讲、靶场实践、应急演练', '2022年新生安全基础营；2023年校内CTF邀请赛；2024年反钓鱼宣传周', '55人', '每周技术例会，每学期1次集训', '微信公众号、QQ/微信群、飞书/Notion项目群');
INSERT INTO recruitment_job (id, club_id, club_name, category, title, description, requirement_tags, slots, established_year, org_level, guidance_unit, main_activities, representative_activities, member_size, activity_frequency, publicity_channels) VALUES (41, 1041, '春晖教育公益社', '公益', '春晖教育公益社核心成员招募', '面向中小学生开展课业辅导、阅读推广与成长陪伴的公益社团。', '["\u57fa\u7840\u534f\u4f5c", "\u76f8\u5173\u5174\u8da3"]', 10, '2011', '校级社团', '校团委', '周末支教、阅读计划、学业帮扶、绘本活动、家校沟通志愿', '2021年流动图书角项目；2023年暑期阅读陪伴营；2024年社区儿童学习支持计划', '62人', '每周志愿服务，每月专题活动', '微信公众号、QQ/微信群、打卡小程序');
INSERT INTO recruitment_job (id, club_id, club_name, category, title, description, requirement_tags, slots, established_year, org_level, guidance_unit, main_activities, representative_activities, member_size, activity_frequency, publicity_channels) VALUES (42, 1042, '千帆传媒社', '艺术', '千帆传媒社核心成员招募', '承担校园新媒体内容策划、采访写作与视觉传播实践的媒体社团。', '["\u57fa\u7840\u534f\u4f5c", "\u76f8\u5173\u5174\u8da3"]', 10, '2014', '院级精品社团', '新闻与传播学院', '人物采访、短视频制作、公众号运营、摄影采编、热点策划', '2022年校园人物专栏；2023年毕业季纪录短片；2024年校史影像口述计划', '69人', '每周1次例会，每月1次采风/展映', '微信公众号、QQ/微信群、视频号/小红书');
INSERT INTO recruitment_job (id, club_id, club_name, category, title, description, requirement_tags, slots, established_year, org_level, guidance_unit, main_activities, representative_activities, member_size, activity_frequency, publicity_channels) VALUES (43, 1043, '听潮播客与主持社', '艺术', '听潮播客与主持社核心成员招募', '结合播客制作、声音表达和采访叙事的新型传媒社团。', '["\u57fa\u7840\u534f\u4f5c", "\u76f8\u5173\u5174\u8da3"]', 10, '2020', '校级社团', '新闻与传播学院', '播客录制、采访训练、音频剪辑、主题策划、声音展映', '2022年‘新生第一问’播客季；2023年校园人物声景计划；2024年女性成长主题播客月', '76人', '每周1次例会，每月1次采风/展映', '微信公众号、QQ/微信群、视频号/小红书');
INSERT INTO recruitment_job (id, club_id, club_name, category, title, description, requirement_tags, slots, established_year, org_level, guidance_unit, main_activities, representative_activities, member_size, activity_frequency, publicity_channels) VALUES (44, 1044, '霁月茶艺社', '全部', '霁月茶艺社核心成员招募', '传播茶文化、礼仪与审美体验的传统文化生活社团。', '["\u57fa\u7840\u534f\u4f5c", "\u76f8\u5173\u5174\u8da3"]', 10, '2012', '院级社团', '人文学院', '茶席布置、品鉴会、茶史讲读、节气茶会、器具体验', '2021年冬日围炉茶会；2023年宋式点茶体验周；2024年春茶品鉴交流会', '83人', '每月2次常规活动，每学期1次品牌活动', '微信公众号、QQ/微信群');
INSERT INTO recruitment_job (id, club_id, club_name, category, title, description, requirement_tags, slots, established_year, org_level, guidance_unit, main_activities, representative_activities, member_size, activity_frequency, publicity_channels) VALUES (45, 1045, '逐光科幻协会', '全部', '逐光科幻协会核心成员招募', '以科幻文学、影视赏析和未来议题讨论为核心的兴趣社团。', '["\u57fa\u7840\u534f\u4f5c", "\u76f8\u5173\u5174\u8da3"]', 10, '2017', '校级重点社团', '通识教育中心', '科幻阅读会、观影讨论、主题写作、未来技术沙龙、世界观设计', '2022年刘慈欣作品共读月；2023年未来城市设定展；2024年科幻短篇创作赛', '90人', '双周读片/讨论，每学期1次征文或展览', '微信公众号、QQ/微信群、视频号/小红书');
INSERT INTO recruitment_job (id, club_id, club_name, category, title, description, requirement_tags, slots, established_year, org_level, guidance_unit, main_activities, representative_activities, member_size, activity_frequency, publicity_channels) VALUES (46, 1046, '澄怀国画社', '艺术', '澄怀国画社核心成员招募', '聚焦写意花鸟、山水临摹与传统绘画欣赏的艺术社团。', '["\u57fa\u7840\u534f\u4f5c", "\u76f8\u5173\u5174\u8da3"]', 10, '2005', '校级社团', '美术学院', '笔墨训练、临摹交流、国画讲座、节气写生、作品联展', '2022年二十四节气国画册；2023年山水写生周；2024年传统绘画雅集', '97人', '每周创作活动，每学期1次联展', '微信公众号、QQ/微信群、视频号/小红书');
INSERT INTO recruitment_job (id, club_id, club_name, category, title, description, requirement_tags, slots, established_year, org_level, guidance_unit, main_activities, representative_activities, member_size, activity_frequency, publicity_channels) VALUES (47, 1047, '沐风园艺社', '全部', '沐风园艺社核心成员招募', '开展植物养护、校园花圃共建与自然疗愈体验的生活美育社团。', '["\u57fa\u7840\u534f\u4f5c", "\u76f8\u5173\u5174\u8da3"]', 10, '2016', '院级精品社团', '后勤与劳动教育中心', '植物认养、园艺课堂、多肉手作、花圃维护、自然观察', '2022年春季种植计划；2023年校园香草花园共建；2024年植物疗愈体验月', '104人', '双周体验活动，每月养护打卡', '微信公众号、QQ/微信群');
INSERT INTO recruitment_job (id, club_id, club_name, category, title, description, requirement_tags, slots, established_year, org_level, guidance_unit, main_activities, representative_activities, member_size, activity_frequency, publicity_channels) VALUES (48, 1048, '凌波游泳协会', '体育', '凌波游泳协会核心成员招募', '服务游泳爱好者与赛事组织的体育社团，注重安全教育与技术提升。', '["\u57fa\u7840\u534f\u4f5c", "\u76f8\u5173\u5174\u8da3"]', 10, '2001', '校级社团', '体育教学部', '泳姿教学、救生知识培训、趣味接力、泳池适应训练、校内比赛', '2021年新生防溺水宣传；2023年校园泳池接力赛；2024年游泳技能提升营', '111人', '每周2-3次训练，每学期1次比赛', '微信公众号、QQ/微信群、打卡小程序');
INSERT INTO recruitment_job (id, club_id, club_name, category, title, description, requirement_tags, slots, established_year, org_level, guidance_unit, main_activities, representative_activities, member_size, activity_frequency, publicity_channels) VALUES (49, 1049, '青律民乐团', '艺术', '青律民乐团核心成员招募', '以民族器乐合奏与传统音乐传播为主的表演类社团。', '["\u57fa\u7840\u534f\u4f5c", "\u76f8\u5173\u5174\u8da3"]', 10, '1994', '院级社团', '艺术学院', '乐器分部训练、合奏排练、专场演出、民乐普及、校外交流', '2022年端午民乐雅集；2023年国风音乐专场；2024年与舞蹈社联合国风晚会', '118人', '每周2次排练，演出季加练', '微信公众号、QQ/微信群、视频号/小红书');
INSERT INTO recruitment_job (id, club_id, club_name, category, title, description, requirement_tags, slots, established_year, org_level, guidance_unit, main_activities, representative_activities, member_size, activity_frequency, publicity_channels) VALUES (50, 1050, '启程职业发展协会', '全部', '启程职业发展协会核心成员招募', '帮助学生提升求职认知、职业规划与实践能力的成长型社团。', '["\u57fa\u7840\u534f\u4f5c", "\u76f8\u5173\u5174\u8da3"]', 10, '2013', '校级重点社团', '学生就业指导中心', '简历修改、模拟面试、行业分享、校友交流、职业测评', '2021年秋招经验周；2023年咨询与互联网求职公开课；2024年简历诊所与面试日', '125人', '双周讲座/工作坊，求职季高频活动', '微信公众号、QQ/微信群');

INSERT INTO sys_user (id, school_email, password) VALUES (10, 'stu20220001@campus.example.edu', 'Stu@20221037');
INSERT INTO student_resume (user_id, real_name, contact_phone, major, personal_statement, raw_text, structured_data) VALUES (10, '谢晨妍', '199632498596', '土木工程', '我是谢晨妍，来自土木工程专业。我的兴趣爱好包括设计、辩论、摄影，希望能加入贵社团贡献力量。', 'Imported from dataset', '{"skills": "设计、辩论、摄影"}');
INSERT INTO student_profile (user_id, interest_tags, weekly_free_hours, commitment_level, personality_type) VALUES (10, '["设计", "辩论", "摄影"]', 4, 'MED', 'EXPLORER');
INSERT INTO sys_user (id, school_email, password) VALUES (11, 'stu20220002@campus.example.edu', 'Stu@20221074');
INSERT INTO student_resume (user_id, real_name, contact_phone, major, personal_statement, raw_text, structured_data) VALUES (11, '杨亦菲', '155194422722', '建筑学', '我是杨亦菲，来自建筑学专业。我的兴趣爱好包括音乐、设计、辩论，希望能加入贵社团贡献力量。', 'Imported from dataset', '{"skills": "音乐、设计、辩论"}');
INSERT INTO student_profile (user_id, interest_tags, weekly_free_hours, commitment_level, personality_type) VALUES (11, '["音乐", "设计", "辩论"]', 15, 'MED', 'EXPLORER');
INSERT INTO sys_user (id, school_email, password) VALUES (12, 'stu20220003@campus.example.edu', 'Stu@20221111');
INSERT INTO student_resume (user_id, real_name, contact_phone, major, personal_statement, raw_text, structured_data) VALUES (12, '孙睿', '197326858186', '汉语言文学', '我是孙睿，来自汉语言文学专业。我的兴趣爱好包括志愿服务、公益、摄影，希望能加入贵社团贡献力量。', 'Imported from dataset', '{"skills": "志愿服务、公益、摄影"}');
INSERT INTO student_profile (user_id, interest_tags, weekly_free_hours, commitment_level, personality_type) VALUES (12, '["志愿服务", "公益", "摄影"]', 10, 'MED', 'EXPLORER');
INSERT INTO sys_user (id, school_email, password) VALUES (13, 'stu20220004@campus.example.edu', 'Stu@20221148');
INSERT INTO student_resume (user_id, real_name, contact_phone, major, personal_statement, raw_text, structured_data) VALUES (13, '周佳希', '176545135037', '电子信息工程', '我是周佳希，来自电子信息工程专业。我的兴趣爱好包括志愿服务、阅读、短视频，希望能加入贵社团贡献力量。', 'Imported from dataset', '{"skills": "志愿服务、阅读、短视频"}');
INSERT INTO student_profile (user_id, interest_tags, weekly_free_hours, commitment_level, personality_type) VALUES (13, '["志愿服务", "阅读", "短视频"]', 13, 'MED', 'EXPLORER');
INSERT INTO sys_user (id, school_email, password) VALUES (14, 'stu20220005@campus.example.edu', 'Stu@20221185');
INSERT INTO student_resume (user_id, real_name, contact_phone, major, personal_statement, raw_text, structured_data) VALUES (14, '林景熙', '188612689117', '心理学', '我是林景熙，来自心理学专业。我的兴趣爱好包括音乐、绘画、阅读，希望能加入贵社团贡献力量。', 'Imported from dataset', '{"skills": "音乐、绘画、阅读"}');
INSERT INTO student_profile (user_id, interest_tags, weekly_free_hours, commitment_level, personality_type) VALUES (14, '["音乐", "绘画", "阅读"]', 7, 'MED', 'EXPLORER');
INSERT INTO sys_user (id, school_email, password) VALUES (15, 'stu20220006@campus.example.edu', 'Stu@20221222');
INSERT INTO student_resume (user_id, real_name, contact_phone, major, personal_statement, raw_text, structured_data) VALUES (15, '林诺', '134688004155', '市场营销', '我是林诺，来自市场营销专业。我的兴趣爱好包括编程、公益、绘画，希望能加入贵社团贡献力量。', 'Imported from dataset', '{"skills": "编程、公益、绘画"}');
INSERT INTO student_profile (user_id, interest_tags, weekly_free_hours, commitment_level, personality_type) VALUES (15, '["编程", "公益", "绘画"]', 11, 'MED', 'EXPLORER');
INSERT INTO sys_user (id, school_email, password) VALUES (16, 'stu20220007@campus.example.edu', 'Stu@20221259');
INSERT INTO student_resume (user_id, real_name, contact_phone, major, personal_statement, raw_text, structured_data) VALUES (16, '杨文宸', '135120512433', '会计学', '我是杨文宸，来自会计学专业。我的兴趣爱好包括跑步、编程、设计，希望能加入贵社团贡献力量。', 'Imported from dataset', '{"skills": "跑步、编程、设计"}');
INSERT INTO student_profile (user_id, interest_tags, weekly_free_hours, commitment_level, personality_type) VALUES (16, '["跑步", "编程", "设计"]', 14, 'MED', 'EXPLORER');
INSERT INTO sys_user (id, school_email, password) VALUES (17, 'stu20220008@campus.example.edu', 'Stu@20221296');
INSERT INTO student_resume (user_id, real_name, contact_phone, major, personal_statement, raw_text, structured_data) VALUES (17, '萧博', '159157648041', '数学与应用数学', '我是萧博，来自数学与应用数学专业。我的兴趣爱好包括编程、短视频、阅读，希望能加入贵社团贡献力量。', 'Imported from dataset', '{"skills": "编程、短视频、阅读"}');
INSERT INTO student_profile (user_id, interest_tags, weekly_free_hours, commitment_level, personality_type) VALUES (17, '["编程", "短视频", "阅读"]', 7, 'MED', 'EXPLORER');
INSERT INTO sys_user (id, school_email, password) VALUES (18, 'stu20220009@campus.example.edu', 'Stu@20221333');
INSERT INTO student_resume (user_id, real_name, contact_phone, major, personal_statement, raw_text, structured_data) VALUES (18, '周泽', '131894924511', '电子信息工程', '我是周泽，来自电子信息工程专业。我的兴趣爱好包括阅读、跑步、志愿服务，希望能加入贵社团贡献力量。', 'Imported from dataset', '{"skills": "阅读、跑步、志愿服务"}');
INSERT INTO student_profile (user_id, interest_tags, weekly_free_hours, commitment_level, personality_type) VALUES (18, '["阅读", "跑步", "志愿服务"]', 16, 'MED', 'EXPLORER');
INSERT INTO sys_user (id, school_email, password) VALUES (19, 'stu20220010@campus.example.edu', 'Stu@20221370');
INSERT INTO student_resume (user_id, real_name, contact_phone, major, personal_statement, raw_text, structured_data) VALUES (19, '何怡', '156485719206', '数据科学与大数据技术', '我是何怡，来自数据科学与大数据技术专业。我的兴趣爱好包括阅读、绘画、短视频，希望能加入贵社团贡献力量。', 'Imported from dataset', '{"skills": "阅读、绘画、短视频"}');
INSERT INTO student_profile (user_id, interest_tags, weekly_free_hours, commitment_level, personality_type) VALUES (19, '["阅读", "绘画", "短视频"]', 5, 'MED', 'EXPLORER');
INSERT INTO sys_user (id, school_email, password) VALUES (20, 'stu20220011@campus.example.edu', 'Stu@20221407');
INSERT INTO student_resume (user_id, real_name, contact_phone, major, personal_statement, raw_text, structured_data) VALUES (20, '陈宁霖', '171520764609', '金融学', '我是陈宁霖，来自金融学专业。我的兴趣爱好包括摄影、短视频、设计，希望能加入贵社团贡献力量。', 'Imported from dataset', '{"skills": "摄影、短视频、设计"}');
INSERT INTO student_profile (user_id, interest_tags, weekly_free_hours, commitment_level, personality_type) VALUES (20, '["摄影", "短视频", "设计"]', 14, 'MED', 'EXPLORER');
INSERT INTO sys_user (id, school_email, password) VALUES (21, 'stu20220012@campus.example.edu', 'Stu@20221444');
INSERT INTO student_resume (user_id, real_name, contact_phone, major, personal_statement, raw_text, structured_data) VALUES (21, '林文熙', '195538038495', '市场营销', '我是林文熙，来自市场营销专业。我的兴趣爱好包括阅读、短视频、志愿服务，希望能加入贵社团贡献力量。', 'Imported from dataset', '{"skills": "阅读、短视频、志愿服务"}');
INSERT INTO student_profile (user_id, interest_tags, weekly_free_hours, commitment_level, personality_type) VALUES (21, '["阅读", "短视频", "志愿服务"]', 9, 'MED', 'EXPLORER');
INSERT INTO sys_user (id, school_email, password) VALUES (22, 'stu20220013@campus.example.edu', 'Stu@20221481');
INSERT INTO student_resume (user_id, real_name, contact_phone, major, personal_statement, raw_text, structured_data) VALUES (22, '吴安彤', '151189278466', '市场营销', '我是吴安彤，来自市场营销专业。我的兴趣爱好包括跑步、短视频、辩论，希望能加入贵社团贡献力量。', 'Imported from dataset', '{"skills": "跑步、短视频、辩论"}');
INSERT INTO student_profile (user_id, interest_tags, weekly_free_hours, commitment_level, personality_type) VALUES (22, '["跑步", "短视频", "辩论"]', 11, 'MED', 'EXPLORER');
INSERT INTO sys_user (id, school_email, password) VALUES (23, 'stu20220014@campus.example.edu', 'Stu@20221518');
INSERT INTO student_resume (user_id, real_name, contact_phone, major, personal_statement, raw_text, structured_data) VALUES (23, '杨子雯', '175763287381', '人工智能', '我是杨子雯，来自人工智能专业。我的兴趣爱好包括短视频、跑步、摄影，希望能加入贵社团贡献力量。', 'Imported from dataset', '{"skills": "短视频、跑步、摄影"}');
INSERT INTO student_profile (user_id, interest_tags, weekly_free_hours, commitment_level, personality_type) VALUES (23, '["短视频", "跑步", "摄影"]', 12, 'MED', 'EXPLORER');
INSERT INTO sys_user (id, school_email, password) VALUES (24, 'stu20220015@campus.example.edu', 'Stu@20221555');
INSERT INTO student_resume (user_id, real_name, contact_phone, major, personal_statement, raw_text, structured_data) VALUES (24, '冯佳熙', '137392961102', '自动化', '我是冯佳熙，来自自动化专业。我的兴趣爱好包括摄影、辩论、跑步，希望能加入贵社团贡献力量。', 'Imported from dataset', '{"skills": "摄影、辩论、跑步"}');
INSERT INTO student_profile (user_id, interest_tags, weekly_free_hours, commitment_level, personality_type) VALUES (24, '["摄影", "辩论", "跑步"]', 15, 'MED', 'EXPLORER');
INSERT INTO sys_user (id, school_email, password) VALUES (25, 'stu20220016@campus.example.edu', 'Stu@20221592');
INSERT INTO student_resume (user_id, real_name, contact_phone, major, personal_statement, raw_text, structured_data) VALUES (25, '于宇轩', '177680648089', '教育学', '我是于宇轩，来自教育学专业。我的兴趣爱好包括摄影、设计、短视频，希望能加入贵社团贡献力量。', 'Imported from dataset', '{"skills": "摄影、设计、短视频"}');
INSERT INTO student_profile (user_id, interest_tags, weekly_free_hours, commitment_level, personality_type) VALUES (25, '["摄影", "设计", "短视频"]', 10, 'MED', 'EXPLORER');
INSERT INTO sys_user (id, school_email, password) VALUES (26, 'stu20220017@campus.example.edu', 'Stu@20221629');
INSERT INTO student_resume (user_id, real_name, contact_phone, major, personal_statement, raw_text, structured_data) VALUES (26, '徐思航', '175812829279', '人工智能', '我是徐思航，来自人工智能专业。我的兴趣爱好包括公益、跑步、设计，希望能加入贵社团贡献力量。', 'Imported from dataset', '{"skills": "公益、跑步、设计"}');
INSERT INTO student_profile (user_id, interest_tags, weekly_free_hours, commitment_level, personality_type) VALUES (26, '["公益", "跑步", "设计"]', 4, 'MED', 'EXPLORER');
INSERT INTO sys_user (id, school_email, password) VALUES (27, 'stu20220018@campus.example.edu', 'Stu@20221666');
INSERT INTO student_resume (user_id, real_name, contact_phone, major, personal_statement, raw_text, structured_data) VALUES (27, '于宇', '139423212508', '土木工程', '我是于宇，来自土木工程专业。我的兴趣爱好包括公益、辩论、摄影，希望能加入贵社团贡献力量。', 'Imported from dataset', '{"skills": "公益、辩论、摄影"}');
INSERT INTO student_profile (user_id, interest_tags, weekly_free_hours, commitment_level, personality_type) VALUES (27, '["公益", "辩论", "摄影"]', 12, 'MED', 'EXPLORER');
INSERT INTO sys_user (id, school_email, password) VALUES (28, 'stu20220019@campus.example.edu', 'Stu@20221703');
INSERT INTO student_resume (user_id, real_name, contact_phone, major, personal_statement, raw_text, structured_data) VALUES (28, '宋景', '152134033652', '英语', '我是宋景，来自英语专业。我的兴趣爱好包括绘画、短视频、摄影，希望能加入贵社团贡献力量。', 'Imported from dataset', '{"skills": "绘画、短视频、摄影"}');
INSERT INTO student_profile (user_id, interest_tags, weekly_free_hours, commitment_level, personality_type) VALUES (28, '["绘画", "短视频", "摄影"]', 12, 'MED', 'EXPLORER');
INSERT INTO sys_user (id, school_email, password) VALUES (29, 'stu20220020@campus.example.edu', 'Stu@20221740');
INSERT INTO student_resume (user_id, real_name, contact_phone, major, personal_statement, raw_text, structured_data) VALUES (29, '唐怡熙', '134239885808', '电子信息工程', '我是唐怡熙，来自电子信息工程专业。我的兴趣爱好包括阅读、短视频、志愿服务，希望能加入贵社团贡献力量。', 'Imported from dataset', '{"skills": "阅读、短视频、志愿服务"}');
INSERT INTO student_profile (user_id, interest_tags, weekly_free_hours, commitment_level, personality_type) VALUES (29, '["阅读", "短视频", "志愿服务"]', 7, 'MED', 'EXPLORER');
INSERT INTO sys_user (id, school_email, password) VALUES (30, 'stu20220021@campus.example.edu', 'Stu@20221777');
INSERT INTO student_resume (user_id, real_name, contact_phone, major, personal_statement, raw_text, structured_data) VALUES (30, '王浩言', '185266389566', '电子信息工程', '我是王浩言，来自电子信息工程专业。我的兴趣爱好包括阅读、设计、绘画，希望能加入贵社团贡献力量。', 'Imported from dataset', '{"skills": "阅读、设计、绘画"}');
INSERT INTO student_profile (user_id, interest_tags, weekly_free_hours, commitment_level, personality_type) VALUES (30, '["阅读", "设计", "绘画"]', 7, 'MED', 'EXPLORER');
INSERT INTO sys_user (id, school_email, password) VALUES (31, 'stu20220022@campus.example.edu', 'Stu@20221814');
INSERT INTO student_resume (user_id, real_name, contact_phone, major, personal_statement, raw_text, structured_data) VALUES (31, '于诗', '191434161497', '市场营销', '我是于诗，来自市场营销专业。我的兴趣爱好包括摄影、阅读、羽毛球，希望能加入贵社团贡献力量。', 'Imported from dataset', '{"skills": "摄影、阅读、羽毛球"}');
INSERT INTO student_profile (user_id, interest_tags, weekly_free_hours, commitment_level, personality_type) VALUES (31, '["摄影", "阅读", "羽毛球"]', 15, 'MED', 'EXPLORER');
INSERT INTO sys_user (id, school_email, password) VALUES (32, 'stu20220023@campus.example.edu', 'Stu@20221851');
INSERT INTO student_resume (user_id, real_name, contact_phone, major, personal_statement, raw_text, structured_data) VALUES (32, '张清琳', '183321558253', '新闻学', '我是张清琳，来自新闻学专业。我的兴趣爱好包括跑步、阅读、摄影，希望能加入贵社团贡献力量。', 'Imported from dataset', '{"skills": "跑步、阅读、摄影"}');
INSERT INTO student_profile (user_id, interest_tags, weekly_free_hours, commitment_level, personality_type) VALUES (32, '["跑步", "阅读", "摄影"]', 10, 'MED', 'EXPLORER');
INSERT INTO sys_user (id, school_email, password) VALUES (33, 'stu20220024@campus.example.edu', 'Stu@20221888');
INSERT INTO student_resume (user_id, real_name, contact_phone, major, personal_statement, raw_text, structured_data) VALUES (33, '张景珂', '173697142478', '土木工程', '我是张景珂，来自土木工程专业。我的兴趣爱好包括绘画、摄影、阅读，希望能加入贵社团贡献力量。', 'Imported from dataset', '{"skills": "绘画、摄影、阅读"}');
INSERT INTO student_profile (user_id, interest_tags, weekly_free_hours, commitment_level, personality_type) VALUES (33, '["绘画", "摄影", "阅读"]', 7, 'MED', 'EXPLORER');
INSERT INTO sys_user (id, school_email, password) VALUES (34, 'stu20220025@campus.example.edu', 'Stu@20221925');
INSERT INTO student_resume (user_id, real_name, contact_phone, major, personal_statement, raw_text, structured_data) VALUES (34, '罗诗航', '152170021739', '土木工程', '我是罗诗航，来自土木工程专业。我的兴趣爱好包括志愿服务、短视频、阅读，希望能加入贵社团贡献力量。', 'Imported from dataset', '{"skills": "志愿服务、短视频、阅读"}');
INSERT INTO student_profile (user_id, interest_tags, weekly_free_hours, commitment_level, personality_type) VALUES (34, '["志愿服务", "短视频", "阅读"]', 4, 'MED', 'EXPLORER');
INSERT INTO sys_user (id, school_email, password) VALUES (35, 'stu20220026@campus.example.edu', 'Stu@20221962');
INSERT INTO student_resume (user_id, real_name, contact_phone, major, personal_statement, raw_text, structured_data) VALUES (35, '韩欣珂', '134518123714', '软件工程', '我是韩欣珂，来自软件工程专业。我的兴趣爱好包括志愿服务、羽毛球、辩论，希望能加入贵社团贡献力量。', 'Imported from dataset', '{"skills": "志愿服务、羽毛球、辩论"}');
INSERT INTO student_profile (user_id, interest_tags, weekly_free_hours, commitment_level, personality_type) VALUES (35, '["志愿服务", "羽毛球", "辩论"]', 9, 'MED', 'EXPLORER');
INSERT INTO sys_user (id, school_email, password) VALUES (36, 'stu20220027@campus.example.edu', 'Stu@20221999');
INSERT INTO student_resume (user_id, real_name, contact_phone, major, personal_statement, raw_text, structured_data) VALUES (36, '周依彤', '194368364965', '英语', '我是周依彤，来自英语专业。我的兴趣爱好包括短视频、志愿服务、羽毛球，希望能加入贵社团贡献力量。', 'Imported from dataset', '{"skills": "短视频、志愿服务、羽毛球"}');
INSERT INTO student_profile (user_id, interest_tags, weekly_free_hours, commitment_level, personality_type) VALUES (36, '["短视频", "志愿服务", "羽毛球"]', 12, 'MED', 'EXPLORER');
INSERT INTO sys_user (id, school_email, password) VALUES (37, 'stu20220028@campus.example.edu', 'Stu@20222036');
INSERT INTO student_resume (user_id, real_name, contact_phone, major, personal_statement, raw_text, structured_data) VALUES (37, '唐星希', '158033913596', '建筑学', '我是唐星希，来自建筑学专业。我的兴趣爱好包括绘画、公益、编程，希望能加入贵社团贡献力量。', 'Imported from dataset', '{"skills": "绘画、公益、编程"}');
INSERT INTO student_profile (user_id, interest_tags, weekly_free_hours, commitment_level, personality_type) VALUES (37, '["绘画", "公益", "编程"]', 8, 'MED', 'EXPLORER');
INSERT INTO sys_user (id, school_email, password) VALUES (38, 'stu20220029@campus.example.edu', 'Stu@20222073');
INSERT INTO student_resume (user_id, real_name, contact_phone, major, personal_statement, raw_text, structured_data) VALUES (38, '郭晨瑶', '135436401636', '会计学', '我是郭晨瑶，来自会计学专业。我的兴趣爱好包括辩论、编程、音乐，希望能加入贵社团贡献力量。', 'Imported from dataset', '{"skills": "辩论、编程、音乐"}');
INSERT INTO student_profile (user_id, interest_tags, weekly_free_hours, commitment_level, personality_type) VALUES (38, '["辩论", "编程", "音乐"]', 16, 'MED', 'EXPLORER');
INSERT INTO sys_user (id, school_email, password) VALUES (39, 'stu20220030@campus.example.edu', 'Stu@20222110');
INSERT INTO student_resume (user_id, real_name, contact_phone, major, personal_statement, raw_text, structured_data) VALUES (39, '周睿昊', '191666899505', '环境工程', '我是周睿昊，来自环境工程专业。我的兴趣爱好包括羽毛球、设计、短视频，希望能加入贵社团贡献力量。', 'Imported from dataset', '{"skills": "羽毛球、设计、短视频"}');
INSERT INTO student_profile (user_id, interest_tags, weekly_free_hours, commitment_level, personality_type) VALUES (39, '["羽毛球", "设计", "短视频"]', 15, 'MED', 'EXPLORER');
INSERT INTO sys_user (id, school_email, password) VALUES (40, 'stu20220031@campus.example.edu', 'Stu@20222147');
INSERT INTO student_resume (user_id, real_name, contact_phone, major, personal_statement, raw_text, structured_data) VALUES (40, '梁嘉', '193426561694', '汉语言文学', '我是梁嘉，来自汉语言文学专业。我的兴趣爱好包括辩论、羽毛球、阅读，希望能加入贵社团贡献力量。', 'Imported from dataset', '{"skills": "辩论、羽毛球、阅读"}');
INSERT INTO student_profile (user_id, interest_tags, weekly_free_hours, commitment_level, personality_type) VALUES (40, '["辩论", "羽毛球", "阅读"]', 11, 'MED', 'EXPLORER');
INSERT INTO sys_user (id, school_email, password) VALUES (41, 'stu20220032@campus.example.edu', 'Stu@20222184');
INSERT INTO student_resume (user_id, real_name, contact_phone, major, personal_statement, raw_text, structured_data) VALUES (41, '梁星婷', '155345782303', '计算机科学与技术', '我是梁星婷，来自计算机科学与技术专业。我的兴趣爱好包括阅读、跑步、设计，希望能加入贵社团贡献力量。', 'Imported from dataset', '{"skills": "阅读、跑步、设计"}');
INSERT INTO student_profile (user_id, interest_tags, weekly_free_hours, commitment_level, personality_type) VALUES (41, '["阅读", "跑步", "设计"]', 7, 'MED', 'EXPLORER');
INSERT INTO sys_user (id, school_email, password) VALUES (42, 'stu20220033@campus.example.edu', 'Stu@20222221');
INSERT INTO student_resume (user_id, real_name, contact_phone, major, personal_statement, raw_text, structured_data) VALUES (42, '何天诚', '199495267687', '计算机科学与技术', '我是何天诚，来自计算机科学与技术专业。我的兴趣爱好包括设计、摄影、绘画，希望能加入贵社团贡献力量。', 'Imported from dataset', '{"skills": "设计、摄影、绘画"}');
INSERT INTO student_profile (user_id, interest_tags, weekly_free_hours, commitment_level, personality_type) VALUES (42, '["设计", "摄影", "绘画"]', 7, 'MED', 'EXPLORER');
INSERT INTO sys_user (id, school_email, password) VALUES (43, 'stu20220034@campus.example.edu', 'Stu@20222258');
INSERT INTO student_resume (user_id, real_name, contact_phone, major, personal_statement, raw_text, structured_data) VALUES (43, '冯依言', '188987973816', '软件工程', '我是冯依言，来自软件工程专业。我的兴趣爱好包括公益、阅读、设计，希望能加入贵社团贡献力量。', 'Imported from dataset', '{"skills": "公益、阅读、设计"}');
INSERT INTO student_profile (user_id, interest_tags, weekly_free_hours, commitment_level, personality_type) VALUES (43, '["公益", "阅读", "设计"]', 4, 'MED', 'EXPLORER');
INSERT INTO sys_user (id, school_email, password) VALUES (44, 'stu20220035@campus.example.edu', 'Stu@20222295');
INSERT INTO student_resume (user_id, real_name, contact_phone, major, personal_statement, raw_text, structured_data) VALUES (44, '王思', '156781057803', '工商管理', '我是王思，来自工商管理专业。我的兴趣爱好包括编程、跑步、设计，希望能加入贵社团贡献力量。', 'Imported from dataset', '{"skills": "编程、跑步、设计"}');
INSERT INTO student_profile (user_id, interest_tags, weekly_free_hours, commitment_level, personality_type) VALUES (44, '["编程", "跑步", "设计"]', 16, 'MED', 'EXPLORER');
INSERT INTO sys_user (id, school_email, password) VALUES (45, 'stu20220036@campus.example.edu', 'Stu@20222332');
INSERT INTO student_resume (user_id, real_name, contact_phone, major, personal_statement, raw_text, structured_data) VALUES (45, '周诗希', '176815922375', '法学', '我是周诗希，来自法学专业。我的兴趣爱好包括摄影、音乐、辩论，希望能加入贵社团贡献力量。', 'Imported from dataset', '{"skills": "摄影、音乐、辩论"}');
INSERT INTO student_profile (user_id, interest_tags, weekly_free_hours, commitment_level, personality_type) VALUES (45, '["摄影", "音乐", "辩论"]', 16, 'MED', 'EXPLORER');
INSERT INTO sys_user (id, school_email, password) VALUES (46, 'stu20220037@campus.example.edu', 'Stu@20222369');
INSERT INTO student_resume (user_id, real_name, contact_phone, major, personal_statement, raw_text, structured_data) VALUES (46, '宋嘉', '197138402382', '金融学', '我是宋嘉，来自金融学专业。我的兴趣爱好包括编程、设计、阅读，希望能加入贵社团贡献力量。', 'Imported from dataset', '{"skills": "编程、设计、阅读"}');
INSERT INTO student_profile (user_id, interest_tags, weekly_free_hours, commitment_level, personality_type) VALUES (46, '["编程", "设计", "阅读"]', 12, 'MED', 'EXPLORER');
INSERT INTO sys_user (id, school_email, password) VALUES (47, 'stu20220038@campus.example.edu', 'Stu@20222406');
INSERT INTO student_resume (user_id, real_name, contact_phone, major, personal_statement, raw_text, structured_data) VALUES (47, '张嘉琳', '173320043324', '工商管理', '我是张嘉琳，来自工商管理专业。我的兴趣爱好包括绘画、跑步、设计，希望能加入贵社团贡献力量。', 'Imported from dataset', '{"skills": "绘画、跑步、设计"}');
INSERT INTO student_profile (user_id, interest_tags, weekly_free_hours, commitment_level, personality_type) VALUES (47, '["绘画", "跑步", "设计"]', 12, 'MED', 'EXPLORER');
INSERT INTO sys_user (id, school_email, password) VALUES (48, 'stu20220039@campus.example.edu', 'Stu@20222443');
INSERT INTO student_resume (user_id, real_name, contact_phone, major, personal_statement, raw_text, structured_data) VALUES (48, '孙晨', '137294377516', '历史学', '我是孙晨，来自历史学专业。我的兴趣爱好包括辩论、音乐、羽毛球，希望能加入贵社团贡献力量。', 'Imported from dataset', '{"skills": "辩论、音乐、羽毛球"}');
INSERT INTO student_profile (user_id, interest_tags, weekly_free_hours, commitment_level, personality_type) VALUES (48, '["辩论", "音乐", "羽毛球"]', 8, 'MED', 'EXPLORER');
INSERT INTO sys_user (id, school_email, password) VALUES (49, 'stu20220040@campus.example.edu', 'Stu@20222480');
INSERT INTO student_resume (user_id, real_name, contact_phone, major, personal_statement, raw_text, structured_data) VALUES (49, '张睿', '181059938984', '心理学', '我是张睿，来自心理学专业。我的兴趣爱好包括羽毛球、绘画、音乐，希望能加入贵社团贡献力量。', 'Imported from dataset', '{"skills": "羽毛球、绘画、音乐"}');
INSERT INTO student_profile (user_id, interest_tags, weekly_free_hours, commitment_level, personality_type) VALUES (49, '["羽毛球", "绘画", "音乐"]', 11, 'MED', 'EXPLORER');
INSERT INTO sys_user (id, school_email, password) VALUES (50, 'stu20220041@campus.example.edu', 'Stu@20222517');
INSERT INTO student_resume (user_id, real_name, contact_phone, major, personal_statement, raw_text, structured_data) VALUES (50, '何泽霖', '171114591549', '统计学', '我是何泽霖，来自统计学专业。我的兴趣爱好包括编程、设计、跑步，希望能加入贵社团贡献力量。', 'Imported from dataset', '{"skills": "编程、设计、跑步"}');
INSERT INTO student_profile (user_id, interest_tags, weekly_free_hours, commitment_level, personality_type) VALUES (50, '["编程", "设计", "跑步"]', 11, 'MED', 'EXPLORER');
INSERT INTO sys_user (id, school_email, password) VALUES (51, 'stu20220042@campus.example.edu', 'Stu@20222554');
INSERT INTO student_resume (user_id, real_name, contact_phone, major, personal_statement, raw_text, structured_data) VALUES (51, '韩一言', '134611428876', '电子信息工程', '我是韩一言，来自电子信息工程专业。我的兴趣爱好包括志愿服务、阅读、短视频，希望能加入贵社团贡献力量。', 'Imported from dataset', '{"skills": "志愿服务、阅读、短视频"}');
INSERT INTO student_profile (user_id, interest_tags, weekly_free_hours, commitment_level, personality_type) VALUES (51, '["志愿服务", "阅读", "短视频"]', 12, 'MED', 'EXPLORER');
INSERT INTO sys_user (id, school_email, password) VALUES (52, 'stu20220043@campus.example.edu', 'Stu@20222591');
INSERT INTO student_resume (user_id, real_name, contact_phone, major, personal_statement, raw_text, structured_data) VALUES (52, '郑雨宸', '191962145632', '数据科学与大数据技术', '我是郑雨宸，来自数据科学与大数据技术专业。我的兴趣爱好包括辩论、音乐、羽毛球，希望能加入贵社团贡献力量。', 'Imported from dataset', '{"skills": "辩论、音乐、羽毛球"}');
INSERT INTO student_profile (user_id, interest_tags, weekly_free_hours, commitment_level, personality_type) VALUES (52, '["辩论", "音乐", "羽毛球"]', 11, 'MED', 'EXPLORER');
INSERT INTO sys_user (id, school_email, password) VALUES (53, 'stu20220044@campus.example.edu', 'Stu@20222628');
INSERT INTO student_resume (user_id, real_name, contact_phone, major, personal_statement, raw_text, structured_data) VALUES (53, '韩依远', '193123165852', '土木工程', '我是韩依远，来自土木工程专业。我的兴趣爱好包括摄影、公益、短视频，希望能加入贵社团贡献力量。', 'Imported from dataset', '{"skills": "摄影、公益、短视频"}');
INSERT INTO student_profile (user_id, interest_tags, weekly_free_hours, commitment_level, personality_type) VALUES (53, '["摄影", "公益", "短视频"]', 11, 'MED', 'EXPLORER');
INSERT INTO sys_user (id, school_email, password) VALUES (54, 'stu20220045@campus.example.edu', 'Stu@20222665');
INSERT INTO student_resume (user_id, real_name, contact_phone, major, personal_statement, raw_text, structured_data) VALUES (54, '林子婷', '192914992875', '生物工程', '我是林子婷，来自生物工程专业。我的兴趣爱好包括绘画、设计、阅读，希望能加入贵社团贡献力量。', 'Imported from dataset', '{"skills": "绘画、设计、阅读"}');
INSERT INTO student_profile (user_id, interest_tags, weekly_free_hours, commitment_level, personality_type) VALUES (54, '["绘画", "设计", "阅读"]', 4, 'MED', 'EXPLORER');
INSERT INTO sys_user (id, school_email, password) VALUES (55, 'stu20220046@campus.example.edu', 'Stu@20222702');
INSERT INTO student_resume (user_id, real_name, contact_phone, major, personal_statement, raw_text, structured_data) VALUES (55, '郭子', '135510172409', '数学与应用数学', '我是郭子，来自数学与应用数学专业。我的兴趣爱好包括阅读、编程、跑步，希望能加入贵社团贡献力量。', 'Imported from dataset', '{"skills": "阅读、编程、跑步"}');
INSERT INTO student_profile (user_id, interest_tags, weekly_free_hours, commitment_level, personality_type) VALUES (55, '["阅读", "编程", "跑步"]', 14, 'MED', 'EXPLORER');
INSERT INTO sys_user (id, school_email, password) VALUES (56, 'stu20220047@campus.example.edu', 'Stu@20222739');
INSERT INTO student_resume (user_id, real_name, contact_phone, major, personal_statement, raw_text, structured_data) VALUES (56, '黄清熙', '159632399967', '教育学', '我是黄清熙，来自教育学专业。我的兴趣爱好包括公益、跑步、编程，希望能加入贵社团贡献力量。', 'Imported from dataset', '{"skills": "公益、跑步、编程"}');
INSERT INTO student_profile (user_id, interest_tags, weekly_free_hours, commitment_level, personality_type) VALUES (56, '["公益", "跑步", "编程"]', 10, 'MED', 'EXPLORER');
INSERT INTO sys_user (id, school_email, password) VALUES (57, 'stu20220048@campus.example.edu', 'Stu@20222776');
INSERT INTO student_resume (user_id, real_name, contact_phone, major, personal_statement, raw_text, structured_data) VALUES (57, '朱睿', '134814778758', '金融学', '我是朱睿，来自金融学专业。我的兴趣爱好包括设计、阅读、志愿服务，希望能加入贵社团贡献力量。', 'Imported from dataset', '{"skills": "设计、阅读、志愿服务"}');
INSERT INTO student_profile (user_id, interest_tags, weekly_free_hours, commitment_level, personality_type) VALUES (57, '["设计", "阅读", "志愿服务"]', 13, 'MED', 'EXPLORER');
INSERT INTO sys_user (id, school_email, password) VALUES (58, 'stu20220049@campus.example.edu', 'Stu@20222813');
INSERT INTO student_resume (user_id, real_name, contact_phone, major, personal_statement, raw_text, structured_data) VALUES (58, '萧可', '153962558109', '传播学', '我是萧可，来自传播学专业。我的兴趣爱好包括羽毛球、公益、跑步，希望能加入贵社团贡献力量。', 'Imported from dataset', '{"skills": "羽毛球、公益、跑步"}');
INSERT INTO student_profile (user_id, interest_tags, weekly_free_hours, commitment_level, personality_type) VALUES (58, '["羽毛球", "公益", "跑步"]', 7, 'MED', 'EXPLORER');
INSERT INTO sys_user (id, school_email, password) VALUES (59, 'stu20220050@campus.example.edu', 'Stu@20222850');
INSERT INTO student_resume (user_id, real_name, contact_phone, major, personal_statement, raw_text, structured_data) VALUES (59, '周明昊', '153281313111', '金融学', '我是周明昊，来自金融学专业。我的兴趣爱好包括跑步、志愿服务、编程，希望能加入贵社团贡献力量。', 'Imported from dataset', '{"skills": "跑步、志愿服务、编程"}');
INSERT INTO student_profile (user_id, interest_tags, weekly_free_hours, commitment_level, personality_type) VALUES (59, '["跑步", "志愿服务", "编程"]', 4, 'MED', 'EXPLORER');
INSERT INTO sys_user (id, school_email, password) VALUES (60, 'stu20230051@campus.example.edu', 'Stu@20232887');
INSERT INTO student_resume (user_id, real_name, contact_phone, major, personal_statement, raw_text, structured_data) VALUES (60, '朱星希', '157697782198', '市场营销', '我是朱星希，来自市场营销专业。我的兴趣爱好包括阅读、志愿服务、羽毛球，希望能加入贵社团贡献力量。', 'Imported from dataset', '{"skills": "阅读、志愿服务、羽毛球"}');
INSERT INTO student_profile (user_id, interest_tags, weekly_free_hours, commitment_level, personality_type) VALUES (60, '["阅读", "志愿服务", "羽毛球"]', 6, 'MED', 'EXPLORER');
INSERT INTO sys_user (id, school_email, password) VALUES (61, 'stu20230052@campus.example.edu', 'Stu@20232924');
INSERT INTO student_resume (user_id, real_name, contact_phone, major, personal_statement, raw_text, structured_data) VALUES (61, '林清言', '152546333338', '金融学', '我是林清言，来自金融学专业。我的兴趣爱好包括跑步、短视频、编程，希望能加入贵社团贡献力量。', 'Imported from dataset', '{"skills": "跑步、短视频、编程"}');
INSERT INTO student_profile (user_id, interest_tags, weekly_free_hours, commitment_level, personality_type) VALUES (61, '["跑步", "短视频", "编程"]', 8, 'MED', 'EXPLORER');
INSERT INTO sys_user (id, school_email, password) VALUES (62, 'stu20230053@campus.example.edu', 'Stu@20232961');
INSERT INTO student_resume (user_id, real_name, contact_phone, major, personal_statement, raw_text, structured_data) VALUES (62, '陈可', '159081674922', '软件工程', '我是陈可，来自软件工程专业。我的兴趣爱好包括设计、摄影、跑步，希望能加入贵社团贡献力量。', 'Imported from dataset', '{"skills": "设计、摄影、跑步"}');
INSERT INTO student_profile (user_id, interest_tags, weekly_free_hours, commitment_level, personality_type) VALUES (62, '["设计", "摄影", "跑步"]', 6, 'MED', 'EXPLORER');
INSERT INTO sys_user (id, school_email, password) VALUES (63, 'stu20230054@campus.example.edu', 'Stu@20232998');
INSERT INTO student_resume (user_id, real_name, contact_phone, major, personal_statement, raw_text, structured_data) VALUES (63, '林清辰', '177466256837', '人工智能', '我是林清辰，来自人工智能专业。我的兴趣爱好包括绘画、摄影、跑步，希望能加入贵社团贡献力量。', 'Imported from dataset', '{"skills": "绘画、摄影、跑步"}');
INSERT INTO student_profile (user_id, interest_tags, weekly_free_hours, commitment_level, personality_type) VALUES (63, '["绘画", "摄影", "跑步"]', 11, 'MED', 'EXPLORER');
INSERT INTO sys_user (id, school_email, password) VALUES (64, 'stu20230055@campus.example.edu', 'Stu@20233035');
INSERT INTO student_resume (user_id, real_name, contact_phone, major, personal_statement, raw_text, structured_data) VALUES (64, '何明', '139135436086', '传播学', '我是何明，来自传播学专业。我的兴趣爱好包括公益、绘画、摄影，希望能加入贵社团贡献力量。', 'Imported from dataset', '{"skills": "公益、绘画、摄影"}');
INSERT INTO student_profile (user_id, interest_tags, weekly_free_hours, commitment_level, personality_type) VALUES (64, '["公益", "绘画", "摄影"]', 12, 'MED', 'EXPLORER');
INSERT INTO sys_user (id, school_email, password) VALUES (65, 'stu20230056@campus.example.edu', 'Stu@20233072');
INSERT INTO student_resume (user_id, real_name, contact_phone, major, personal_statement, raw_text, structured_data) VALUES (65, '郑怡雯', '179823145613', '建筑学', '我是郑怡雯，来自建筑学专业。我的兴趣爱好包括音乐、短视频、跑步，希望能加入贵社团贡献力量。', 'Imported from dataset', '{"skills": "音乐、短视频、跑步"}');
INSERT INTO student_profile (user_id, interest_tags, weekly_free_hours, commitment_level, personality_type) VALUES (65, '["音乐", "短视频", "跑步"]', 16, 'MED', 'EXPLORER');
INSERT INTO sys_user (id, school_email, password) VALUES (66, 'stu20230057@campus.example.edu', 'Stu@20233109');
INSERT INTO student_resume (user_id, real_name, contact_phone, major, personal_statement, raw_text, structured_data) VALUES (66, '唐思熙', '199291578710', '生物工程', '我是唐思熙，来自生物工程专业。我的兴趣爱好包括跑步、短视频、设计，希望能加入贵社团贡献力量。', 'Imported from dataset', '{"skills": "跑步、短视频、设计"}');
INSERT INTO student_profile (user_id, interest_tags, weekly_free_hours, commitment_level, personality_type) VALUES (66, '["跑步", "短视频", "设计"]', 9, 'MED', 'EXPLORER');
INSERT INTO sys_user (id, school_email, password) VALUES (67, 'stu20230058@campus.example.edu', 'Stu@20233146');
INSERT INTO student_resume (user_id, real_name, contact_phone, major, personal_statement, raw_text, structured_data) VALUES (67, '吴雨', '133085812843', '人工智能', '我是吴雨，来自人工智能专业。我的兴趣爱好包括公益、志愿服务、阅读，希望能加入贵社团贡献力量。', 'Imported from dataset', '{"skills": "公益、志愿服务、阅读"}');
INSERT INTO student_profile (user_id, interest_tags, weekly_free_hours, commitment_level, personality_type) VALUES (67, '["公益", "志愿服务", "阅读"]', 14, 'MED', 'EXPLORER');
INSERT INTO sys_user (id, school_email, password) VALUES (68, 'stu20230059@campus.example.edu', 'Stu@20233183');
INSERT INTO student_resume (user_id, real_name, contact_phone, major, personal_statement, raw_text, structured_data) VALUES (68, '吴俊', '199441926654', '电子信息工程', '我是吴俊，来自电子信息工程专业。我的兴趣爱好包括羽毛球、志愿服务、辩论，希望能加入贵社团贡献力量。', 'Imported from dataset', '{"skills": "羽毛球、志愿服务、辩论"}');
INSERT INTO student_profile (user_id, interest_tags, weekly_free_hours, commitment_level, personality_type) VALUES (68, '["羽毛球", "志愿服务", "辩论"]', 6, 'MED', 'EXPLORER');
INSERT INTO sys_user (id, school_email, password) VALUES (69, 'stu20230060@campus.example.edu', 'Stu@20233220');
INSERT INTO student_resume (user_id, real_name, contact_phone, major, personal_statement, raw_text, structured_data) VALUES (69, '张可菲', '153552054128', '新闻学', '我是张可菲，来自新闻学专业。我的兴趣爱好包括志愿服务、摄影、公益，希望能加入贵社团贡献力量。', 'Imported from dataset', '{"skills": "志愿服务、摄影、公益"}');
INSERT INTO student_profile (user_id, interest_tags, weekly_free_hours, commitment_level, personality_type) VALUES (69, '["志愿服务", "摄影", "公益"]', 12, 'MED', 'EXPLORER');
INSERT INTO sys_user (id, school_email, password) VALUES (70, 'stu20230061@campus.example.edu', 'Stu@20233257');
INSERT INTO student_resume (user_id, real_name, contact_phone, major, personal_statement, raw_text, structured_data) VALUES (70, '董宇宸', '177358679234', '土木工程', '我是董宇宸，来自土木工程专业。我的兴趣爱好包括公益、设计、摄影，希望能加入贵社团贡献力量。', 'Imported from dataset', '{"skills": "公益、设计、摄影"}');
INSERT INTO student_profile (user_id, interest_tags, weekly_free_hours, commitment_level, personality_type) VALUES (70, '["公益", "设计", "摄影"]', 12, 'MED', 'EXPLORER');
INSERT INTO sys_user (id, school_email, password) VALUES (71, 'stu20230062@campus.example.edu', 'Stu@20233294');
INSERT INTO student_resume (user_id, real_name, contact_phone, major, personal_statement, raw_text, structured_data) VALUES (71, '林泽', '158498407755', '生物工程', '我是林泽，来自生物工程专业。我的兴趣爱好包括编程、辩论、绘画，希望能加入贵社团贡献力量。', 'Imported from dataset', '{"skills": "编程、辩论、绘画"}');
INSERT INTO student_profile (user_id, interest_tags, weekly_free_hours, commitment_level, personality_type) VALUES (71, '["编程", "辩论", "绘画"]', 16, 'MED', 'EXPLORER');
INSERT INTO sys_user (id, school_email, password) VALUES (72, 'stu20230063@campus.example.edu', 'Stu@20233331');
INSERT INTO student_resume (user_id, real_name, contact_phone, major, personal_statement, raw_text, structured_data) VALUES (72, '韩可轩', '156083664428', '新闻学', '我是韩可轩，来自新闻学专业。我的兴趣爱好包括公益、志愿服务、音乐，希望能加入贵社团贡献力量。', 'Imported from dataset', '{"skills": "公益、志愿服务、音乐"}');
INSERT INTO student_profile (user_id, interest_tags, weekly_free_hours, commitment_level, personality_type) VALUES (72, '["公益", "志愿服务", "音乐"]', 15, 'MED', 'EXPLORER');
INSERT INTO sys_user (id, school_email, password) VALUES (73, 'stu20230064@campus.example.edu', 'Stu@20233368');
INSERT INTO student_resume (user_id, real_name, contact_phone, major, personal_statement, raw_text, structured_data) VALUES (73, '何嘉霖', '191884796172', '传播学', '我是何嘉霖，来自传播学专业。我的兴趣爱好包括跑步、编程、辩论，希望能加入贵社团贡献力量。', 'Imported from dataset', '{"skills": "跑步、编程、辩论"}');
INSERT INTO student_profile (user_id, interest_tags, weekly_free_hours, commitment_level, personality_type) VALUES (73, '["跑步", "编程", "辩论"]', 9, 'MED', 'EXPLORER');
INSERT INTO sys_user (id, school_email, password) VALUES (74, 'stu20230065@campus.example.edu', 'Stu@20233405');
INSERT INTO student_resume (user_id, real_name, contact_phone, major, personal_statement, raw_text, structured_data) VALUES (74, '郑俊洋', '157485792303', '会计学', '我是郑俊洋，来自会计学专业。我的兴趣爱好包括短视频、音乐、摄影，希望能加入贵社团贡献力量。', 'Imported from dataset', '{"skills": "短视频、音乐、摄影"}');
INSERT INTO student_profile (user_id, interest_tags, weekly_free_hours, commitment_level, personality_type) VALUES (74, '["短视频", "音乐", "摄影"]', 13, 'MED', 'EXPLORER');
INSERT INTO sys_user (id, school_email, password) VALUES (75, 'stu20230066@campus.example.edu', 'Stu@20233442');
INSERT INTO student_resume (user_id, real_name, contact_phone, major, personal_statement, raw_text, structured_data) VALUES (75, '宋雨昊', '182327273265', '汉语言文学', '我是宋雨昊，来自汉语言文学专业。我的兴趣爱好包括短视频、辩论、羽毛球，希望能加入贵社团贡献力量。', 'Imported from dataset', '{"skills": "短视频、辩论、羽毛球"}');
INSERT INTO student_profile (user_id, interest_tags, weekly_free_hours, commitment_level, personality_type) VALUES (75, '["短视频", "辩论", "羽毛球"]', 5, 'MED', 'EXPLORER');
INSERT INTO sys_user (id, school_email, password) VALUES (76, 'stu20230067@campus.example.edu', 'Stu@20233479');
INSERT INTO student_resume (user_id, real_name, contact_phone, major, personal_statement, raw_text, structured_data) VALUES (76, '郑博菲', '132264409257', '机械设计制造及其自动化', '我是郑博菲，来自机械设计制造及其自动化专业。我的兴趣爱好包括编程、短视频、公益，希望能加入贵社团贡献力量。', 'Imported from dataset', '{"skills": "编程、短视频、公益"}');
INSERT INTO student_profile (user_id, interest_tags, weekly_free_hours, commitment_level, personality_type) VALUES (76, '["编程", "短视频", "公益"]', 14, 'MED', 'EXPLORER');
INSERT INTO sys_user (id, school_email, password) VALUES (77, 'stu20230068@campus.example.edu', 'Stu@20233516');
INSERT INTO student_resume (user_id, real_name, contact_phone, major, personal_statement, raw_text, structured_data) VALUES (77, '李诗轩', '199421642486', '市场营销', '我是李诗轩，来自市场营销专业。我的兴趣爱好包括阅读、公益、编程，希望能加入贵社团贡献力量。', 'Imported from dataset', '{"skills": "阅读、公益、编程"}');
INSERT INTO student_profile (user_id, interest_tags, weekly_free_hours, commitment_level, personality_type) VALUES (77, '["阅读", "公益", "编程"]', 5, 'MED', 'EXPLORER');
INSERT INTO sys_user (id, school_email, password) VALUES (78, 'stu20230069@campus.example.edu', 'Stu@20233553');
INSERT INTO student_resume (user_id, real_name, contact_phone, major, personal_statement, raw_text, structured_data) VALUES (78, '郑安霖', '194577932796', '机械设计制造及其自动化', '我是郑安霖，来自机械设计制造及其自动化专业。我的兴趣爱好包括辩论、编程、公益，希望能加入贵社团贡献力量。', 'Imported from dataset', '{"skills": "辩论、编程、公益"}');
INSERT INTO student_profile (user_id, interest_tags, weekly_free_hours, commitment_level, personality_type) VALUES (78, '["辩论", "编程", "公益"]', 7, 'MED', 'EXPLORER');
INSERT INTO sys_user (id, school_email, password) VALUES (79, 'stu20230070@campus.example.edu', 'Stu@20233590');
INSERT INTO student_resume (user_id, real_name, contact_phone, major, personal_statement, raw_text, structured_data) VALUES (79, '唐浩宸', '179580034073', '软件工程', '我是唐浩宸，来自软件工程专业。我的兴趣爱好包括志愿服务、编程、阅读，希望能加入贵社团贡献力量。', 'Imported from dataset', '{"skills": "志愿服务、编程、阅读"}');
INSERT INTO student_profile (user_id, interest_tags, weekly_free_hours, commitment_level, personality_type) VALUES (79, '["志愿服务", "编程", "阅读"]', 16, 'MED', 'EXPLORER');
INSERT INTO sys_user (id, school_email, password) VALUES (80, 'stu20230071@campus.example.edu', 'Stu@20233627');
INSERT INTO student_resume (user_id, real_name, contact_phone, major, personal_statement, raw_text, structured_data) VALUES (80, '高佳', '157213028251', '法学', '我是高佳，来自法学专业。我的兴趣爱好包括辩论、跑步、阅读，希望能加入贵社团贡献力量。', 'Imported from dataset', '{"skills": "辩论、跑步、阅读"}');
INSERT INTO student_profile (user_id, interest_tags, weekly_free_hours, commitment_level, personality_type) VALUES (80, '["辩论", "跑步", "阅读"]', 6, 'MED', 'EXPLORER');
INSERT INTO sys_user (id, school_email, password) VALUES (81, 'stu20230072@campus.example.edu', 'Stu@20233664');
INSERT INTO student_resume (user_id, real_name, contact_phone, major, personal_statement, raw_text, structured_data) VALUES (81, '高嘉', '174786504951', '心理学', '我是高嘉，来自心理学专业。我的兴趣爱好包括音乐、短视频、绘画，希望能加入贵社团贡献力量。', 'Imported from dataset', '{"skills": "音乐、短视频、绘画"}');
INSERT INTO student_profile (user_id, interest_tags, weekly_free_hours, commitment_level, personality_type) VALUES (81, '["音乐", "短视频", "绘画"]', 14, 'MED', 'EXPLORER');
INSERT INTO sys_user (id, school_email, password) VALUES (82, 'stu20230073@campus.example.edu', 'Stu@20233701');
INSERT INTO student_resume (user_id, real_name, contact_phone, major, personal_statement, raw_text, structured_data) VALUES (82, '吴宁', '151066844752', '会计学', '我是吴宁，来自会计学专业。我的兴趣爱好包括志愿服务、羽毛球、跑步，希望能加入贵社团贡献力量。', 'Imported from dataset', '{"skills": "志愿服务、羽毛球、跑步"}');
INSERT INTO student_profile (user_id, interest_tags, weekly_free_hours, commitment_level, personality_type) VALUES (82, '["志愿服务", "羽毛球", "跑步"]', 12, 'MED', 'EXPLORER');
INSERT INTO sys_user (id, school_email, password) VALUES (83, 'stu20230074@campus.example.edu', 'Stu@20233738');
INSERT INTO student_resume (user_id, real_name, contact_phone, major, personal_statement, raw_text, structured_data) VALUES (83, '林俊', '174028711516', '数据科学与大数据技术', '我是林俊，来自数据科学与大数据技术专业。我的兴趣爱好包括羽毛球、阅读、辩论，希望能加入贵社团贡献力量。', 'Imported from dataset', '{"skills": "羽毛球、阅读、辩论"}');
INSERT INTO student_profile (user_id, interest_tags, weekly_free_hours, commitment_level, personality_type) VALUES (83, '["羽毛球", "阅读", "辩论"]', 9, 'MED', 'EXPLORER');
INSERT INTO sys_user (id, school_email, password) VALUES (84, 'stu20230075@campus.example.edu', 'Stu@20233775');
INSERT INTO student_resume (user_id, real_name, contact_phone, major, personal_statement, raw_text, structured_data) VALUES (84, '谢可', '172477167980', '工商管理', '我是谢可，来自工商管理专业。我的兴趣爱好包括跑步、羽毛球、绘画，希望能加入贵社团贡献力量。', 'Imported from dataset', '{"skills": "跑步、羽毛球、绘画"}');
INSERT INTO student_profile (user_id, interest_tags, weekly_free_hours, commitment_level, personality_type) VALUES (84, '["跑步", "羽毛球", "绘画"]', 15, 'MED', 'EXPLORER');
INSERT INTO sys_user (id, school_email, password) VALUES (85, 'stu20230076@campus.example.edu', 'Stu@20233812');
INSERT INTO student_resume (user_id, real_name, contact_phone, major, personal_statement, raw_text, structured_data) VALUES (85, '黄安', '156773505067', '软件工程', '我是黄安，来自软件工程专业。我的兴趣爱好包括音乐、编程、志愿服务，希望能加入贵社团贡献力量。', 'Imported from dataset', '{"skills": "音乐、编程、志愿服务"}');
INSERT INTO student_profile (user_id, interest_tags, weekly_free_hours, commitment_level, personality_type) VALUES (85, '["音乐", "编程", "志愿服务"]', 14, 'MED', 'EXPLORER');
INSERT INTO sys_user (id, school_email, password) VALUES (86, 'stu20230077@campus.example.edu', 'Stu@20233849');
INSERT INTO student_resume (user_id, real_name, contact_phone, major, personal_statement, raw_text, structured_data) VALUES (86, '吴思', '173737344708', '统计学', '我是吴思，来自统计学专业。我的兴趣爱好包括短视频、跑步、设计，希望能加入贵社团贡献力量。', 'Imported from dataset', '{"skills": "短视频、跑步、设计"}');
INSERT INTO student_profile (user_id, interest_tags, weekly_free_hours, commitment_level, personality_type) VALUES (86, '["短视频", "跑步", "设计"]', 10, 'MED', 'EXPLORER');
INSERT INTO sys_user (id, school_email, password) VALUES (87, 'stu20230078@campus.example.edu', 'Stu@20233886');
INSERT INTO student_resume (user_id, real_name, contact_phone, major, personal_statement, raw_text, structured_data) VALUES (87, '王景菲', '137860656938', '会计学', '我是王景菲，来自会计学专业。我的兴趣爱好包括阅读、绘画、跑步，希望能加入贵社团贡献力量。', 'Imported from dataset', '{"skills": "阅读、绘画、跑步"}');
INSERT INTO student_profile (user_id, interest_tags, weekly_free_hours, commitment_level, personality_type) VALUES (87, '["阅读", "绘画", "跑步"]', 6, 'MED', 'EXPLORER');
INSERT INTO sys_user (id, school_email, password) VALUES (88, 'stu20230079@campus.example.edu', 'Stu@20233923');
INSERT INTO student_resume (user_id, real_name, contact_phone, major, personal_statement, raw_text, structured_data) VALUES (88, '吴可瑶', '172966913909', '统计学', '我是吴可瑶，来自统计学专业。我的兴趣爱好包括绘画、音乐、编程，希望能加入贵社团贡献力量。', 'Imported from dataset', '{"skills": "绘画、音乐、编程"}');
INSERT INTO student_profile (user_id, interest_tags, weekly_free_hours, commitment_level, personality_type) VALUES (88, '["绘画", "音乐", "编程"]', 12, 'MED', 'EXPLORER');
INSERT INTO sys_user (id, school_email, password) VALUES (89, 'stu20230080@campus.example.edu', 'Stu@20233960');
INSERT INTO student_resume (user_id, real_name, contact_phone, major, personal_statement, raw_text, structured_data) VALUES (89, '谢思瑶', '188915365677', '生物工程', '我是谢思瑶，来自生物工程专业。我的兴趣爱好包括音乐、阅读、羽毛球，希望能加入贵社团贡献力量。', 'Imported from dataset', '{"skills": "音乐、阅读、羽毛球"}');
INSERT INTO student_profile (user_id, interest_tags, weekly_free_hours, commitment_level, personality_type) VALUES (89, '["音乐", "阅读", "羽毛球"]', 7, 'MED', 'EXPLORER');
INSERT INTO sys_user (id, school_email, password) VALUES (90, 'stu20230081@campus.example.edu', 'Stu@20233997');
INSERT INTO student_resume (user_id, real_name, contact_phone, major, personal_statement, raw_text, structured_data) VALUES (90, '萧嘉珂', '186214642417', '数学与应用数学', '我是萧嘉珂，来自数学与应用数学专业。我的兴趣爱好包括阅读、绘画、编程，希望能加入贵社团贡献力量。', 'Imported from dataset', '{"skills": "阅读、绘画、编程"}');
INSERT INTO student_profile (user_id, interest_tags, weekly_free_hours, commitment_level, personality_type) VALUES (90, '["阅读", "绘画", "编程"]', 11, 'MED', 'EXPLORER');
INSERT INTO sys_user (id, school_email, password) VALUES (91, 'stu20230082@campus.example.edu', 'Stu@20234034');
INSERT INTO student_resume (user_id, real_name, contact_phone, major, personal_statement, raw_text, structured_data) VALUES (91, '杨明', '131581508518', '工商管理', '我是杨明，来自工商管理专业。我的兴趣爱好包括志愿服务、绘画、设计，希望能加入贵社团贡献力量。', 'Imported from dataset', '{"skills": "志愿服务、绘画、设计"}');
INSERT INTO student_profile (user_id, interest_tags, weekly_free_hours, commitment_level, personality_type) VALUES (91, '["志愿服务", "绘画", "设计"]', 14, 'MED', 'EXPLORER');
INSERT INTO sys_user (id, school_email, password) VALUES (92, 'stu20230083@campus.example.edu', 'Stu@20234071');
INSERT INTO student_resume (user_id, real_name, contact_phone, major, personal_statement, raw_text, structured_data) VALUES (92, '王诺', '156959482371', '自动化', '我是王诺，来自自动化专业。我的兴趣爱好包括摄影、音乐、设计，希望能加入贵社团贡献力量。', 'Imported from dataset', '{"skills": "摄影、音乐、设计"}');
INSERT INTO student_profile (user_id, interest_tags, weekly_free_hours, commitment_level, personality_type) VALUES (92, '["摄影", "音乐", "设计"]', 6, 'MED', 'EXPLORER');
INSERT INTO sys_user (id, school_email, password) VALUES (93, 'stu20230084@campus.example.edu', 'Stu@20234108');
INSERT INTO student_resume (user_id, real_name, contact_phone, major, personal_statement, raw_text, structured_data) VALUES (93, '张晨', '136531637009', '新闻学', '我是张晨，来自新闻学专业。我的兴趣爱好包括短视频、设计、音乐，希望能加入贵社团贡献力量。', 'Imported from dataset', '{"skills": "短视频、设计、音乐"}');
INSERT INTO student_profile (user_id, interest_tags, weekly_free_hours, commitment_level, personality_type) VALUES (93, '["短视频", "设计", "音乐"]', 9, 'MED', 'EXPLORER');
INSERT INTO sys_user (id, school_email, password) VALUES (94, 'stu20230085@campus.example.edu', 'Stu@20234145');
INSERT INTO student_resume (user_id, real_name, contact_phone, major, personal_statement, raw_text, structured_data) VALUES (94, '何怡', '179179494436', '建筑学', '我是何怡，来自建筑学专业。我的兴趣爱好包括摄影、设计、阅读，希望能加入贵社团贡献力量。', 'Imported from dataset', '{"skills": "摄影、设计、阅读"}');
INSERT INTO student_profile (user_id, interest_tags, weekly_free_hours, commitment_level, personality_type) VALUES (94, '["摄影", "设计", "阅读"]', 9, 'MED', 'EXPLORER');
INSERT INTO sys_user (id, school_email, password) VALUES (95, 'stu20230086@campus.example.edu', 'Stu@20234182');
INSERT INTO student_resume (user_id, real_name, contact_phone, major, personal_statement, raw_text, structured_data) VALUES (95, '刘卓雅', '196496351507', '统计学', '我是刘卓雅，来自统计学专业。我的兴趣爱好包括摄影、绘画、辩论，希望能加入贵社团贡献力量。', 'Imported from dataset', '{"skills": "摄影、绘画、辩论"}');
INSERT INTO student_profile (user_id, interest_tags, weekly_free_hours, commitment_level, personality_type) VALUES (95, '["摄影", "绘画", "辩论"]', 6, 'MED', 'EXPLORER');
INSERT INTO sys_user (id, school_email, password) VALUES (96, 'stu20230087@campus.example.edu', 'Stu@20234219');
INSERT INTO student_resume (user_id, real_name, contact_phone, major, personal_statement, raw_text, structured_data) VALUES (96, '于宁彤', '187131052774', '金融学', '我是于宁彤，来自金融学专业。我的兴趣爱好包括辩论、摄影、编程，希望能加入贵社团贡献力量。', 'Imported from dataset', '{"skills": "辩论、摄影、编程"}');
INSERT INTO student_profile (user_id, interest_tags, weekly_free_hours, commitment_level, personality_type) VALUES (96, '["辩论", "摄影", "编程"]', 12, 'MED', 'EXPLORER');
INSERT INTO sys_user (id, school_email, password) VALUES (97, 'stu20230088@campus.example.edu', 'Stu@20234256');
INSERT INTO student_resume (user_id, real_name, contact_phone, major, personal_statement, raw_text, structured_data) VALUES (97, '刘怡诚', '199852246987', '英语', '我是刘怡诚，来自英语专业。我的兴趣爱好包括志愿服务、羽毛球、设计，希望能加入贵社团贡献力量。', 'Imported from dataset', '{"skills": "志愿服务、羽毛球、设计"}');
INSERT INTO student_profile (user_id, interest_tags, weekly_free_hours, commitment_level, personality_type) VALUES (97, '["志愿服务", "羽毛球", "设计"]', 10, 'MED', 'EXPLORER');
INSERT INTO sys_user (id, school_email, password) VALUES (98, 'stu20230089@campus.example.edu', 'Stu@20234293');
INSERT INTO student_resume (user_id, real_name, contact_phone, major, personal_statement, raw_text, structured_data) VALUES (98, '陈文珂', '159120549157', '市场营销', '我是陈文珂，来自市场营销专业。我的兴趣爱好包括设计、音乐、羽毛球，希望能加入贵社团贡献力量。', 'Imported from dataset', '{"skills": "设计、音乐、羽毛球"}');
INSERT INTO student_profile (user_id, interest_tags, weekly_free_hours, commitment_level, personality_type) VALUES (98, '["设计", "音乐", "羽毛球"]', 13, 'MED', 'EXPLORER');
INSERT INTO sys_user (id, school_email, password) VALUES (99, 'stu20230090@campus.example.edu', 'Stu@20234330');
INSERT INTO student_resume (user_id, real_name, contact_phone, major, personal_statement, raw_text, structured_data) VALUES (99, '张泽远', '197640627426', '机械设计制造及其自动化', '我是张泽远，来自机械设计制造及其自动化专业。我的兴趣爱好包括摄影、绘画、编程，希望能加入贵社团贡献力量。', 'Imported from dataset', '{"skills": "摄影、绘画、编程"}');
INSERT INTO student_profile (user_id, interest_tags, weekly_free_hours, commitment_level, personality_type) VALUES (99, '["摄影", "绘画", "编程"]', 10, 'MED', 'EXPLORER');
INSERT INTO sys_user (id, school_email, password) VALUES (100, 'stu20230091@campus.example.edu', 'Stu@20234367');
INSERT INTO student_resume (user_id, real_name, contact_phone, major, personal_statement, raw_text, structured_data) VALUES (100, '周宁霖', '181537501105', '会计学', '我是周宁霖，来自会计学专业。我的兴趣爱好包括辩论、设计、公益，希望能加入贵社团贡献力量。', 'Imported from dataset', '{"skills": "辩论、设计、公益"}');
INSERT INTO student_profile (user_id, interest_tags, weekly_free_hours, commitment_level, personality_type) VALUES (100, '["辩论", "设计", "公益"]', 11, 'MED', 'EXPLORER');
INSERT INTO sys_user (id, school_email, password) VALUES (101, 'stu20230092@campus.example.edu', 'Stu@20234404');
INSERT INTO student_resume (user_id, real_name, contact_phone, major, personal_statement, raw_text, structured_data) VALUES (101, '宋浩言', '153448179352', '英语', '我是宋浩言，来自英语专业。我的兴趣爱好包括摄影、阅读、辩论，希望能加入贵社团贡献力量。', 'Imported from dataset', '{"skills": "摄影、阅读、辩论"}');
INSERT INTO student_profile (user_id, interest_tags, weekly_free_hours, commitment_level, personality_type) VALUES (101, '["摄影", "阅读", "辩论"]', 7, 'MED', 'EXPLORER');
INSERT INTO sys_user (id, school_email, password) VALUES (102, 'stu20230093@campus.example.edu', 'Stu@20234441');
INSERT INTO student_resume (user_id, real_name, contact_phone, major, personal_statement, raw_text, structured_data) VALUES (102, '董博', '186433908146', '生物工程', '我是董博，来自生物工程专业。我的兴趣爱好包括短视频、绘画、公益，希望能加入贵社团贡献力量。', 'Imported from dataset', '{"skills": "短视频、绘画、公益"}');
INSERT INTO student_profile (user_id, interest_tags, weekly_free_hours, commitment_level, personality_type) VALUES (102, '["短视频", "绘画", "公益"]', 9, 'MED', 'EXPLORER');
INSERT INTO sys_user (id, school_email, password) VALUES (103, 'stu20230094@campus.example.edu', 'Stu@20234478');
INSERT INTO student_resume (user_id, real_name, contact_phone, major, personal_statement, raw_text, structured_data) VALUES (103, '郑文', '135051862196', '工商管理', '我是郑文，来自工商管理专业。我的兴趣爱好包括公益、绘画、辩论，希望能加入贵社团贡献力量。', 'Imported from dataset', '{"skills": "公益、绘画、辩论"}');
INSERT INTO student_profile (user_id, interest_tags, weekly_free_hours, commitment_level, personality_type) VALUES (103, '["公益", "绘画", "辩论"]', 15, 'MED', 'EXPLORER');
INSERT INTO sys_user (id, school_email, password) VALUES (104, 'stu20230095@campus.example.edu', 'Stu@20234515');
INSERT INTO student_resume (user_id, real_name, contact_phone, major, personal_statement, raw_text, structured_data) VALUES (104, '胡清', '197251344971', '机械设计制造及其自动化', '我是胡清，来自机械设计制造及其自动化专业。我的兴趣爱好包括绘画、摄影、跑步，希望能加入贵社团贡献力量。', 'Imported from dataset', '{"skills": "绘画、摄影、跑步"}');
INSERT INTO student_profile (user_id, interest_tags, weekly_free_hours, commitment_level, personality_type) VALUES (104, '["绘画", "摄影", "跑步"]', 12, 'MED', 'EXPLORER');
INSERT INTO sys_user (id, school_email, password) VALUES (105, 'stu20230096@campus.example.edu', 'Stu@20234552');
INSERT INTO student_resume (user_id, real_name, contact_phone, major, personal_statement, raw_text, structured_data) VALUES (105, '黄思', '152655418753', '机械设计制造及其自动化', '我是黄思，来自机械设计制造及其自动化专业。我的兴趣爱好包括音乐、短视频、绘画，希望能加入贵社团贡献力量。', 'Imported from dataset', '{"skills": "音乐、短视频、绘画"}');
INSERT INTO student_profile (user_id, interest_tags, weekly_free_hours, commitment_level, personality_type) VALUES (105, '["音乐", "短视频", "绘画"]', 15, 'MED', 'EXPLORER');
INSERT INTO sys_user (id, school_email, password) VALUES (106, 'stu20230097@campus.example.edu', 'Stu@20234589');
INSERT INTO student_resume (user_id, real_name, contact_phone, major, personal_statement, raw_text, structured_data) VALUES (106, '冯宇然', '194412259504', '数据科学与大数据技术', '我是冯宇然，来自数据科学与大数据技术专业。我的兴趣爱好包括摄影、短视频、音乐，希望能加入贵社团贡献力量。', 'Imported from dataset', '{"skills": "摄影、短视频、音乐"}');
INSERT INTO student_profile (user_id, interest_tags, weekly_free_hours, commitment_level, personality_type) VALUES (106, '["摄影", "短视频", "音乐"]', 5, 'MED', 'EXPLORER');
INSERT INTO sys_user (id, school_email, password) VALUES (107, 'stu20230098@campus.example.edu', 'Stu@20234626');
INSERT INTO student_resume (user_id, real_name, contact_phone, major, personal_statement, raw_text, structured_data) VALUES (107, '宋若', '173438517811', '机械设计制造及其自动化', '我是宋若，来自机械设计制造及其自动化专业。我的兴趣爱好包括羽毛球、短视频、志愿服务，希望能加入贵社团贡献力量。', 'Imported from dataset', '{"skills": "羽毛球、短视频、志愿服务"}');
INSERT INTO student_profile (user_id, interest_tags, weekly_free_hours, commitment_level, personality_type) VALUES (107, '["羽毛球", "短视频", "志愿服务"]', 14, 'MED', 'EXPLORER');
INSERT INTO sys_user (id, school_email, password) VALUES (108, 'stu20230099@campus.example.edu', 'Stu@20234663');
INSERT INTO student_resume (user_id, real_name, contact_phone, major, personal_statement, raw_text, structured_data) VALUES (108, '郑浩雯', '187734987100', '电子信息工程', '我是郑浩雯，来自电子信息工程专业。我的兴趣爱好包括跑步、辩论、短视频，希望能加入贵社团贡献力量。', 'Imported from dataset', '{"skills": "跑步、辩论、短视频"}');
INSERT INTO student_profile (user_id, interest_tags, weekly_free_hours, commitment_level, personality_type) VALUES (108, '["跑步", "辩论", "短视频"]', 14, 'MED', 'EXPLORER');
INSERT INTO sys_user (id, school_email, password) VALUES (109, 'stu20230100@campus.example.edu', 'Stu@20234700');
INSERT INTO student_resume (user_id, real_name, contact_phone, major, personal_statement, raw_text, structured_data) VALUES (109, '郑雨琪', '137615826194', '计算机科学与技术', '我是郑雨琪，来自计算机科学与技术专业。我的兴趣爱好包括阅读、摄影、短视频，希望能加入贵社团贡献力量。', 'Imported from dataset', '{"skills": "阅读、摄影、短视频"}');
INSERT INTO student_profile (user_id, interest_tags, weekly_free_hours, commitment_level, personality_type) VALUES (109, '["阅读", "摄影", "短视频"]', 8, 'MED', 'EXPLORER');
INSERT INTO sys_user (id, school_email, password) VALUES (110, 'stu20240101@campus.example.edu', 'Stu@20244737');
INSERT INTO student_resume (user_id, real_name, contact_phone, major, personal_statement, raw_text, structured_data) VALUES (110, '刘佳希', '181944852677', '建筑学', '我是刘佳希，来自建筑学专业。我的兴趣爱好包括跑步、摄影、短视频，希望能加入贵社团贡献力量。', 'Imported from dataset', '{"skills": "跑步、摄影、短视频"}');
INSERT INTO student_profile (user_id, interest_tags, weekly_free_hours, commitment_level, personality_type) VALUES (110, '["跑步", "摄影", "短视频"]', 6, 'MED', 'EXPLORER');
INSERT INTO sys_user (id, school_email, password) VALUES (111, 'stu20240102@campus.example.edu', 'Stu@20244774');
INSERT INTO student_resume (user_id, real_name, contact_phone, major, personal_statement, raw_text, structured_data) VALUES (111, '孙睿萌', '139761405750', '法学', '我是孙睿萌，来自法学专业。我的兴趣爱好包括羽毛球、短视频、绘画，希望能加入贵社团贡献力量。', 'Imported from dataset', '{"skills": "羽毛球、短视频、绘画"}');
INSERT INTO student_profile (user_id, interest_tags, weekly_free_hours, commitment_level, personality_type) VALUES (111, '["羽毛球", "短视频", "绘画"]', 8, 'MED', 'EXPLORER');
INSERT INTO sys_user (id, school_email, password) VALUES (112, 'stu20240103@campus.example.edu', 'Stu@20244811');
INSERT INTO student_resume (user_id, real_name, contact_phone, major, personal_statement, raw_text, structured_data) VALUES (112, '罗亦萌', '197790386663', '电子信息工程', '我是罗亦萌，来自电子信息工程专业。我的兴趣爱好包括志愿服务、短视频、羽毛球，希望能加入贵社团贡献力量。', 'Imported from dataset', '{"skills": "志愿服务、短视频、羽毛球"}');
INSERT INTO student_profile (user_id, interest_tags, weekly_free_hours, commitment_level, personality_type) VALUES (112, '["志愿服务", "短视频", "羽毛球"]', 6, 'MED', 'EXPLORER');
INSERT INTO sys_user (id, school_email, password) VALUES (113, 'stu20240104@campus.example.edu', 'Stu@20244848');
INSERT INTO student_resume (user_id, real_name, contact_phone, major, personal_statement, raw_text, structured_data) VALUES (113, '唐若', '152071034341', '市场营销', '我是唐若，来自市场营销专业。我的兴趣爱好包括编程、跑步、绘画，希望能加入贵社团贡献力量。', 'Imported from dataset', '{"skills": "编程、跑步、绘画"}');
INSERT INTO student_profile (user_id, interest_tags, weekly_free_hours, commitment_level, personality_type) VALUES (113, '["编程", "跑步", "绘画"]', 16, 'MED', 'EXPLORER');
INSERT INTO sys_user (id, school_email, password) VALUES (114, 'stu20240105@campus.example.edu', 'Stu@20244885');
INSERT INTO student_resume (user_id, real_name, contact_phone, major, personal_statement, raw_text, structured_data) VALUES (114, '于诺涵', '183859745770', '法学', '我是于诺涵，来自法学专业。我的兴趣爱好包括绘画、音乐、辩论，希望能加入贵社团贡献力量。', 'Imported from dataset', '{"skills": "绘画、音乐、辩论"}');
INSERT INTO student_profile (user_id, interest_tags, weekly_free_hours, commitment_level, personality_type) VALUES (114, '["绘画", "音乐", "辩论"]', 6, 'MED', 'EXPLORER');
INSERT INTO sys_user (id, school_email, password) VALUES (115, 'stu20240106@campus.example.edu', 'Stu@20244922');
INSERT INTO student_resume (user_id, real_name, contact_phone, major, personal_statement, raw_text, structured_data) VALUES (115, '徐欣诚', '189887308410', '数据科学与大数据技术', '我是徐欣诚，来自数据科学与大数据技术专业。我的兴趣爱好包括摄影、辩论、编程，希望能加入贵社团贡献力量。', 'Imported from dataset', '{"skills": "摄影、辩论、编程"}');
INSERT INTO student_profile (user_id, interest_tags, weekly_free_hours, commitment_level, personality_type) VALUES (115, '["摄影", "辩论", "编程"]', 13, 'MED', 'EXPLORER');
INSERT INTO sys_user (id, school_email, password) VALUES (116, 'stu20240107@campus.example.edu', 'Stu@20244959');
INSERT INTO student_resume (user_id, real_name, contact_phone, major, personal_statement, raw_text, structured_data) VALUES (116, '黄文', '182286473707', '英语', '我是黄文，来自英语专业。我的兴趣爱好包括阅读、羽毛球、短视频，希望能加入贵社团贡献力量。', 'Imported from dataset', '{"skills": "阅读、羽毛球、短视频"}');
INSERT INTO student_profile (user_id, interest_tags, weekly_free_hours, commitment_level, personality_type) VALUES (116, '["阅读", "羽毛球", "短视频"]', 10, 'MED', 'EXPLORER');
INSERT INTO sys_user (id, school_email, password) VALUES (117, 'stu20240108@campus.example.edu', 'Stu@20244996');
INSERT INTO student_resume (user_id, real_name, contact_phone, major, personal_statement, raw_text, structured_data) VALUES (117, '陈星诚', '156127102402', '工商管理', '我是陈星诚，来自工商管理专业。我的兴趣爱好包括辩论、羽毛球、摄影，希望能加入贵社团贡献力量。', 'Imported from dataset', '{"skills": "辩论、羽毛球、摄影"}');
INSERT INTO student_profile (user_id, interest_tags, weekly_free_hours, commitment_level, personality_type) VALUES (117, '["辩论", "羽毛球", "摄影"]', 14, 'MED', 'EXPLORER');
INSERT INTO sys_user (id, school_email, password) VALUES (118, 'stu20240109@campus.example.edu', 'Stu@20245033');
INSERT INTO student_resume (user_id, real_name, contact_phone, major, personal_statement, raw_text, structured_data) VALUES (118, '李景', '153164061751', '机械设计制造及其自动化', '我是李景，来自机械设计制造及其自动化专业。我的兴趣爱好包括编程、公益、辩论，希望能加入贵社团贡献力量。', 'Imported from dataset', '{"skills": "编程、公益、辩论"}');
INSERT INTO student_profile (user_id, interest_tags, weekly_free_hours, commitment_level, personality_type) VALUES (118, '["编程", "公益", "辩论"]', 11, 'MED', 'EXPLORER');
INSERT INTO sys_user (id, school_email, password) VALUES (119, 'stu20240110@campus.example.edu', 'Stu@20245070');
INSERT INTO student_resume (user_id, real_name, contact_phone, major, personal_statement, raw_text, structured_data) VALUES (119, '徐明', '133243187082', '生物工程', '我是徐明，来自生物工程专业。我的兴趣爱好包括阅读、公益、摄影，希望能加入贵社团贡献力量。', 'Imported from dataset', '{"skills": "阅读、公益、摄影"}');
INSERT INTO student_profile (user_id, interest_tags, weekly_free_hours, commitment_level, personality_type) VALUES (119, '["阅读", "公益", "摄影"]', 5, 'MED', 'EXPLORER');
INSERT INTO sys_user (id, school_email, password) VALUES (120, 'stu20240111@campus.example.edu', 'Stu@20245107');
INSERT INTO student_resume (user_id, real_name, contact_phone, major, personal_statement, raw_text, structured_data) VALUES (120, '于安洋', '187194399844', '新闻学', '我是于安洋，来自新闻学专业。我的兴趣爱好包括音乐、短视频、跑步，希望能加入贵社团贡献力量。', 'Imported from dataset', '{"skills": "音乐、短视频、跑步"}');
INSERT INTO student_profile (user_id, interest_tags, weekly_free_hours, commitment_level, personality_type) VALUES (120, '["音乐", "短视频", "跑步"]', 10, 'MED', 'EXPLORER');
INSERT INTO sys_user (id, school_email, password) VALUES (121, 'stu20240112@campus.example.edu', 'Stu@20245144');
INSERT INTO student_resume (user_id, real_name, contact_phone, major, personal_statement, raw_text, structured_data) VALUES (121, '郑泽萌', '188195256123', '教育学', '我是郑泽萌，来自教育学专业。我的兴趣爱好包括阅读、羽毛球、短视频，希望能加入贵社团贡献力量。', 'Imported from dataset', '{"skills": "阅读、羽毛球、短视频"}');
INSERT INTO student_profile (user_id, interest_tags, weekly_free_hours, commitment_level, personality_type) VALUES (121, '["阅读", "羽毛球", "短视频"]', 14, 'MED', 'EXPLORER');
INSERT INTO sys_user (id, school_email, password) VALUES (122, 'stu20240113@campus.example.edu', 'Stu@20245181');
INSERT INTO student_resume (user_id, real_name, contact_phone, major, personal_statement, raw_text, structured_data) VALUES (122, '王怡菲', '187125431499', '金融学', '我是王怡菲，来自金融学专业。我的兴趣爱好包括音乐、摄影、跑步，希望能加入贵社团贡献力量。', 'Imported from dataset', '{"skills": "音乐、摄影、跑步"}');
INSERT INTO student_profile (user_id, interest_tags, weekly_free_hours, commitment_level, personality_type) VALUES (122, '["音乐", "摄影", "跑步"]', 16, 'MED', 'EXPLORER');
INSERT INTO sys_user (id, school_email, password) VALUES (123, 'stu20240114@campus.example.edu', 'Stu@20245218');
INSERT INTO student_resume (user_id, real_name, contact_phone, major, personal_statement, raw_text, structured_data) VALUES (123, '王怡宸', '133778361474', '数学与应用数学', '我是王怡宸，来自数学与应用数学专业。我的兴趣爱好包括辩论、羽毛球、音乐，希望能加入贵社团贡献力量。', 'Imported from dataset', '{"skills": "辩论、羽毛球、音乐"}');
INSERT INTO student_profile (user_id, interest_tags, weekly_free_hours, commitment_level, personality_type) VALUES (123, '["辩论", "羽毛球", "音乐"]', 6, 'MED', 'EXPLORER');
INSERT INTO sys_user (id, school_email, password) VALUES (124, 'stu20240115@campus.example.edu', 'Stu@20245255');
INSERT INTO student_resume (user_id, real_name, contact_phone, major, personal_statement, raw_text, structured_data) VALUES (124, '杨可雯', '139672294140', '金融学', '我是杨可雯，来自金融学专业。我的兴趣爱好包括羽毛球、辩论、音乐，希望能加入贵社团贡献力量。', 'Imported from dataset', '{"skills": "羽毛球、辩论、音乐"}');
INSERT INTO student_profile (user_id, interest_tags, weekly_free_hours, commitment_level, personality_type) VALUES (124, '["羽毛球", "辩论", "音乐"]', 4, 'MED', 'EXPLORER');
INSERT INTO sys_user (id, school_email, password) VALUES (125, 'stu20240116@campus.example.edu', 'Stu@20245292');
INSERT INTO student_resume (user_id, real_name, contact_phone, major, personal_statement, raw_text, structured_data) VALUES (125, '李明希', '179557401444', '电子信息工程', '我是李明希，来自电子信息工程专业。我的兴趣爱好包括编程、辩论、短视频，希望能加入贵社团贡献力量。', 'Imported from dataset', '{"skills": "编程、辩论、短视频"}');
INSERT INTO student_profile (user_id, interest_tags, weekly_free_hours, commitment_level, personality_type) VALUES (125, '["编程", "辩论", "短视频"]', 5, 'MED', 'EXPLORER');
INSERT INTO sys_user (id, school_email, password) VALUES (126, 'stu20240117@campus.example.edu', 'Stu@20245329');
INSERT INTO student_resume (user_id, real_name, contact_phone, major, personal_statement, raw_text, structured_data) VALUES (126, '冯怡航', '159561882593', '机械设计制造及其自动化', '我是冯怡航，来自机械设计制造及其自动化专业。我的兴趣爱好包括摄影、短视频、绘画，希望能加入贵社团贡献力量。', 'Imported from dataset', '{"skills": "摄影、短视频、绘画"}');
INSERT INTO student_profile (user_id, interest_tags, weekly_free_hours, commitment_level, personality_type) VALUES (126, '["摄影", "短视频", "绘画"]', 15, 'MED', 'EXPLORER');
INSERT INTO sys_user (id, school_email, password) VALUES (127, 'stu20240118@campus.example.edu', 'Stu@20245366');
INSERT INTO student_resume (user_id, real_name, contact_phone, major, personal_statement, raw_text, structured_data) VALUES (127, '董景琪', '189284171049', '人工智能', '我是董景琪，来自人工智能专业。我的兴趣爱好包括阅读、公益、设计，希望能加入贵社团贡献力量。', 'Imported from dataset', '{"skills": "阅读、公益、设计"}');
INSERT INTO student_profile (user_id, interest_tags, weekly_free_hours, commitment_level, personality_type) VALUES (127, '["阅读", "公益", "设计"]', 13, 'MED', 'EXPLORER');
INSERT INTO sys_user (id, school_email, password) VALUES (128, 'stu20240119@campus.example.edu', 'Stu@20245403');
INSERT INTO student_resume (user_id, real_name, contact_phone, major, personal_statement, raw_text, structured_data) VALUES (128, '刘欣婷', '193032985846', '电子信息工程', '我是刘欣婷，来自电子信息工程专业。我的兴趣爱好包括摄影、阅读、辩论，希望能加入贵社团贡献力量。', 'Imported from dataset', '{"skills": "摄影、阅读、辩论"}');
INSERT INTO student_profile (user_id, interest_tags, weekly_free_hours, commitment_level, personality_type) VALUES (128, '["摄影", "阅读", "辩论"]', 11, 'MED', 'EXPLORER');
INSERT INTO sys_user (id, school_email, password) VALUES (129, 'stu20240120@campus.example.edu', 'Stu@20245440');
INSERT INTO student_resume (user_id, real_name, contact_phone, major, personal_statement, raw_text, structured_data) VALUES (129, '高可霖', '156656461137', '法学', '我是高可霖，来自法学专业。我的兴趣爱好包括绘画、辩论、公益，希望能加入贵社团贡献力量。', 'Imported from dataset', '{"skills": "绘画、辩论、公益"}');
INSERT INTO student_profile (user_id, interest_tags, weekly_free_hours, commitment_level, personality_type) VALUES (129, '["绘画", "辩论", "公益"]', 7, 'MED', 'EXPLORER');
INSERT INTO sys_user (id, school_email, password) VALUES (130, 'stu20240121@campus.example.edu', 'Stu@20245477');
INSERT INTO student_resume (user_id, real_name, contact_phone, major, personal_statement, raw_text, structured_data) VALUES (130, '张文', '134843888893', '电子信息工程', '我是张文，来自电子信息工程专业。我的兴趣爱好包括阅读、音乐、志愿服务，希望能加入贵社团贡献力量。', 'Imported from dataset', '{"skills": "阅读、音乐、志愿服务"}');
INSERT INTO student_profile (user_id, interest_tags, weekly_free_hours, commitment_level, personality_type) VALUES (130, '["阅读", "音乐", "志愿服务"]', 10, 'MED', 'EXPLORER');
INSERT INTO sys_user (id, school_email, password) VALUES (131, 'stu20240122@campus.example.edu', 'Stu@20245514');
INSERT INTO student_resume (user_id, real_name, contact_phone, major, personal_statement, raw_text, structured_data) VALUES (131, '何怡', '187244704471', '数学与应用数学', '我是何怡，来自数学与应用数学专业。我的兴趣爱好包括设计、辩论、音乐，希望能加入贵社团贡献力量。', 'Imported from dataset', '{"skills": "设计、辩论、音乐"}');
INSERT INTO student_profile (user_id, interest_tags, weekly_free_hours, commitment_level, personality_type) VALUES (131, '["设计", "辩论", "音乐"]', 6, 'MED', 'EXPLORER');
INSERT INTO sys_user (id, school_email, password) VALUES (132, 'stu20240123@campus.example.edu', 'Stu@20245551');
INSERT INTO student_resume (user_id, real_name, contact_phone, major, personal_statement, raw_text, structured_data) VALUES (132, '孙诗霏', '196884747648', '自动化', '我是孙诗霏，来自自动化专业。我的兴趣爱好包括辩论、短视频、摄影，希望能加入贵社团贡献力量。', 'Imported from dataset', '{"skills": "辩论、短视频、摄影"}');
INSERT INTO student_profile (user_id, interest_tags, weekly_free_hours, commitment_level, personality_type) VALUES (132, '["辩论", "短视频", "摄影"]', 9, 'MED', 'EXPLORER');
INSERT INTO sys_user (id, school_email, password) VALUES (133, 'stu20240124@campus.example.edu', 'Stu@20245588');
INSERT INTO student_resume (user_id, real_name, contact_phone, major, personal_statement, raw_text, structured_data) VALUES (133, '唐思', '133261243174', '统计学', '我是唐思，来自统计学专业。我的兴趣爱好包括音乐、公益、绘画，希望能加入贵社团贡献力量。', 'Imported from dataset', '{"skills": "音乐、公益、绘画"}');
INSERT INTO student_profile (user_id, interest_tags, weekly_free_hours, commitment_level, personality_type) VALUES (133, '["音乐", "公益", "绘画"]', 4, 'MED', 'EXPLORER');
INSERT INTO sys_user (id, school_email, password) VALUES (134, 'stu20240125@campus.example.edu', 'Stu@20245625');
INSERT INTO student_resume (user_id, real_name, contact_phone, major, personal_statement, raw_text, structured_data) VALUES (134, '赵浩昊', '132324701391', '数学与应用数学', '我是赵浩昊，来自数学与应用数学专业。我的兴趣爱好包括志愿服务、辩论、摄影，希望能加入贵社团贡献力量。', 'Imported from dataset', '{"skills": "志愿服务、辩论、摄影"}');
INSERT INTO student_profile (user_id, interest_tags, weekly_free_hours, commitment_level, personality_type) VALUES (134, '["志愿服务", "辩论", "摄影"]', 7, 'MED', 'EXPLORER');
INSERT INTO sys_user (id, school_email, password) VALUES (135, 'stu20240126@campus.example.edu', 'Stu@20245662');
INSERT INTO student_resume (user_id, real_name, contact_phone, major, personal_statement, raw_text, structured_data) VALUES (135, '赵子璇', '197432861646', '机械设计制造及其自动化', '我是赵子璇，来自机械设计制造及其自动化专业。我的兴趣爱好包括公益、设计、跑步，希望能加入贵社团贡献力量。', 'Imported from dataset', '{"skills": "公益、设计、跑步"}');
INSERT INTO student_profile (user_id, interest_tags, weekly_free_hours, commitment_level, personality_type) VALUES (135, '["公益", "设计", "跑步"]', 5, 'MED', 'EXPLORER');
INSERT INTO sys_user (id, school_email, password) VALUES (136, 'stu20240127@campus.example.edu', 'Stu@20245699');
INSERT INTO student_resume (user_id, real_name, contact_phone, major, personal_statement, raw_text, structured_data) VALUES (136, '高明', '131385032062', '统计学', '我是高明，来自统计学专业。我的兴趣爱好包括阅读、短视频、设计，希望能加入贵社团贡献力量。', 'Imported from dataset', '{"skills": "阅读、短视频、设计"}');
INSERT INTO student_profile (user_id, interest_tags, weekly_free_hours, commitment_level, personality_type) VALUES (136, '["阅读", "短视频", "设计"]', 12, 'MED', 'EXPLORER');
INSERT INTO sys_user (id, school_email, password) VALUES (137, 'stu20240128@campus.example.edu', 'Stu@20245736');
INSERT INTO student_resume (user_id, real_name, contact_phone, major, personal_statement, raw_text, structured_data) VALUES (137, '韩浩', '188121307685', '数学与应用数学', '我是韩浩，来自数学与应用数学专业。我的兴趣爱好包括阅读、跑步、设计，希望能加入贵社团贡献力量。', 'Imported from dataset', '{"skills": "阅读、跑步、设计"}');
INSERT INTO student_profile (user_id, interest_tags, weekly_free_hours, commitment_level, personality_type) VALUES (137, '["阅读", "跑步", "设计"]', 12, 'MED', 'EXPLORER');
INSERT INTO sys_user (id, school_email, password) VALUES (138, 'stu20240129@campus.example.edu', 'Stu@20245773');
INSERT INTO student_resume (user_id, real_name, contact_phone, major, personal_statement, raw_text, structured_data) VALUES (138, '梁晨璇', '157528642063', '心理学', '我是梁晨璇，来自心理学专业。我的兴趣爱好包括羽毛球、音乐、跑步，希望能加入贵社团贡献力量。', 'Imported from dataset', '{"skills": "羽毛球、音乐、跑步"}');
INSERT INTO student_profile (user_id, interest_tags, weekly_free_hours, commitment_level, personality_type) VALUES (138, '["羽毛球", "音乐", "跑步"]', 12, 'MED', 'EXPLORER');
INSERT INTO sys_user (id, school_email, password) VALUES (139, 'stu20240130@campus.example.edu', 'Stu@20245810');
INSERT INTO student_resume (user_id, real_name, contact_phone, major, personal_statement, raw_text, structured_data) VALUES (139, '马晨涵', '154894604623', '数学与应用数学', '我是马晨涵，来自数学与应用数学专业。我的兴趣爱好包括设计、辩论、摄影，希望能加入贵社团贡献力量。', 'Imported from dataset', '{"skills": "设计、辩论、摄影"}');
INSERT INTO student_profile (user_id, interest_tags, weekly_free_hours, commitment_level, personality_type) VALUES (139, '["设计", "辩论", "摄影"]', 9, 'MED', 'EXPLORER');
INSERT INTO sys_user (id, school_email, password) VALUES (140, 'stu20240131@campus.example.edu', 'Stu@20245847');
INSERT INTO student_resume (user_id, real_name, contact_phone, major, personal_statement, raw_text, structured_data) VALUES (140, '张雨', '177834782074', '软件工程', '我是张雨，来自软件工程专业。我的兴趣爱好包括阅读、跑步、短视频，希望能加入贵社团贡献力量。', 'Imported from dataset', '{"skills": "阅读、跑步、短视频"}');
INSERT INTO student_profile (user_id, interest_tags, weekly_free_hours, commitment_level, personality_type) VALUES (140, '["阅读", "跑步", "短视频"]', 11, 'MED', 'EXPLORER');
INSERT INTO sys_user (id, school_email, password) VALUES (141, 'stu20240132@campus.example.edu', 'Stu@20245884');
INSERT INTO student_resume (user_id, real_name, contact_phone, major, personal_statement, raw_text, structured_data) VALUES (141, '李博瑶', '137028729343', '金融学', '我是李博瑶，来自金融学专业。我的兴趣爱好包括跑步、编程、羽毛球，希望能加入贵社团贡献力量。', 'Imported from dataset', '{"skills": "跑步、编程、羽毛球"}');
INSERT INTO student_profile (user_id, interest_tags, weekly_free_hours, commitment_level, personality_type) VALUES (141, '["跑步", "编程", "羽毛球"]', 11, 'MED', 'EXPLORER');
INSERT INTO sys_user (id, school_email, password) VALUES (142, 'stu20240133@campus.example.edu', 'Stu@20245921');
INSERT INTO student_resume (user_id, real_name, contact_phone, major, personal_statement, raw_text, structured_data) VALUES (142, '陈泽', '193248735993', '数学与应用数学', '我是陈泽，来自数学与应用数学专业。我的兴趣爱好包括编程、公益、跑步，希望能加入贵社团贡献力量。', 'Imported from dataset', '{"skills": "编程、公益、跑步"}');
INSERT INTO student_profile (user_id, interest_tags, weekly_free_hours, commitment_level, personality_type) VALUES (142, '["编程", "公益", "跑步"]', 14, 'MED', 'EXPLORER');
INSERT INTO sys_user (id, school_email, password) VALUES (143, 'stu20240134@campus.example.edu', 'Stu@20245958');
INSERT INTO student_resume (user_id, real_name, contact_phone, major, personal_statement, raw_text, structured_data) VALUES (143, '萧文琪', '135688533740', '传播学', '我是萧文琪，来自传播学专业。我的兴趣爱好包括绘画、辩论、公益，希望能加入贵社团贡献力量。', 'Imported from dataset', '{"skills": "绘画、辩论、公益"}');
INSERT INTO student_profile (user_id, interest_tags, weekly_free_hours, commitment_level, personality_type) VALUES (143, '["绘画", "辩论", "公益"]', 12, 'MED', 'EXPLORER');
INSERT INTO sys_user (id, school_email, password) VALUES (144, 'stu20240135@campus.example.edu', 'Stu@20245995');
INSERT INTO student_resume (user_id, real_name, contact_phone, major, personal_statement, raw_text, structured_data) VALUES (144, '林星菲', '191580581346', '英语', '我是林星菲，来自英语专业。我的兴趣爱好包括短视频、志愿服务、设计，希望能加入贵社团贡献力量。', 'Imported from dataset', '{"skills": "短视频、志愿服务、设计"}');
INSERT INTO student_profile (user_id, interest_tags, weekly_free_hours, commitment_level, personality_type) VALUES (144, '["短视频", "志愿服务", "设计"]', 5, 'MED', 'EXPLORER');
INSERT INTO sys_user (id, school_email, password) VALUES (145, 'stu20240136@campus.example.edu', 'Stu@20246032');
INSERT INTO student_resume (user_id, real_name, contact_phone, major, personal_statement, raw_text, structured_data) VALUES (145, '李亦霏', '189193474487', '生物工程', '我是李亦霏，来自生物工程专业。我的兴趣爱好包括音乐、公益、辩论，希望能加入贵社团贡献力量。', 'Imported from dataset', '{"skills": "音乐、公益、辩论"}');
INSERT INTO student_profile (user_id, interest_tags, weekly_free_hours, commitment_level, personality_type) VALUES (145, '["音乐", "公益", "辩论"]', 10, 'MED', 'EXPLORER');
INSERT INTO sys_user (id, school_email, password) VALUES (146, 'stu20240137@campus.example.edu', 'Stu@20246069');
INSERT INTO student_resume (user_id, real_name, contact_phone, major, personal_statement, raw_text, structured_data) VALUES (146, '朱可', '173479201329', '计算机科学与技术', '我是朱可，来自计算机科学与技术专业。我的兴趣爱好包括辩论、摄影、跑步，希望能加入贵社团贡献力量。', 'Imported from dataset', '{"skills": "辩论、摄影、跑步"}');
INSERT INTO student_profile (user_id, interest_tags, weekly_free_hours, commitment_level, personality_type) VALUES (146, '["辩论", "摄影", "跑步"]', 7, 'MED', 'EXPLORER');
INSERT INTO sys_user (id, school_email, password) VALUES (147, 'stu20240138@campus.example.edu', 'Stu@20246106');
INSERT INTO student_resume (user_id, real_name, contact_phone, major, personal_statement, raw_text, structured_data) VALUES (147, '高俊远', '179364861749', '汉语言文学', '我是高俊远，来自汉语言文学专业。我的兴趣爱好包括羽毛球、绘画、编程，希望能加入贵社团贡献力量。', 'Imported from dataset', '{"skills": "羽毛球、绘画、编程"}');
INSERT INTO student_profile (user_id, interest_tags, weekly_free_hours, commitment_level, personality_type) VALUES (147, '["羽毛球", "绘画", "编程"]', 15, 'MED', 'EXPLORER');
INSERT INTO sys_user (id, school_email, password) VALUES (148, 'stu20240139@campus.example.edu', 'Stu@20246143');
INSERT INTO student_resume (user_id, real_name, contact_phone, major, personal_statement, raw_text, structured_data) VALUES (148, '高泽', '156269649710', '英语', '我是高泽，来自英语专业。我的兴趣爱好包括辩论、跑步、音乐，希望能加入贵社团贡献力量。', 'Imported from dataset', '{"skills": "辩论、跑步、音乐"}');
INSERT INTO student_profile (user_id, interest_tags, weekly_free_hours, commitment_level, personality_type) VALUES (148, '["辩论", "跑步", "音乐"]', 8, 'MED', 'EXPLORER');
INSERT INTO sys_user (id, school_email, password) VALUES (149, 'stu20240140@campus.example.edu', 'Stu@20246180');
INSERT INTO student_resume (user_id, real_name, contact_phone, major, personal_statement, raw_text, structured_data) VALUES (149, '李思涵', '177433929035', '生物工程', '我是李思涵，来自生物工程专业。我的兴趣爱好包括设计、跑步、志愿服务，希望能加入贵社团贡献力量。', 'Imported from dataset', '{"skills": "设计、跑步、志愿服务"}');
INSERT INTO student_profile (user_id, interest_tags, weekly_free_hours, commitment_level, personality_type) VALUES (149, '["设计", "跑步", "志愿服务"]', 16, 'MED', 'EXPLORER');
INSERT INTO sys_user (id, school_email, password) VALUES (150, 'stu20240141@campus.example.edu', 'Stu@20246217');
INSERT INTO student_resume (user_id, real_name, contact_phone, major, personal_statement, raw_text, structured_data) VALUES (150, '高一悦', '184095128072', '历史学', '我是高一悦，来自历史学专业。我的兴趣爱好包括设计、羽毛球、志愿服务，希望能加入贵社团贡献力量。', 'Imported from dataset', '{"skills": "设计、羽毛球、志愿服务"}');
INSERT INTO student_profile (user_id, interest_tags, weekly_free_hours, commitment_level, personality_type) VALUES (150, '["设计", "羽毛球", "志愿服务"]', 6, 'MED', 'EXPLORER');
INSERT INTO sys_user (id, school_email, password) VALUES (151, 'stu20240142@campus.example.edu', 'Stu@20246254');
INSERT INTO student_resume (user_id, real_name, contact_phone, major, personal_statement, raw_text, structured_data) VALUES (151, '周思悦', '196910291675', '历史学', '我是周思悦，来自历史学专业。我的兴趣爱好包括跑步、编程、音乐，希望能加入贵社团贡献力量。', 'Imported from dataset', '{"skills": "跑步、编程、音乐"}');
INSERT INTO student_profile (user_id, interest_tags, weekly_free_hours, commitment_level, personality_type) VALUES (151, '["跑步", "编程", "音乐"]', 10, 'MED', 'EXPLORER');
INSERT INTO sys_user (id, school_email, password) VALUES (152, 'stu20240143@campus.example.edu', 'Stu@20246291');
INSERT INTO student_resume (user_id, real_name, contact_phone, major, personal_statement, raw_text, structured_data) VALUES (152, '郑亦', '171022616165', '英语', '我是郑亦，来自英语专业。我的兴趣爱好包括音乐、设计、阅读，希望能加入贵社团贡献力量。', 'Imported from dataset', '{"skills": "音乐、设计、阅读"}');
INSERT INTO student_profile (user_id, interest_tags, weekly_free_hours, commitment_level, personality_type) VALUES (152, '["音乐", "设计", "阅读"]', 4, 'MED', 'EXPLORER');
INSERT INTO sys_user (id, school_email, password) VALUES (153, 'stu20240144@campus.example.edu', 'Stu@20246328');
INSERT INTO student_resume (user_id, real_name, contact_phone, major, personal_statement, raw_text, structured_data) VALUES (153, '何欣然', '154121898168', '汉语言文学', '我是何欣然，来自汉语言文学专业。我的兴趣爱好包括摄影、阅读、辩论，希望能加入贵社团贡献力量。', 'Imported from dataset', '{"skills": "摄影、阅读、辩论"}');
INSERT INTO student_profile (user_id, interest_tags, weekly_free_hours, commitment_level, personality_type) VALUES (153, '["摄影", "阅读", "辩论"]', 4, 'MED', 'EXPLORER');
INSERT INTO sys_user (id, school_email, password) VALUES (154, 'stu20240145@campus.example.edu', 'Stu@20246365');
INSERT INTO student_resume (user_id, real_name, contact_phone, major, personal_statement, raw_text, structured_data) VALUES (154, '徐泽', '153819879942', '软件工程', '我是徐泽，来自软件工程专业。我的兴趣爱好包括摄影、阅读、辩论，希望能加入贵社团贡献力量。', 'Imported from dataset', '{"skills": "摄影、阅读、辩论"}');
INSERT INTO student_profile (user_id, interest_tags, weekly_free_hours, commitment_level, personality_type) VALUES (154, '["摄影", "阅读", "辩论"]', 12, 'MED', 'EXPLORER');
INSERT INTO sys_user (id, school_email, password) VALUES (155, 'stu20240146@campus.example.edu', 'Stu@20246402');
INSERT INTO student_resume (user_id, real_name, contact_phone, major, personal_statement, raw_text, structured_data) VALUES (155, '何文', '132234779712', '生物工程', '我是何文，来自生物工程专业。我的兴趣爱好包括摄影、编程、志愿服务，希望能加入贵社团贡献力量。', 'Imported from dataset', '{"skills": "摄影、编程、志愿服务"}');
INSERT INTO student_profile (user_id, interest_tags, weekly_free_hours, commitment_level, personality_type) VALUES (155, '["摄影", "编程", "志愿服务"]', 16, 'MED', 'EXPLORER');
INSERT INTO sys_user (id, school_email, password) VALUES (156, 'stu20240147@campus.example.edu', 'Stu@20246439');
INSERT INTO student_resume (user_id, real_name, contact_phone, major, personal_statement, raw_text, structured_data) VALUES (156, '郑佳', '151949507317', '传播学', '我是郑佳，来自传播学专业。我的兴趣爱好包括志愿服务、羽毛球、设计，希望能加入贵社团贡献力量。', 'Imported from dataset', '{"skills": "志愿服务、羽毛球、设计"}');
INSERT INTO student_profile (user_id, interest_tags, weekly_free_hours, commitment_level, personality_type) VALUES (156, '["志愿服务", "羽毛球", "设计"]', 7, 'MED', 'EXPLORER');
INSERT INTO sys_user (id, school_email, password) VALUES (157, 'stu20240148@campus.example.edu', 'Stu@20246476');
INSERT INTO student_resume (user_id, real_name, contact_phone, major, personal_statement, raw_text, structured_data) VALUES (157, '张泽瑶', '183215524692', '汉语言文学', '我是张泽瑶，来自汉语言文学专业。我的兴趣爱好包括跑步、摄影、绘画，希望能加入贵社团贡献力量。', 'Imported from dataset', '{"skills": "跑步、摄影、绘画"}');
INSERT INTO student_profile (user_id, interest_tags, weekly_free_hours, commitment_level, personality_type) VALUES (157, '["跑步", "摄影", "绘画"]', 13, 'MED', 'EXPLORER');
INSERT INTO sys_user (id, school_email, password) VALUES (158, 'stu20240149@campus.example.edu', 'Stu@20246513');
INSERT INTO student_resume (user_id, real_name, contact_phone, major, personal_statement, raw_text, structured_data) VALUES (158, '马诗', '152748033593', '建筑学', '我是马诗，来自建筑学专业。我的兴趣爱好包括羽毛球、辩论、设计，希望能加入贵社团贡献力量。', 'Imported from dataset', '{"skills": "羽毛球、辩论、设计"}');
INSERT INTO student_profile (user_id, interest_tags, weekly_free_hours, commitment_level, personality_type) VALUES (158, '["羽毛球", "辩论", "设计"]', 13, 'MED', 'EXPLORER');
INSERT INTO sys_user (id, school_email, password) VALUES (159, 'stu20240150@campus.example.edu', 'Stu@20246550');
INSERT INTO student_resume (user_id, real_name, contact_phone, major, personal_statement, raw_text, structured_data) VALUES (159, '冯雨萌', '157831545356', '建筑学', '我是冯雨萌，来自建筑学专业。我的兴趣爱好包括设计、志愿服务、跑步，希望能加入贵社团贡献力量。', 'Imported from dataset', '{"skills": "设计、志愿服务、跑步"}');
INSERT INTO student_profile (user_id, interest_tags, weekly_free_hours, commitment_level, personality_type) VALUES (159, '["设计", "志愿服务", "跑步"]', 7, 'MED', 'EXPLORER');
INSERT INTO sys_user (id, school_email, password) VALUES (160, 'stu20250151@campus.example.edu', 'Stu@20256587');
INSERT INTO student_resume (user_id, real_name, contact_phone, major, personal_statement, raw_text, structured_data) VALUES (160, '马诺', '194718732606', '软件工程', '我是马诺，来自软件工程专业。我的兴趣爱好包括羽毛球、阅读、短视频，希望能加入贵社团贡献力量。', 'Imported from dataset', '{"skills": "羽毛球、阅读、短视频"}');
INSERT INTO student_profile (user_id, interest_tags, weekly_free_hours, commitment_level, personality_type) VALUES (160, '["羽毛球", "阅读", "短视频"]', 11, 'MED', 'EXPLORER');
INSERT INTO sys_user (id, school_email, password) VALUES (161, 'stu20250152@campus.example.edu', 'Stu@20256624');
INSERT INTO student_resume (user_id, real_name, contact_phone, major, personal_statement, raw_text, structured_data) VALUES (161, '刘睿言', '137446927889', '计算机科学与技术', '我是刘睿言，来自计算机科学与技术专业。我的兴趣爱好包括阅读、公益、羽毛球，希望能加入贵社团贡献力量。', 'Imported from dataset', '{"skills": "阅读、公益、羽毛球"}');
INSERT INTO student_profile (user_id, interest_tags, weekly_free_hours, commitment_level, personality_type) VALUES (161, '["阅读", "公益", "羽毛球"]', 8, 'MED', 'EXPLORER');
INSERT INTO sys_user (id, school_email, password) VALUES (162, 'stu20250153@campus.example.edu', 'Stu@20256661');
INSERT INTO student_resume (user_id, real_name, contact_phone, major, personal_statement, raw_text, structured_data) VALUES (162, '林可洋', '153423666072', '统计学', '我是林可洋，来自统计学专业。我的兴趣爱好包括摄影、音乐、短视频，希望能加入贵社团贡献力量。', 'Imported from dataset', '{"skills": "摄影、音乐、短视频"}');
INSERT INTO student_profile (user_id, interest_tags, weekly_free_hours, commitment_level, personality_type) VALUES (162, '["摄影", "音乐", "短视频"]', 7, 'MED', 'EXPLORER');
INSERT INTO sys_user (id, school_email, password) VALUES (163, 'stu20250154@campus.example.edu', 'Stu@20256698');
INSERT INTO student_resume (user_id, real_name, contact_phone, major, personal_statement, raw_text, structured_data) VALUES (163, '张欣洋', '184093021558', '心理学', '我是张欣洋，来自心理学专业。我的兴趣爱好包括跑步、短视频、辩论，希望能加入贵社团贡献力量。', 'Imported from dataset', '{"skills": "跑步、短视频、辩论"}');
INSERT INTO student_profile (user_id, interest_tags, weekly_free_hours, commitment_level, personality_type) VALUES (163, '["跑步", "短视频", "辩论"]', 13, 'MED', 'EXPLORER');
INSERT INTO sys_user (id, school_email, password) VALUES (164, 'stu20250155@campus.example.edu', 'Stu@20256735');
INSERT INTO student_resume (user_id, real_name, contact_phone, major, personal_statement, raw_text, structured_data) VALUES (164, '林一航', '132920575011', '心理学', '我是林一航，来自心理学专业。我的兴趣爱好包括志愿服务、短视频、编程，希望能加入贵社团贡献力量。', 'Imported from dataset', '{"skills": "志愿服务、短视频、编程"}');
INSERT INTO student_profile (user_id, interest_tags, weekly_free_hours, commitment_level, personality_type) VALUES (164, '["志愿服务", "短视频", "编程"]', 5, 'MED', 'EXPLORER');
INSERT INTO sys_user (id, school_email, password) VALUES (165, 'stu20250156@campus.example.edu', 'Stu@20256772');
INSERT INTO student_resume (user_id, real_name, contact_phone, major, personal_statement, raw_text, structured_data) VALUES (165, '唐子', '152730901379', '生物工程', '我是唐子，来自生物工程专业。我的兴趣爱好包括公益、短视频、阅读，希望能加入贵社团贡献力量。', 'Imported from dataset', '{"skills": "公益、短视频、阅读"}');
INSERT INTO student_profile (user_id, interest_tags, weekly_free_hours, commitment_level, personality_type) VALUES (165, '["公益", "短视频", "阅读"]', 8, 'MED', 'EXPLORER');
INSERT INTO sys_user (id, school_email, password) VALUES (166, 'stu20250157@campus.example.edu', 'Stu@20256809');
INSERT INTO student_resume (user_id, real_name, contact_phone, major, personal_statement, raw_text, structured_data) VALUES (166, '黄俊琪', '185245591186', '环境工程', '我是黄俊琪，来自环境工程专业。我的兴趣爱好包括设计、羽毛球、阅读，希望能加入贵社团贡献力量。', 'Imported from dataset', '{"skills": "设计、羽毛球、阅读"}');
INSERT INTO student_profile (user_id, interest_tags, weekly_free_hours, commitment_level, personality_type) VALUES (166, '["设计", "羽毛球", "阅读"]', 11, 'MED', 'EXPLORER');
INSERT INTO sys_user (id, school_email, password) VALUES (167, 'stu20250158@campus.example.edu', 'Stu@20256846');
INSERT INTO student_resume (user_id, real_name, contact_phone, major, personal_statement, raw_text, structured_data) VALUES (167, '何嘉霏', '156050173444', '数据科学与大数据技术', '我是何嘉霏，来自数据科学与大数据技术专业。我的兴趣爱好包括志愿服务、编程、辩论，希望能加入贵社团贡献力量。', 'Imported from dataset', '{"skills": "志愿服务、编程、辩论"}');
INSERT INTO student_profile (user_id, interest_tags, weekly_free_hours, commitment_level, personality_type) VALUES (167, '["志愿服务", "编程", "辩论"]', 9, 'MED', 'EXPLORER');
INSERT INTO sys_user (id, school_email, password) VALUES (168, 'stu20250159@campus.example.edu', 'Stu@20256883');
INSERT INTO student_resume (user_id, real_name, contact_phone, major, personal_statement, raw_text, structured_data) VALUES (168, '于佳彤', '174116208341', '人工智能', '我是于佳彤，来自人工智能专业。我的兴趣爱好包括羽毛球、音乐、绘画，希望能加入贵社团贡献力量。', 'Imported from dataset', '{"skills": "羽毛球、音乐、绘画"}');
INSERT INTO student_profile (user_id, interest_tags, weekly_free_hours, commitment_level, personality_type) VALUES (168, '["羽毛球", "音乐", "绘画"]', 11, 'MED', 'EXPLORER');
INSERT INTO sys_user (id, school_email, password) VALUES (169, 'stu20250160@campus.example.edu', 'Stu@20256920');
INSERT INTO student_resume (user_id, real_name, contact_phone, major, personal_statement, raw_text, structured_data) VALUES (169, '高晨', '197255941895', '教育学', '我是高晨，来自教育学专业。我的兴趣爱好包括短视频、设计、阅读，希望能加入贵社团贡献力量。', 'Imported from dataset', '{"skills": "短视频、设计、阅读"}');
INSERT INTO student_profile (user_id, interest_tags, weekly_free_hours, commitment_level, personality_type) VALUES (169, '["短视频", "设计", "阅读"]', 9, 'MED', 'EXPLORER');
INSERT INTO sys_user (id, school_email, password) VALUES (170, 'stu20250161@campus.example.edu', 'Stu@20256957');
INSERT INTO student_resume (user_id, real_name, contact_phone, major, personal_statement, raw_text, structured_data) VALUES (170, '萧欣琳', '184074713918', '会计学', '我是萧欣琳，来自会计学专业。我的兴趣爱好包括绘画、编程、志愿服务，希望能加入贵社团贡献力量。', 'Imported from dataset', '{"skills": "绘画、编程、志愿服务"}');
INSERT INTO student_profile (user_id, interest_tags, weekly_free_hours, commitment_level, personality_type) VALUES (170, '["绘画", "编程", "志愿服务"]', 7, 'MED', 'EXPLORER');
INSERT INTO sys_user (id, school_email, password) VALUES (171, 'stu20250162@campus.example.edu', 'Stu@20256994');
INSERT INTO student_resume (user_id, real_name, contact_phone, major, personal_statement, raw_text, structured_data) VALUES (171, '罗依轩', '189129161158', '市场营销', '我是罗依轩，来自市场营销专业。我的兴趣爱好包括设计、短视频、辩论，希望能加入贵社团贡献力量。', 'Imported from dataset', '{"skills": "设计、短视频、辩论"}');
INSERT INTO student_profile (user_id, interest_tags, weekly_free_hours, commitment_level, personality_type) VALUES (171, '["设计", "短视频", "辩论"]', 11, 'MED', 'EXPLORER');
INSERT INTO sys_user (id, school_email, password) VALUES (172, 'stu20250163@campus.example.edu', 'Stu@20257031');
INSERT INTO student_resume (user_id, real_name, contact_phone, major, personal_statement, raw_text, structured_data) VALUES (172, '萧天', '132732084983', '土木工程', '我是萧天，来自土木工程专业。我的兴趣爱好包括志愿服务、羽毛球、阅读，希望能加入贵社团贡献力量。', 'Imported from dataset', '{"skills": "志愿服务、羽毛球、阅读"}');
INSERT INTO student_profile (user_id, interest_tags, weekly_free_hours, commitment_level, personality_type) VALUES (172, '["志愿服务", "羽毛球", "阅读"]', 13, 'MED', 'EXPLORER');
INSERT INTO sys_user (id, school_email, password) VALUES (173, 'stu20250164@campus.example.edu', 'Stu@20257068');
INSERT INTO student_resume (user_id, real_name, contact_phone, major, personal_statement, raw_text, structured_data) VALUES (173, '郑怡涵', '172141017418', '工商管理', '我是郑怡涵，来自工商管理专业。我的兴趣爱好包括短视频、志愿服务、编程，希望能加入贵社团贡献力量。', 'Imported from dataset', '{"skills": "短视频、志愿服务、编程"}');
INSERT INTO student_profile (user_id, interest_tags, weekly_free_hours, commitment_level, personality_type) VALUES (173, '["短视频", "志愿服务", "编程"]', 13, 'MED', 'EXPLORER');
INSERT INTO sys_user (id, school_email, password) VALUES (174, 'stu20250165@campus.example.edu', 'Stu@20257105');
INSERT INTO student_resume (user_id, real_name, contact_phone, major, personal_statement, raw_text, structured_data) VALUES (174, '朱安彤', '187278638555', '机械设计制造及其自动化', '我是朱安彤，来自机械设计制造及其自动化专业。我的兴趣爱好包括羽毛球、摄影、辩论，希望能加入贵社团贡献力量。', 'Imported from dataset', '{"skills": "羽毛球、摄影、辩论"}');
INSERT INTO student_profile (user_id, interest_tags, weekly_free_hours, commitment_level, personality_type) VALUES (174, '["羽毛球", "摄影", "辩论"]', 7, 'MED', 'EXPLORER');
INSERT INTO sys_user (id, school_email, password) VALUES (175, 'stu20250166@campus.example.edu', 'Stu@20257142');
INSERT INTO student_resume (user_id, real_name, contact_phone, major, personal_statement, raw_text, structured_data) VALUES (175, '李卓', '183731198230', '生物工程', '我是李卓，来自生物工程专业。我的兴趣爱好包括跑步、羽毛球、志愿服务，希望能加入贵社团贡献力量。', 'Imported from dataset', '{"skills": "跑步、羽毛球、志愿服务"}');
INSERT INTO student_profile (user_id, interest_tags, weekly_free_hours, commitment_level, personality_type) VALUES (175, '["跑步", "羽毛球", "志愿服务"]', 14, 'MED', 'EXPLORER');
INSERT INTO sys_user (id, school_email, password) VALUES (176, 'stu20250167@campus.example.edu', 'Stu@20257179');
INSERT INTO student_resume (user_id, real_name, contact_phone, major, personal_statement, raw_text, structured_data) VALUES (176, '马思洋', '178194436819', '机械设计制造及其自动化', '我是马思洋，来自机械设计制造及其自动化专业。我的兴趣爱好包括编程、短视频、志愿服务，希望能加入贵社团贡献力量。', 'Imported from dataset', '{"skills": "编程、短视频、志愿服务"}');
INSERT INTO student_profile (user_id, interest_tags, weekly_free_hours, commitment_level, personality_type) VALUES (176, '["编程", "短视频", "志愿服务"]', 13, 'MED', 'EXPLORER');
INSERT INTO sys_user (id, school_email, password) VALUES (177, 'stu20250168@campus.example.edu', 'Stu@20257216');
INSERT INTO student_resume (user_id, real_name, contact_phone, major, personal_statement, raw_text, structured_data) VALUES (177, '于欣洋', '181895076460', '自动化', '我是于欣洋，来自自动化专业。我的兴趣爱好包括辩论、阅读、摄影，希望能加入贵社团贡献力量。', 'Imported from dataset', '{"skills": "辩论、阅读、摄影"}');
INSERT INTO student_profile (user_id, interest_tags, weekly_free_hours, commitment_level, personality_type) VALUES (177, '["辩论", "阅读", "摄影"]', 5, 'MED', 'EXPLORER');
INSERT INTO sys_user (id, school_email, password) VALUES (178, 'stu20250169@campus.example.edu', 'Stu@20257253');
INSERT INTO student_resume (user_id, real_name, contact_phone, major, personal_statement, raw_text, structured_data) VALUES (178, '张欣', '182033115526', '法学', '我是张欣，来自法学专业。我的兴趣爱好包括设计、编程、绘画，希望能加入贵社团贡献力量。', 'Imported from dataset', '{"skills": "设计、编程、绘画"}');
INSERT INTO student_profile (user_id, interest_tags, weekly_free_hours, commitment_level, personality_type) VALUES (178, '["设计", "编程", "绘画"]', 8, 'MED', 'EXPLORER');
INSERT INTO sys_user (id, school_email, password) VALUES (179, 'stu20250170@campus.example.edu', 'Stu@20257290');
INSERT INTO student_resume (user_id, real_name, contact_phone, major, personal_statement, raw_text, structured_data) VALUES (179, '郑睿', '171887986733', '生物工程', '我是郑睿，来自生物工程专业。我的兴趣爱好包括音乐、志愿服务、羽毛球，希望能加入贵社团贡献力量。', 'Imported from dataset', '{"skills": "音乐、志愿服务、羽毛球"}');
INSERT INTO student_profile (user_id, interest_tags, weekly_free_hours, commitment_level, personality_type) VALUES (179, '["音乐", "志愿服务", "羽毛球"]', 12, 'MED', 'EXPLORER');
INSERT INTO sys_user (id, school_email, password) VALUES (180, 'stu20250171@campus.example.edu', 'Stu@20257327');
INSERT INTO student_resume (user_id, real_name, contact_phone, major, personal_statement, raw_text, structured_data) VALUES (180, '梁欣远', '181278591640', '建筑学', '我是梁欣远，来自建筑学专业。我的兴趣爱好包括志愿服务、编程、绘画，希望能加入贵社团贡献力量。', 'Imported from dataset', '{"skills": "志愿服务、编程、绘画"}');
INSERT INTO student_profile (user_id, interest_tags, weekly_free_hours, commitment_level, personality_type) VALUES (180, '["志愿服务", "编程", "绘画"]', 14, 'MED', 'EXPLORER');
INSERT INTO sys_user (id, school_email, password) VALUES (181, 'stu20250172@campus.example.edu', 'Stu@20257364');
INSERT INTO student_resume (user_id, real_name, contact_phone, major, personal_statement, raw_text, structured_data) VALUES (181, '马子璇', '158330374296', '新闻学', '我是马子璇，来自新闻学专业。我的兴趣爱好包括绘画、羽毛球、公益，希望能加入贵社团贡献力量。', 'Imported from dataset', '{"skills": "绘画、羽毛球、公益"}');
INSERT INTO student_profile (user_id, interest_tags, weekly_free_hours, commitment_level, personality_type) VALUES (181, '["绘画", "羽毛球", "公益"]', 14, 'MED', 'EXPLORER');
INSERT INTO sys_user (id, school_email, password) VALUES (182, 'stu20250173@campus.example.edu', 'Stu@20257401');
INSERT INTO student_resume (user_id, real_name, contact_phone, major, personal_statement, raw_text, structured_data) VALUES (182, '萧卓琳', '174633222179', '工商管理', '我是萧卓琳，来自工商管理专业。我的兴趣爱好包括音乐、设计、编程，希望能加入贵社团贡献力量。', 'Imported from dataset', '{"skills": "音乐、设计、编程"}');
INSERT INTO student_profile (user_id, interest_tags, weekly_free_hours, commitment_level, personality_type) VALUES (182, '["音乐", "设计", "编程"]', 6, 'MED', 'EXPLORER');
INSERT INTO sys_user (id, school_email, password) VALUES (183, 'stu20250174@campus.example.edu', 'Stu@20257438');
INSERT INTO student_resume (user_id, real_name, contact_phone, major, personal_statement, raw_text, structured_data) VALUES (183, '何宇', '182395255516', '环境工程', '我是何宇，来自环境工程专业。我的兴趣爱好包括设计、音乐、绘画，希望能加入贵社团贡献力量。', 'Imported from dataset', '{"skills": "设计、音乐、绘画"}');
INSERT INTO student_profile (user_id, interest_tags, weekly_free_hours, commitment_level, personality_type) VALUES (183, '["设计", "音乐", "绘画"]', 12, 'MED', 'EXPLORER');
INSERT INTO sys_user (id, school_email, password) VALUES (184, 'stu20250175@campus.example.edu', 'Stu@20257475');
INSERT INTO student_resume (user_id, real_name, contact_phone, major, personal_statement, raw_text, structured_data) VALUES (184, '董浩菲', '159832404488', '统计学', '我是董浩菲，来自统计学专业。我的兴趣爱好包括阅读、摄影、绘画，希望能加入贵社团贡献力量。', 'Imported from dataset', '{"skills": "阅读、摄影、绘画"}');
INSERT INTO student_profile (user_id, interest_tags, weekly_free_hours, commitment_level, personality_type) VALUES (184, '["阅读", "摄影", "绘画"]', 15, 'MED', 'EXPLORER');
INSERT INTO sys_user (id, school_email, password) VALUES (185, 'stu20250176@campus.example.edu', 'Stu@20257512');
INSERT INTO student_resume (user_id, real_name, contact_phone, major, personal_statement, raw_text, structured_data) VALUES (185, '郭嘉航', '152926809631', '人工智能', '我是郭嘉航，来自人工智能专业。我的兴趣爱好包括辩论、摄影、绘画，希望能加入贵社团贡献力量。', 'Imported from dataset', '{"skills": "辩论、摄影、绘画"}');
INSERT INTO student_profile (user_id, interest_tags, weekly_free_hours, commitment_level, personality_type) VALUES (185, '["辩论", "摄影", "绘画"]', 11, 'MED', 'EXPLORER');
INSERT INTO sys_user (id, school_email, password) VALUES (186, 'stu20250177@campus.example.edu', 'Stu@20257549');
INSERT INTO student_resume (user_id, real_name, contact_phone, major, personal_statement, raw_text, structured_data) VALUES (186, '朱卓璇', '159686593620', '新闻学', '我是朱卓璇，来自新闻学专业。我的兴趣爱好包括跑步、摄影、志愿服务，希望能加入贵社团贡献力量。', 'Imported from dataset', '{"skills": "跑步、摄影、志愿服务"}');
INSERT INTO student_profile (user_id, interest_tags, weekly_free_hours, commitment_level, personality_type) VALUES (186, '["跑步", "摄影", "志愿服务"]', 14, 'MED', 'EXPLORER');
INSERT INTO sys_user (id, school_email, password) VALUES (187, 'stu20250178@campus.example.edu', 'Stu@20257586');
INSERT INTO student_resume (user_id, real_name, contact_phone, major, personal_statement, raw_text, structured_data) VALUES (187, '高嘉', '173589456423', '自动化', '我是高嘉，来自自动化专业。我的兴趣爱好包括编程、摄影、公益，希望能加入贵社团贡献力量。', 'Imported from dataset', '{"skills": "编程、摄影、公益"}');
INSERT INTO student_profile (user_id, interest_tags, weekly_free_hours, commitment_level, personality_type) VALUES (187, '["编程", "摄影", "公益"]', 12, 'MED', 'EXPLORER');
INSERT INTO sys_user (id, school_email, password) VALUES (188, 'stu20250179@campus.example.edu', 'Stu@20257623');
INSERT INTO student_resume (user_id, real_name, contact_phone, major, personal_statement, raw_text, structured_data) VALUES (188, '黄子', '153557066048', '计算机科学与技术', '我是黄子，来自计算机科学与技术专业。我的兴趣爱好包括阅读、绘画、羽毛球，希望能加入贵社团贡献力量。', 'Imported from dataset', '{"skills": "阅读、绘画、羽毛球"}');
INSERT INTO student_profile (user_id, interest_tags, weekly_free_hours, commitment_level, personality_type) VALUES (188, '["阅读", "绘画", "羽毛球"]', 15, 'MED', 'EXPLORER');
INSERT INTO sys_user (id, school_email, password) VALUES (189, 'stu20250180@campus.example.edu', 'Stu@20257660');
INSERT INTO student_resume (user_id, real_name, contact_phone, major, personal_statement, raw_text, structured_data) VALUES (189, '陈卓雯', '134723839454', '市场营销', '我是陈卓雯，来自市场营销专业。我的兴趣爱好包括阅读、绘画、设计，希望能加入贵社团贡献力量。', 'Imported from dataset', '{"skills": "阅读、绘画、设计"}');
INSERT INTO student_profile (user_id, interest_tags, weekly_free_hours, commitment_level, personality_type) VALUES (189, '["阅读", "绘画", "设计"]', 14, 'MED', 'EXPLORER');
INSERT INTO sys_user (id, school_email, password) VALUES (190, 'stu20250181@campus.example.edu', 'Stu@20257697');
INSERT INTO student_resume (user_id, real_name, contact_phone, major, personal_statement, raw_text, structured_data) VALUES (190, '刘晨菲', '137257983854', '统计学', '我是刘晨菲，来自统计学专业。我的兴趣爱好包括阅读、跑步、辩论，希望能加入贵社团贡献力量。', 'Imported from dataset', '{"skills": "阅读、跑步、辩论"}');
INSERT INTO student_profile (user_id, interest_tags, weekly_free_hours, commitment_level, personality_type) VALUES (190, '["阅读", "跑步", "辩论"]', 7, 'MED', 'EXPLORER');
INSERT INTO sys_user (id, school_email, password) VALUES (191, 'stu20250182@campus.example.edu', 'Stu@20257734');
INSERT INTO student_resume (user_id, real_name, contact_phone, major, personal_statement, raw_text, structured_data) VALUES (191, '马依雅', '137574479746', '心理学', '我是马依雅，来自心理学专业。我的兴趣爱好包括辩论、公益、音乐，希望能加入贵社团贡献力量。', 'Imported from dataset', '{"skills": "辩论、公益、音乐"}');
INSERT INTO student_profile (user_id, interest_tags, weekly_free_hours, commitment_level, personality_type) VALUES (191, '["辩论", "公益", "音乐"]', 13, 'MED', 'EXPLORER');
INSERT INTO sys_user (id, school_email, password) VALUES (192, 'stu20250183@campus.example.edu', 'Stu@20257771');
INSERT INTO student_resume (user_id, real_name, contact_phone, major, personal_statement, raw_text, structured_data) VALUES (192, '宋若萱', '137990857539', '统计学', '我是宋若萱，来自统计学专业。我的兴趣爱好包括编程、短视频、辩论，希望能加入贵社团贡献力量。', 'Imported from dataset', '{"skills": "编程、短视频、辩论"}');
INSERT INTO student_profile (user_id, interest_tags, weekly_free_hours, commitment_level, personality_type) VALUES (192, '["编程", "短视频", "辩论"]', 6, 'MED', 'EXPLORER');
INSERT INTO sys_user (id, school_email, password) VALUES (193, 'stu20250184@campus.example.edu', 'Stu@20257808');
INSERT INTO student_resume (user_id, real_name, contact_phone, major, personal_statement, raw_text, structured_data) VALUES (193, '吴宁', '135067241546', '土木工程', '我是吴宁，来自土木工程专业。我的兴趣爱好包括短视频、公益、摄影，希望能加入贵社团贡献力量。', 'Imported from dataset', '{"skills": "短视频、公益、摄影"}');
INSERT INTO student_profile (user_id, interest_tags, weekly_free_hours, commitment_level, personality_type) VALUES (193, '["短视频", "公益", "摄影"]', 7, 'MED', 'EXPLORER');
INSERT INTO sys_user (id, school_email, password) VALUES (194, 'stu20250185@campus.example.edu', 'Stu@20257845');
INSERT INTO student_resume (user_id, real_name, contact_phone, major, personal_statement, raw_text, structured_data) VALUES (194, '王依', '135563698485', '法学', '我是王依，来自法学专业。我的兴趣爱好包括绘画、设计、阅读，希望能加入贵社团贡献力量。', 'Imported from dataset', '{"skills": "绘画、设计、阅读"}');
INSERT INTO student_profile (user_id, interest_tags, weekly_free_hours, commitment_level, personality_type) VALUES (194, '["绘画", "设计", "阅读"]', 16, 'MED', 'EXPLORER');
INSERT INTO sys_user (id, school_email, password) VALUES (195, 'stu20250186@campus.example.edu', 'Stu@20257882');
INSERT INTO student_resume (user_id, real_name, contact_phone, major, personal_statement, raw_text, structured_data) VALUES (195, '吴天远', '191629478436', '新闻学', '我是吴天远，来自新闻学专业。我的兴趣爱好包括辩论、跑步、编程，希望能加入贵社团贡献力量。', 'Imported from dataset', '{"skills": "辩论、跑步、编程"}');
INSERT INTO student_profile (user_id, interest_tags, weekly_free_hours, commitment_level, personality_type) VALUES (195, '["辩论", "跑步", "编程"]', 10, 'MED', 'EXPLORER');
INSERT INTO sys_user (id, school_email, password) VALUES (196, 'stu20250187@campus.example.edu', 'Stu@20257919');
INSERT INTO student_resume (user_id, real_name, contact_phone, major, personal_statement, raw_text, structured_data) VALUES (196, '梁睿珂', '173153086161', '历史学', '我是梁睿珂，来自历史学专业。我的兴趣爱好包括短视频、跑步、羽毛球，希望能加入贵社团贡献力量。', 'Imported from dataset', '{"skills": "短视频、跑步、羽毛球"}');
INSERT INTO student_profile (user_id, interest_tags, weekly_free_hours, commitment_level, personality_type) VALUES (196, '["短视频", "跑步", "羽毛球"]', 9, 'MED', 'EXPLORER');
INSERT INTO sys_user (id, school_email, password) VALUES (197, 'stu20250188@campus.example.edu', 'Stu@20257956');
INSERT INTO student_resume (user_id, real_name, contact_phone, major, personal_statement, raw_text, structured_data) VALUES (197, '朱亦', '193165897245', '电子信息工程', '我是朱亦，来自电子信息工程专业。我的兴趣爱好包括阅读、摄影、公益，希望能加入贵社团贡献力量。', 'Imported from dataset', '{"skills": "阅读、摄影、公益"}');
INSERT INTO student_profile (user_id, interest_tags, weekly_free_hours, commitment_level, personality_type) VALUES (197, '["阅读", "摄影", "公益"]', 4, 'MED', 'EXPLORER');
INSERT INTO sys_user (id, school_email, password) VALUES (198, 'stu20250189@campus.example.edu', 'Stu@20257993');
INSERT INTO student_resume (user_id, real_name, contact_phone, major, personal_statement, raw_text, structured_data) VALUES (198, '李晨希', '176666798558', '建筑学', '我是李晨希，来自建筑学专业。我的兴趣爱好包括音乐、羽毛球、公益，希望能加入贵社团贡献力量。', 'Imported from dataset', '{"skills": "音乐、羽毛球、公益"}');
INSERT INTO student_profile (user_id, interest_tags, weekly_free_hours, commitment_level, personality_type) VALUES (198, '["音乐", "羽毛球", "公益"]', 13, 'MED', 'EXPLORER');
INSERT INTO sys_user (id, school_email, password) VALUES (199, 'stu20250190@campus.example.edu', 'Stu@20258030');
INSERT INTO student_resume (user_id, real_name, contact_phone, major, personal_statement, raw_text, structured_data) VALUES (199, '罗卓萌', '192096821135', '机械设计制造及其自动化', '我是罗卓萌，来自机械设计制造及其自动化专业。我的兴趣爱好包括设计、羽毛球、摄影，希望能加入贵社团贡献力量。', 'Imported from dataset', '{"skills": "设计、羽毛球、摄影"}');
INSERT INTO student_profile (user_id, interest_tags, weekly_free_hours, commitment_level, personality_type) VALUES (199, '["设计", "羽毛球", "摄影"]', 12, 'MED', 'EXPLORER');
INSERT INTO sys_user (id, school_email, password) VALUES (200, 'stu20250191@campus.example.edu', 'Stu@20258067');
INSERT INTO student_resume (user_id, real_name, contact_phone, major, personal_statement, raw_text, structured_data) VALUES (200, '冯亦远', '154448599480', '建筑学', '我是冯亦远，来自建筑学专业。我的兴趣爱好包括公益、摄影、编程，希望能加入贵社团贡献力量。', 'Imported from dataset', '{"skills": "公益、摄影、编程"}');
INSERT INTO student_profile (user_id, interest_tags, weekly_free_hours, commitment_level, personality_type) VALUES (200, '["公益", "摄影", "编程"]', 12, 'MED', 'EXPLORER');
INSERT INTO sys_user (id, school_email, password) VALUES (201, 'stu20250192@campus.example.edu', 'Stu@20258104');
INSERT INTO student_resume (user_id, real_name, contact_phone, major, personal_statement, raw_text, structured_data) VALUES (201, '赵子航', '152312684197', '软件工程', '我是赵子航，来自软件工程专业。我的兴趣爱好包括音乐、短视频、摄影，希望能加入贵社团贡献力量。', 'Imported from dataset', '{"skills": "音乐、短视频、摄影"}');
INSERT INTO student_profile (user_id, interest_tags, weekly_free_hours, commitment_level, personality_type) VALUES (201, '["音乐", "短视频", "摄影"]', 11, 'MED', 'EXPLORER');
INSERT INTO sys_user (id, school_email, password) VALUES (202, 'stu20250193@campus.example.edu', 'Stu@20258141');
INSERT INTO student_resume (user_id, real_name, contact_phone, major, personal_statement, raw_text, structured_data) VALUES (202, '马宁妍', '132379709399', '市场营销', '我是马宁妍，来自市场营销专业。我的兴趣爱好包括编程、绘画、辩论，希望能加入贵社团贡献力量。', 'Imported from dataset', '{"skills": "编程、绘画、辩论"}');
INSERT INTO student_profile (user_id, interest_tags, weekly_free_hours, commitment_level, personality_type) VALUES (202, '["编程", "绘画", "辩论"]', 13, 'MED', 'EXPLORER');
INSERT INTO sys_user (id, school_email, password) VALUES (203, 'stu20250194@campus.example.edu', 'Stu@20258178');
INSERT INTO student_resume (user_id, real_name, contact_phone, major, personal_statement, raw_text, structured_data) VALUES (203, '于诺彤', '136086885227', '自动化', '我是于诺彤，来自自动化专业。我的兴趣爱好包括辩论、阅读、跑步，希望能加入贵社团贡献力量。', 'Imported from dataset', '{"skills": "辩论、阅读、跑步"}');
INSERT INTO student_profile (user_id, interest_tags, weekly_free_hours, commitment_level, personality_type) VALUES (203, '["辩论", "阅读", "跑步"]', 10, 'MED', 'EXPLORER');
INSERT INTO sys_user (id, school_email, password) VALUES (204, 'stu20250195@campus.example.edu', 'Stu@20258215');
INSERT INTO student_resume (user_id, real_name, contact_phone, major, personal_statement, raw_text, structured_data) VALUES (204, '于一', '135467117693', '土木工程', '我是于一，来自土木工程专业。我的兴趣爱好包括短视频、设计、编程，希望能加入贵社团贡献力量。', 'Imported from dataset', '{"skills": "短视频、设计、编程"}');
INSERT INTO student_profile (user_id, interest_tags, weekly_free_hours, commitment_level, personality_type) VALUES (204, '["短视频", "设计", "编程"]', 15, 'MED', 'EXPLORER');
INSERT INTO sys_user (id, school_email, password) VALUES (205, 'stu20250196@campus.example.edu', 'Stu@20258252');
INSERT INTO student_resume (user_id, real_name, contact_phone, major, personal_statement, raw_text, structured_data) VALUES (205, '胡怡言', '173574425759', '历史学', '我是胡怡言，来自历史学专业。我的兴趣爱好包括阅读、跑步、编程，希望能加入贵社团贡献力量。', 'Imported from dataset', '{"skills": "阅读、跑步、编程"}');
INSERT INTO student_profile (user_id, interest_tags, weekly_free_hours, commitment_level, personality_type) VALUES (205, '["阅读", "跑步", "编程"]', 13, 'MED', 'EXPLORER');
INSERT INTO sys_user (id, school_email, password) VALUES (206, 'stu20250197@campus.example.edu', 'Stu@20258289');
INSERT INTO student_resume (user_id, real_name, contact_phone, major, personal_statement, raw_text, structured_data) VALUES (206, '马怡朗', '195957998973', '汉语言文学', '我是马怡朗，来自汉语言文学专业。我的兴趣爱好包括设计、短视频、跑步，希望能加入贵社团贡献力量。', 'Imported from dataset', '{"skills": "设计、短视频、跑步"}');
INSERT INTO student_profile (user_id, interest_tags, weekly_free_hours, commitment_level, personality_type) VALUES (206, '["设计", "短视频", "跑步"]', 15, 'MED', 'EXPLORER');
INSERT INTO sys_user (id, school_email, password) VALUES (207, 'stu20250198@campus.example.edu', 'Stu@20258326');
INSERT INTO student_resume (user_id, real_name, contact_phone, major, personal_statement, raw_text, structured_data) VALUES (207, '唐宇', '182144939207', '软件工程', '我是唐宇，来自软件工程专业。我的兴趣爱好包括羽毛球、阅读、音乐，希望能加入贵社团贡献力量。', 'Imported from dataset', '{"skills": "羽毛球、阅读、音乐"}');
INSERT INTO student_profile (user_id, interest_tags, weekly_free_hours, commitment_level, personality_type) VALUES (207, '["羽毛球", "阅读", "音乐"]', 8, 'MED', 'EXPLORER');
INSERT INTO sys_user (id, school_email, password) VALUES (208, 'stu20250199@campus.example.edu', 'Stu@20258363');
INSERT INTO student_resume (user_id, real_name, contact_phone, major, personal_statement, raw_text, structured_data) VALUES (208, '杨景', '194962029780', '环境工程', '我是杨景，来自环境工程专业。我的兴趣爱好包括绘画、摄影、短视频，希望能加入贵社团贡献力量。', 'Imported from dataset', '{"skills": "绘画、摄影、短视频"}');
INSERT INTO student_profile (user_id, interest_tags, weekly_free_hours, commitment_level, personality_type) VALUES (208, '["绘画", "摄影", "短视频"]', 4, 'MED', 'EXPLORER');
INSERT INTO sys_user (id, school_email, password) VALUES (209, 'stu20250200@campus.example.edu', 'Stu@20258400');
INSERT INTO student_resume (user_id, real_name, contact_phone, major, personal_statement, raw_text, structured_data) VALUES (209, '郭博菲', '155333847295', '教育学', '我是郭博菲，来自教育学专业。我的兴趣爱好包括志愿服务、摄影、羽毛球，希望能加入贵社团贡献力量。', 'Imported from dataset', '{"skills": "志愿服务、摄影、羽毛球"}');
INSERT INTO student_profile (user_id, interest_tags, weekly_free_hours, commitment_level, personality_type) VALUES (209, '["志愿服务", "摄影", "羽毛球"]', 14, 'MED', 'EXPLORER');