-- Final Production-Grade Test Data (Phase 7+8)
DELETE FROM recruitment_job;
DELETE FROM sys_user;
DELETE FROM student_resume;
DELETE FROM student_profile;

INSERT INTO recruitment_job (id, club_id, club_name, category, title, description, requirement_tags, slots, established_year, org_level, guidance_unit, main_activities, representative_activities, member_size, activity_frequency, publicity_channels) VALUES (1, 1001, '星海文学社', '艺术', '星海文学社核心成员招募', '以小说、诗歌、散文创作为核心的校园文学社团，长期组织主题征文、读书沙龙、作家讲座与校园刊物编辑。', '["\u57fa\u7840\u534f\u4f5c", "\u76f8\u5173\u5174\u8da3"]', 10, '1998', '校级社团', '文学院', '文学创作培训、读书会、校刊编辑、公开朗读会、跨校文学交流', '2022年春季校园原创诗会；2023年城市青年写作营；2024年‘夜读与创作’文学节', '52人', '每月2次常规活动，每学期1次品牌活动', '微信公众号、QQ/微信群');
INSERT INTO recruitment_job (id, club_id, club_name, category, title, description, requirement_tags, slots, established_year, org_level, guidance_unit, main_activities, representative_activities, member_size, activity_frequency, publicity_channels) VALUES (2, 1002, '未名辩论协会', '学术', '未名辩论协会核心成员招募', '面向全校学生开放的思辨型社团，围绕公共议题、社会热点与学术主题开展辩论训练与赛事组织。', '["\u57fa\u7840\u534f\u4f5c", "\u76f8\u5173\u5174\u8da3"]', 10, '2003', '院级精品社团', '马克思主义学院', '新生表演赛、院系联赛、模拟政策辩论、演讲工作坊、赛后复盘', '2021年校际华语辩论邀请赛八强；2023年公共表达训练营；2024年AI伦理主题辩论公开赛', '59人', '每周1-2次训练，每学期2场赛事', '微信公众号、QQ/微信群');
INSERT INTO recruitment_job (id, club_id, club_name, category, title, description, requirement_tags, slots, established_year, org_level, guidance_unit, main_activities, representative_activities, member_size, activity_frequency, publicity_channels) VALUES (3, 1003, '青衿汉服文化社', '全部', '青衿汉服文化社核心成员招募', '致力于传统服饰、礼仪与节俗传播的文化类社团，重视知识普及与沉浸式活动策划。', '["\u57fa\u7840\u534f\u4f5c", "\u76f8\u5173\u5174\u8da3"]', 10, '2012', '校级社团', '人文学院', '汉服形制讲座、传统节日游园、礼仪展示、妆造体验、非遗手作', '2022年上巳节雅集；2023年中秋汉服游园会；2024年非遗妆造与礼仪周', '66人', '每月2次常规活动，每学期1次品牌活动', '微信公众号、QQ/微信群');
INSERT INTO recruitment_job (id, club_id, club_name, category, title, description, requirement_tags, slots, established_year, org_level, guidance_unit, main_activities, representative_activities, member_size, activity_frequency, publicity_channels) VALUES (4, 1004, '云帆摄影社', '艺术', '云帆摄影社核心成员招募', '聚焦摄影基础、纪实表达与校园影像记录，兼顾设备教学和作品策展。', '["\u57fa\u7840\u534f\u4f5c", "\u76f8\u5173\u5174\u8da3"]', 10, '2006', '院级社团', '新闻与传播学院', '摄影采风、后期修图培训、器材试拍、主题影展、毕业季影像记录', '2021年校园四季摄影展；2023年城市夜景采风计划；2024年‘新生第一张人像’公益拍摄', '73人', '每周1次例会，每月1次采风/展映', '微信公众号、QQ/微信群、视频号/小红书');
INSERT INTO recruitment_job (id, club_id, club_name, category, title, description, requirement_tags, slots, established_year, org_level, guidance_unit, main_activities, representative_activities, member_size, activity_frequency, publicity_channels) VALUES (5, 1005, '流光电影社', '艺术', '流光电影社核心成员招募', '以电影赏析、短片创作与影像讨论为核心的艺术类社团，关注类型电影与作者表达。', '["\u57fa\u7840\u534f\u4f5c", "\u76f8\u5173\u5174\u8da3"]', 10, '2009', '校级重点社团', '新闻与传播学院', '每周观影会、映后讨论、短片拍摄、编剧分享、电影配乐赏析', '2022年女性影像专题月；2023年48小时短片挑战；2024年校园原创短片展映', '80人', '每周1次例会，每月1次采风/展映', '微信公众号、QQ/微信群、视频号/小红书');
INSERT INTO recruitment_job (id, club_id, club_name, category, title, description, requirement_tags, slots, established_year, org_level, guidance_unit, main_activities, representative_activities, member_size, activity_frequency, publicity_channels) VALUES (6, 1006, '天问天文社', '技术', '天问天文社核心成员招募', '由天文爱好者组成的科普与观测社团，组织星空观测、天象讲解与中小学科普志愿服务。', '["\u57fa\u7840\u534f\u4f5c", "\u76f8\u5173\u5174\u8da3"]', 10, '2001', '校级社团', '物理学院', '天文望远镜实操、流星雨观测、科普讲座、天象直播、天文营', '2022年英仙座流星雨夜观测；2023年日食科普直播；2024年校园星空开放夜', '87人', '双周活动，重要天象期间加开', '微信公众号、QQ/微信群');
INSERT INTO recruitment_job (id, club_id, club_name, category, title, description, requirement_tags, slots, established_year, org_level, guidance_unit, main_activities, representative_activities, member_size, activity_frequency, publicity_channels) VALUES (7, 1007, '声入人心合唱团', '艺术', '声入人心合唱团核心成员招募', '学校历史较长的音乐类社团，强调多声部训练、舞台演绎与校园大型演出合作。', '["\u57fa\u7840\u534f\u4f5c", "\u76f8\u5173\u5174\u8da3"]', 10, '1995', '院级精品社团', '艺术学院', '合唱排练、声乐训练、迎新演出、专场音乐会、社区慰问演出', '2021年校庆合唱专场；2023年冬季音乐会；2024年与交响乐团联合演出‘春之声’', '94人', '每周2次排练，演出季加练', '微信公众号、QQ/微信群、视频号/小红书');
INSERT INTO recruitment_job (id, club_id, club_name, category, title, description, requirement_tags, slots, established_year, org_level, guidance_unit, main_activities, representative_activities, member_size, activity_frequency, publicity_channels) VALUES (8, 1008, '拾级话剧社', '艺术', '拾级话剧社核心成员招募', '以戏剧表演、舞台设计与原创剧本孵化为特色，培养学生舞台协作能力。', '["\u57fa\u7840\u534f\u4f5c", "\u76f8\u5173\u5174\u8da3"]', 10, '1999', '校级社团', '艺术学院', '剧本围读、表演训练、舞美制作、年度公演、即兴戏剧工作坊', '2022年原创剧《长廊》首演；2023年新生戏剧节；2024年经典独幕剧巡演', '101人', '每周2次排练，演出前集中训练', '微信公众号、QQ/微信群、视频号/小红书');
INSERT INTO recruitment_job (id, club_id, club_name, category, title, description, requirement_tags, slots, established_year, org_level, guidance_unit, main_activities, representative_activities, member_size, activity_frequency, publicity_channels) VALUES (9, 1009, '墨痕书法社', '全部', '墨痕书法社核心成员招募', '围绕楷书、隶书、行书等传统书法学习与作品交流开展活动，兼顾篆刻体验。', '["\u57fa\u7840\u534f\u4f5c", "\u76f8\u5173\u5174\u8da3"]', 10, '2004', '院级社团', '人文学院', '临帖练习、名家作品赏析、春联义写、篆刻体验、校内展览', '2022年迎春送福写春联；2023年碑帖临摹月；2024年毕业季书法纪念册创作', '108人', '每月2次常规活动，每学期1次品牌活动', '微信公众号、QQ/微信群');
INSERT INTO recruitment_job (id, club_id, club_name, category, title, description, requirement_tags, slots, established_year, org_level, guidance_unit, main_activities, representative_activities, member_size, activity_frequency, publicity_channels) VALUES (10, 1010, '知行志愿者协会', '公益', '知行志愿者协会核心成员招募', '校园公益服务骨干社团，组织助老、支教、环保与大型赛事志愿服务项目。', '["\u57fa\u7840\u534f\u4f5c", "\u76f8\u5173\u5174\u8da3"]', 10, '2000', '校级重点社团', '校团委', '社区服务、支教活动、公益募捐、校园文明倡导、赛事志愿服务', '2021年暑期乡村支教；2023年无障碍校园倡议；2024年马拉松赛事志愿服务', '115人', '每周志愿服务，每月专题活动', '微信公众号、QQ/微信群、打卡小程序');
INSERT INTO recruitment_job (id, club_id, club_name, category, title, description, requirement_tags, slots, established_year, org_level, guidance_unit, main_activities, representative_activities, member_size, activity_frequency, publicity_channels) VALUES (11, 1011, '绿芽环保协会', '公益', '绿芽环保协会核心成员招募', '倡导可持续生活方式和校园环保行动的公益社团，兼具实践与倡议属性。', '["\u57fa\u7840\u534f\u4f5c", "\u76f8\u5173\u5174\u8da3"]', 10, '2008', '校级社团', '校团委', '旧物回收、垃圾分类宣传、环保市集、自然教育、低碳打卡', '2022年地球周绿色集市；2023年校园零废弃挑战；2024年湿地保护志愿行', '122人', '每周志愿服务，每月专题活动', '微信公众号、QQ/微信群、打卡小程序');
INSERT INTO recruitment_job (id, club_id, club_name, category, title, description, requirement_tags, slots, established_year, org_level, guidance_unit, main_activities, representative_activities, member_size, activity_frequency, publicity_channels) VALUES (12, 1012, '蓝桥编程社', '技术', '蓝桥编程社核心成员招募', '面向程序设计、算法竞赛与工程实践爱好者的技术社团，兼顾入门教学与项目协作。', '["\u57fa\u7840\u534f\u4f5c", "\u76f8\u5173\u5174\u8da3"]', 10, '2014', '院级精品社团', '计算机学院', '算法训练营、代码评审、项目开发、竞赛组队、技术分享', '2022年新生Python训练营；2023年校内Hackathon；2024年开源项目协作月', '129人', '每周技术例会，每学期1次集训', '微信公众号、QQ/微信群、飞书/Notion项目群');
INSERT INTO recruitment_job (id, club_id, club_name, category, title, description, requirement_tags, slots, established_year, org_level, guidance_unit, main_activities, representative_activities, member_size, activity_frequency, publicity_channels) VALUES (13, 1013, '智造机器人协会', '技术', '智造机器人协会核心成员招募', '聚焦机器人结构设计、嵌入式开发与比赛实践的工程类社团。', '["\u57fa\u7840\u534f\u4f5c", "\u76f8\u5173\u5174\u8da3"]', 10, '2011', '校级社团', '计算机学院', '机械设计、单片机开发、机器人调试、赛事备赛、实验室开放日', '2021年RoboMaster校队招新训练；2023年机器人创客嘉年华；2024年智能巡检车项目展示', '136人', '每周技术例会，每学期1次集训', '微信公众号、QQ/微信群、飞书/Notion项目群');
INSERT INTO recruitment_job (id, club_id, club_name, category, title, description, requirement_tags, slots, established_year, org_level, guidance_unit, main_activities, representative_activities, member_size, activity_frequency, publicity_channels) VALUES (14, 1014, '经世模拟商赛社', '全部', '经世模拟商赛社核心成员招募', '以商业分析、案例竞赛和创新创业训练为重点的经管类社团。', '["\u57fa\u7840\u534f\u4f5c", "\u76f8\u5173\u5174\u8da3"]', 10, '2015', '院级社团', '创新创业学院', '案例分析、路演训练、商业模型拆解、企业参访、创业沙龙', '2022年商业案例分析公开课；2023年校园创业提案赛；2024年消费品牌研究工作坊', '143人', '双周分享，每学期1次路演营', '微信公众号、QQ/微信群、飞书/Notion项目群');
INSERT INTO recruitment_job (id, club_id, club_name, category, title, description, requirement_tags, slots, established_year, org_level, guidance_unit, main_activities, representative_activities, member_size, activity_frequency, publicity_channels) VALUES (15, 1015, '明德模拟联合国协会', '全部', '明德模拟联合国协会核心成员招募', '通过模拟国际组织议事规则培养公共表达、议题研究与英文会议能力的国际交流型社团。', '["\u57fa\u7840\u534f\u4f5c", "\u76f8\u5173\u5174\u8da3"]', 10, '2007', '校级重点社团', '国际教育学院', '规则培训、议题研究、会场模拟、学术写作、校际大会', '2021年气候变化主题校会；2023年区域安全议题英文会；2024年青年外交官训练营', '150人', '每周语言/议题活动，每学期1次大会', '微信公众号、QQ/微信群');
INSERT INTO recruitment_job (id, club_id, club_name, category, title, description, requirement_tags, slots, established_year, org_level, guidance_unit, main_activities, representative_activities, member_size, activity_frequency, publicity_channels) VALUES (16, 1016, '丝路国际文化交流社', '全部', '丝路国际文化交流社核心成员招募', '促进中外学生交流与多元文化理解的国际化社团。', '["\u57fa\u7840\u534f\u4f5c", "\u76f8\u5173\u5174\u8da3"]', 10, '2013', '校级社团', '国际教育学院', '语言角、文化分享夜、节庆体验、城市参访、国际学生联谊', '2022年世界美食文化周；2023年国际学生城市探索；2024年跨文化沟通工作坊', '157人', '每周语言/议题活动，每学期1次大会', '微信公众号、QQ/微信群');
INSERT INTO recruitment_job (id, club_id, club_name, category, title, description, requirement_tags, slots, established_year, org_level, guidance_unit, main_activities, representative_activities, member_size, activity_frequency, publicity_channels) VALUES (17, 1017, '晨跑与马拉松协会', '体育', '晨跑与马拉松协会核心成员招募', '服务校园跑步爱好者的运动社团，注重科学训练和大众参与。', '["\u57fa\u7840\u534f\u4f5c", "\u76f8\u5173\u5174\u8da3"]', 10, '2010', '院级精品社团', '体育教学部', '晨跑打卡、配速训练、运动康复讲座、校内路跑、赛事组团', '2022年半马训练计划；2023年荧光夜跑活动；2024年校友返校接力赛', '164人', '每周2-3次训练，每学期1次比赛', '微信公众号、QQ/微信群、打卡小程序');
INSERT INTO recruitment_job (id, club_id, club_name, category, title, description, requirement_tags, slots, established_year, org_level, guidance_unit, main_activities, representative_activities, member_size, activity_frequency, publicity_channels) VALUES (18, 1018, '凌云登山户外社', '体育', '凌云登山户外社核心成员招募', '开展徒步、露营、定向越野与户外安全培训的综合户外社团。', '["\u57fa\u7840\u534f\u4f5c", "\u76f8\u5173\u5174\u8da3"]', 10, '2005', '校级社团', '体育教学部', '户外基础培训、周末徒步、露营实践、绳结课程、安全演练', '2021年新手山野训练营；2023年春季露营大会；2024年城市定向越野挑战', '171人', '每周2-3次训练，每学期1次比赛', '微信公众号、QQ/微信群、打卡小程序');
INSERT INTO recruitment_job (id, club_id, club_name, category, title, description, requirement_tags, slots, established_year, org_level, guidance_unit, main_activities, representative_activities, member_size, activity_frequency, publicity_channels) VALUES (19, 1019, '清风羽毛球协会', '体育', '清风羽毛球协会核心成员招募', '以大众羽毛球普及和校内联赛组织为主的体育社团。', '["\u57fa\u7840\u534f\u4f5c", "\u76f8\u5173\u5174\u8da3"]', 10, '2002', '院级社团', '体育教学部', '基础教学、分级对抗、双打配对、裁判培训、联赛组织', '2022年院系混双联赛；2023年新生杯羽毛球赛；2024年校友友谊邀请赛', '178人', '每周2-3次训练，每学期1次比赛', '微信公众号、QQ/微信群、打卡小程序');
INSERT INTO recruitment_job (id, club_id, club_name, category, title, description, requirement_tags, slots, established_year, org_level, guidance_unit, main_activities, representative_activities, member_size, activity_frequency, publicity_channels) VALUES (20, 1020, '破浪篮球社', '体育', '破浪篮球社核心成员招募', '面向篮球爱好者的群众性体育社团，既组织训练也承担校园赛事运营。', '["\u57fa\u7840\u534f\u4f5c", "\u76f8\u5173\u5174\u8da3"]', 10, '1997', '校级重点社团', '体育教学部', '投篮训练、3v3对抗、裁判培训、班级联赛、球迷观赛活动', '2021年三人篮球公开赛；2023年女子篮球推广月；2024年班级联赛决赛周', '50人', '每周2-3次训练，每学期1次比赛', '微信公众号、QQ/微信群、打卡小程序');
INSERT INTO recruitment_job (id, club_id, club_name, category, title, description, requirement_tags, slots, established_year, org_level, guidance_unit, main_activities, representative_activities, member_size, activity_frequency, publicity_channels) VALUES (21, 1021, '飞羽舞蹈社', '艺术', '飞羽舞蹈社核心成员招募', '覆盖现代舞、爵士、K-pop与编舞实践的综合舞蹈社团。', '["\u57fa\u7840\u534f\u4f5c", "\u76f8\u5173\u5174\u8da3"]', 10, '2008', '校级社团', '艺术学院', '基础训练、成品舞排练、编舞分享、快闪表演、年度汇演', '2022年社团文化节舞台秀；2023年原创编舞展演；2024年毕业季草坪舞会', '57人', '每周2次排练，演出前集中训练', '微信公众号、QQ/微信群、视频号/小红书');
INSERT INTO recruitment_job (id, club_id, club_name, category, title, description, requirement_tags, slots, established_year, org_level, guidance_unit, main_activities, representative_activities, member_size, activity_frequency, publicity_channels) VALUES (22, 1022, '音浪吉他社', '艺术', '音浪吉他社核心成员招募', '以木吉他、电吉他教学与乐队合作为特色的音乐社团。', '["\u57fa\u7840\u534f\u4f5c", "\u76f8\u5173\u5174\u8da3"]', 10, '2006', '院级精品社团', '艺术学院', '乐理基础、弹唱练习、乐队排练、设备分享、路演表演', '2021年草地民谣夜；2023年校园不插电音乐会；2024年原创歌曲征集计划', '64人', '每周2次排练，演出季加练', '微信公众号、QQ/微信群、视频号/小红书');
INSERT INTO recruitment_job (id, club_id, club_name, category, title, description, requirement_tags, slots, established_year, org_level, guidance_unit, main_activities, representative_activities, member_size, activity_frequency, publicity_channels) VALUES (23, 1023, '逐梦电竞社', '全部', '逐梦电竞社核心成员招募', '围绕电子竞技赛事组织、战术交流和行业认知拓展开展活动的青年社团。', '["\u57fa\u7840\u534f\u4f5c", "\u76f8\u5173\u5174\u8da3"]', 10, '2018', '校级社团', '电子信息学院', '校内联赛、OB解说培训、战术复盘、选手交流、行业讲座', '2022年峡谷争霸赛；2023年高校电竞解说体验营；2024年全民电竞嘉年华', '71人', '每周训练赛/交流赛，每学期1次校内联赛', '微信公众号、QQ/微信群、B站/赛事直播群');
INSERT INTO recruitment_job (id, club_id, club_name, category, title, description, requirement_tags, slots, established_year, org_level, guidance_unit, main_activities, representative_activities, member_size, activity_frequency, publicity_channels) VALUES (24, 1024, '木语手作社', '全部', '木语手作社核心成员招募', '以木工、皮具、陶艺等手作体验为主的创意生活社团。', '["\u57fa\u7840\u534f\u4f5c", "\u76f8\u5173\u5174\u8da3"]', 10, '2016', '院级社团', '后勤与劳动教育中心', '手作工坊、材料认知、作品集市、跨社团联名、节日礼物制作', '2022年木作入门月；2023年毕业礼物手作集；2024年校园创意市集', '78人', '双周体验活动，每月养护打卡', '微信公众号、QQ/微信群');
INSERT INTO recruitment_job (id, club_id, club_name, category, title, description, requirement_tags, slots, established_year, org_level, guidance_unit, main_activities, representative_activities, member_size, activity_frequency, publicity_channels) VALUES (25, 1025, '星火创新创业协会', '全部', '星火创新创业协会核心成员招募', '服务创新项目孵化和创业素养培养的实践型社团。', '["\u57fa\u7840\u534f\u4f5c", "\u76f8\u5173\u5174\u8da3"]', 10, '2014', '校级重点社团', '创新创业学院', '创业训练营、项目诊断、投融资分享、校友导师会、路演', '2021年创业者面对面；2023年创新项目加速营；2024年创业计划书工作坊', '85人', '双周分享，每学期1次路演营', '微信公众号、QQ/微信群、飞书/Notion项目群');
INSERT INTO recruitment_job (id, club_id, club_name, category, title, description, requirement_tags, slots, established_year, org_level, guidance_unit, main_activities, representative_activities, member_size, activity_frequency, publicity_channels) VALUES (26, 1026, '博雅历史研究社', '学术', '博雅历史研究社核心成员招募', '面向历史爱好者开展文献阅读、专题研讨和遗址参访的学术社团。', '["\u57fa\u7840\u534f\u4f5c", "\u76f8\u5173\u5174\u8da3"]', 10, '2003', '校级社团', '历史文化学院', '史料共读、专题讲座、博物馆参访、口述史采访、学术写作', '2022年地方史田野调查；2023年博物馆策展志愿项目；2024年近现代史读书季', '92人', '双周研讨，每学期1次田野/参访', '微信公众号、QQ/微信群');
INSERT INTO recruitment_job (id, club_id, club_name, category, title, description, requirement_tags, slots, established_year, org_level, guidance_unit, main_activities, representative_activities, member_size, activity_frequency, publicity_channels) VALUES (27, 1027, '心语心理协会', '公益', '心语心理协会核心成员招募', '以心理健康知识普及、朋辈支持与校园减压活动为重点的服务型社团。', '["\u57fa\u7840\u534f\u4f5c", "\u76f8\u5173\u5174\u8da3"]', 10, '2009', '院级精品社团', '校团委', '心理讲座、减压工作坊、朋辈活动、情绪表达体验、主题宣传', '2021年期末减压周；2023年‘认识情绪’主题月；2024年睡眠与压力管理工作坊', '99人', '每周志愿服务，每月专题活动', '微信公众号、QQ/微信群、打卡小程序');
INSERT INTO recruitment_job (id, club_id, club_name, category, title, description, requirement_tags, slots, established_year, org_level, guidance_unit, main_activities, representative_activities, member_size, activity_frequency, publicity_channels) VALUES (28, 1028, '经纬地理探索社', '学术', '经纬地理探索社核心成员招募', '融合自然地理、人文地理与GIS兴趣交流的学术实践社团。', '["\u57fa\u7840\u534f\u4f5c", "\u76f8\u5173\u5174\u8da3"]', 10, '2011', '校级社团', '历史文化学院', '地图绘制、野外考察、地理影像分享、GIS入门、城市观察', '2022年校园地理观察路线；2023年湿地调查实践；2024年手绘地图作品展', '106人', '双周研讨，每学期1次田野/参访', '微信公众号、QQ/微信群');
INSERT INTO recruitment_job (id, club_id, club_name, category, title, description, requirement_tags, slots, established_year, org_level, guidance_unit, main_activities, representative_activities, member_size, activity_frequency, publicity_channels) VALUES (29, 1029, '法眼法律援助社', '学术', '法眼法律援助社核心成员招募', '在专业指导下开展法治宣传、案例讨论与普法志愿服务的法学社团。', '["\u57fa\u7840\u534f\u4f5c", "\u76f8\u5173\u5174\u8da3"]', 10, '2010', '院级社团', '法学院', '模拟法庭、普法讲座、案例研讨、社区咨询志愿、文书训练', '2021年民法典宣传周；2023年消费者权益普法月；2024年校园反诈专题行动', '113人', '双周案例研讨，每学期1次普法月', '微信公众号、QQ/微信群');
INSERT INTO recruitment_job (id, club_id, club_name, category, title, description, requirement_tags, slots, established_year, org_level, guidance_unit, main_activities, representative_activities, member_size, activity_frequency, publicity_channels) VALUES (30, 1030, '求索数学建模协会', '技术', '求索数学建模协会核心成员招募', '服务数学建模竞赛与数据分析能力培养的学习型社团。', '["\u57fa\u7840\u534f\u4f5c", "\u76f8\u5173\u5174\u8da3"]', 10, '2012', '校级重点社团', '计算机学院', '建模培训、论文复盘、LaTeX教学、组队训练、算法实践', '2022年暑期建模集训；2023年优秀论文分享会；2024年数据建模实战营', '120人', '每周技术例会，每学期1次集训', '微信公众号、QQ/微信群、飞书/Notion项目群');
INSERT INTO recruitment_job (id, club_id, club_name, category, title, description, requirement_tags, slots, established_year, org_level, guidance_unit, main_activities, representative_activities, member_size, activity_frequency, publicity_channels) VALUES (31, 1031, '远航英语演讲社', '全部', '远航英语演讲社核心成员招募', '通过英语演讲、即兴表达和跨文化议题讨论提升语言应用能力。', '["\u57fa\u7840\u534f\u4f5c", "\u76f8\u5173\u5174\u8da3"]', 10, '2004', '校级社团', '外国语学院', '演讲训练、TED模仿、即兴问答、英文主持、跨文化讨论', '2021年英文公众表达周；2023年主题演讲挑战赛；2024年国际传播表达工作坊', '127人', '每周口语活动，每学期1次演讲赛', '微信公众号、QQ/微信群');
INSERT INTO recruitment_job (id, club_id, club_name, category, title, description, requirement_tags, slots, established_year, org_level, guidance_unit, main_activities, representative_activities, member_size, activity_frequency, publicity_channels) VALUES (32, 1032, '丹青美术社', '艺术', '丹青美术社核心成员招募', '开展素描、水彩、插画与展览策划的校园美术社团。', '["\u57fa\u7840\u534f\u4f5c", "\u76f8\u5173\u5174\u8da3"]', 10, '1996', '院级精品社团', '美术学院', '写生、材料技法教学、联展策划、墙绘合作、插画交流', '2022年春日写生计划；2023年校园艺术墙绘项目；2024年毕业作品联展', '134人', '每周创作活动，每学期1次联展', '微信公众号、QQ/微信群、视频号/小红书');
INSERT INTO recruitment_job (id, club_id, club_name, category, title, description, requirement_tags, slots, established_year, org_level, guidance_unit, main_activities, representative_activities, member_size, activity_frequency, publicity_channels) VALUES (33, 1033, '风物民俗社', '全部', '风物民俗社核心成员招募', '关注地方民俗、节庆仪式与非遗传播的文化研究型社团。', '["\u57fa\u7840\u534f\u4f5c", "\u76f8\u5173\u5174\u8da3"]', 10, '2013', '校级社团', '人文学院', '民俗采风、节庆策划、非遗体验、纪录访谈、文化展陈', '2022年二十四节气展；2023年地方戏曲体验日；2024年校园非遗周', '141人', '每月2次常规活动，每学期1次品牌活动', '微信公众号、QQ/微信群');
INSERT INTO recruitment_job (id, club_id, club_name, category, title, description, requirement_tags, slots, established_year, org_level, guidance_unit, main_activities, representative_activities, member_size, activity_frequency, publicity_channels) VALUES (34, 1034, '格物科创实验社', '技术', '格物科创实验社核心成员招募', '鼓励跨学科实验、科学展示与创意原型开发的科创社团。', '["\u57fa\u7840\u534f\u4f5c", "\u76f8\u5173\u5174\u8da3"]', 10, '2017', '院级社团', '计算机学院', '科学小实验、项目孵化、展演答辩、实验安全培训、跨院合作', '2022年科学创意开放日；2023年低成本实验设计赛；2024年跨学科原型展示会', '148人', '每周技术例会，每学期1次集训', '微信公众号、QQ/微信群、飞书/Notion项目群');
INSERT INTO recruitment_job (id, club_id, club_name, category, title, description, requirement_tags, slots, established_year, org_level, guidance_unit, main_activities, representative_activities, member_size, activity_frequency, publicity_channels) VALUES (35, 1035, '星图桌游推理社', '全部', '星图桌游推理社核心成员招募', '以桌面游戏、逻辑推理和社交协作为特色的休闲社团。', '["\u57fa\u7840\u534f\u4f5c", "\u76f8\u5173\u5174\u8da3"]', 10, '2019', '校级重点社团', '学生社团管理中心', '桌游教学、狼人杀/剧本推理、逻辑挑战、主题团建、规则设计', '2022年新生桌游破冰夜；2023年校园推理嘉年华；2024年原创桌游规则征集', '155人', '每周社交局，每学期1次嘉年华', '微信公众号、QQ/微信群');
INSERT INTO recruitment_job (id, club_id, club_name, category, title, description, requirement_tags, slots, established_year, org_level, guidance_unit, main_activities, representative_activities, member_size, activity_frequency, publicity_channels) VALUES (36, 1036, '砺剑国防教育协会', '全部', '砺剑国防教育协会核心成员招募', '围绕国防知识普及、军事技能体验与爱国主义教育开展活动。', '["\u57fa\u7840\u534f\u4f5c", "\u76f8\u5173\u5174\u8da3"]', 10, '2008', '校级社团', '武装部', '国防讲座、队列训练、军事观影、军营参访、征兵宣讲协助', '2021年国防知识竞赛；2023年军事训练体验营；2024年强军主题演讲赛', '162人', '双周训练，每学期1次主题教育周', '微信公众号、QQ/微信群');
INSERT INTO recruitment_job (id, club_id, club_name, category, title, description, requirement_tags, slots, established_year, org_level, guidance_unit, main_activities, representative_activities, member_size, activity_frequency, publicity_channels) VALUES (37, 1037, '蓝海金融投资社', '全部', '蓝海金融投资社核心成员招募', '关注金融市场认知、投资研究与行业实践的经管社团。', '["\u57fa\u7840\u534f\u4f5c", "\u76f8\u5173\u5174\u8da3"]', 10, '2015', '院级精品社团', '经济管理学院', '研报写作、模拟投资、行业分享、企业参访、数据终端培训', '2022年宏观经济观察周；2023年模拟投资挑战赛；2024年ESG投资研究沙龙', '169人', '双周分享，每学期1次挑战赛', '微信公众号、QQ/微信群、飞书/Notion项目群');
INSERT INTO recruitment_job (id, club_id, club_name, category, title, description, requirement_tags, slots, established_year, org_level, guidance_unit, main_activities, representative_activities, member_size, activity_frequency, publicity_channels) VALUES (38, 1038, '青禾乡村振兴协会', '公益', '青禾乡村振兴协会核心成员招募', '聚焦乡村调研、品牌设计与社会实践的服务型社团。', '["\u57fa\u7840\u534f\u4f5c", "\u76f8\u5173\u5174\u8da3"]', 10, '2018', '校级社团', '公共管理学院', '田野调研、品牌策划、助农直播培训、乡创分享、暑期社会实践', '2022年县域农产品调研；2023年助农品牌共创计划；2024年乡村文旅策展实践', '176人', '每月项目推进，寒暑假集中实践', '微信公众号、QQ/微信群');
INSERT INTO recruitment_job (id, club_id, club_name, category, title, description, requirement_tags, slots, established_year, org_level, guidance_unit, main_activities, representative_activities, member_size, activity_frequency, publicity_channels) VALUES (39, 1039, '海棠礼仪主持社', '艺术', '海棠礼仪主持社核心成员招募', '培养主持表达、礼仪服务与大型活动现场执行能力的综合社团。', '["\u57fa\u7840\u534f\u4f5c", "\u76f8\u5173\u5174\u8da3"]', 10, '2007', '院级社团', '校团委', '主持训练、礼仪实务、活动串词写作、形体训练、赛事主持服务', '2021年十佳歌手主持组；2023年校园主持人大赛；2024年毕业典礼礼仪服务', '48人', '每周训练，重要活动季加排', '微信公众号、QQ/微信群');
INSERT INTO recruitment_job (id, club_id, club_name, category, title, description, requirement_tags, slots, established_year, org_level, guidance_unit, main_activities, representative_activities, member_size, activity_frequency, publicity_channels) VALUES (40, 1040, '极客网络安全社', '技术', '极客网络安全社核心成员招募', '围绕网络安全基础、防护意识与CTF竞赛训练开展的技术型社团。', '["\u57fa\u7840\u534f\u4f5c", "\u76f8\u5173\u5174\u8da3"]', 10, '2016', '校级重点社团', '计算机学院', 'CTF训练、漏洞原理学习、安全宣讲、靶场实践、应急演练', '2022年新生安全基础营；2023年校内CTF邀请赛；2024年反钓鱼宣传周', '55人', '每周技术例会，每学期1次集训', '微信公众号、QQ/微信群、飞书/Notion项目群');
INSERT INTO recruitment_job (id, club_id, club_name, category, title, description, requirement_tags, slots, established_year, org_level, guidance_unit, main_activities, representative_activities, member_size, activity_frequency, publicity_channels) VALUES (41, 1041, '春晖教育公益社', '公益', '春晖教育公益社核心成员招募', '面向中小学生开展课业辅导、阅读推广与成长陪伴的公益社团。', '["\u57fa\u7840\u534f\u4f5c", "\u76f8\u5173\u5174\u8da3"]', 10, '2011', '校级社团', '校团委', '周末支教、阅读计划、学业帮扶、绘本活动、家校沟通志愿', '2021年流动图书角项目；2023年暑期阅读陪伴营；2024年社区儿童学习支持计划', '62人', '每周志愿服务，每月专题活动', '微信公众号、QQ/微信群、打卡小程序');
INSERT INTO recruitment_job (id, club_id, club_name, category, title, description, requirement_tags, slots, established_year, org_level, guidance_unit, main_activities, representative_activities, member_size, activity_frequency, publicity_channels) VALUES (42, 1042, '千帆传媒社', '艺术', '千帆传媒社核心成员招募', '承担校园新媒体内容策划、采访写作与视觉传播实践的媒体社团。', '["\u57fa\u7840\u534f\u4f5c", "\u76f8\u5173\u5174\u8da3"]', 10, '2014', '院级精品社团', '新闻与传播学院', '人物采访、短视频制作、公众号运营、摄影采编、热点策划', '2022年校园人物专栏；2023年毕业季纪录短片；2024年校史影像口述计划', '69人', '每周1次例会，每月1次采风/展映', '微信公众号、QQ/微信群、视频号/小红书');
INSERT INTO recruitment_job (id, club_id, club_name, category, title, description, requirement_tags, slots, established_year, org_level, guidance_unit, main_activities, representative_activities, member_size, activity_frequency, publicity_channels) VALUES (43, 1043, '听潮播客与主持社', '艺术', '听潮播客与主持社核心成员招募', '结合播客制作、声音表达和采访叙事的新型传媒社团。', '["\u57fa\u7840\u534f\u4f5c", "\u76f8\u5173\u5174\u8da3"]', 10, '2020', '校级社团', '新闻与传播学院', '播客录制、采访训练、音频剪辑、主题策划、声音展映', '2022年‘新生第一问’播客季；2023年校园人物声景计划；2024年女性成长主题播客月', '76人', '每周1次例会，每月1次采风/展映', '微信公众号、QQ/微信群、视频号/小红书');
INSERT INTO recruitment_job (id, club_id, club_name, category, title, description, requirement_tags, slots, established_year, org_level, guidance_unit, main_activities, representative_activities, member_size, activity_frequency, publicity_channels) VALUES (44, 1044, '霁月茶艺社', '全部', '霁月茶艺社核心成员招募', '传播茶文化、礼仪与审美体验的传统文化生活社团。', '["\u57fa\u7840\u534f\u4f5c", "\u76f8\u5173\u5174\u8da3"]', 10, '2012', '院级社团', '人文学院', '茶席布置、品鉴会、茶史讲读、节气茶会、器具体验', '2021年冬日围炉茶会；2023年宋式点茶体验周；2024年春茶品鉴交流会', '83人', '每月2次常规活动，每学期1次品牌活动', '微信公众号、QQ/微信群');
INSERT INTO recruitment_job (id, club_id, club_name, category, title, description, requirement_tags, slots, established_year, org_level, guidance_unit, main_activities, representative_activities, member_size, activity_frequency, publicity_channels) VALUES (45, 1045, '逐光科幻协会', '全部', '逐光科幻协会核心成员招募', '以科幻文学、影视赏析和未来议题讨论为核心的兴趣社团。', '["\u57fa\u7840\u534f\u4f5c", "\u76f8\u5173\u5174\u8da3"]', 10, '2017', '校级重点社团', '通识教育中心', '科幻阅读会、观影讨论、主题写作、未来技术沙龙、世界观设计', '2022年刘慈欣作品共读月；2023年未来城市设定展；2024年科幻短篇创作赛', '90人', '双周读片/讨论，每学期1次征文或展览', '微信公众号、QQ/微信群、视频号/小红书');
INSERT INTO recruitment_job (id, club_id, club_name, category, title, description, requirement_tags, slots, established_year, org_level, guidance_unit, main_activities, representative_activities, member_size, activity_frequency, publicity_channels) VALUES (46, 1046, '澄怀国画社', '艺术', '澄怀国画社核心成员招募', '聚焦写意花鸟、山水临摹与传统绘画欣赏的艺术社团。', '["\u57fa\u7840\u534f\u4f5c", "\u76f8\u5173\u5174\u8da3"]', 10, '2005', '校级社团', '美术学院', '笔墨训练、临摹交流、国画讲座、节气写生、作品联展', '2022年二十四节气国画册；2023年山水写生周；2024年传统绘画雅集', '97人', '每周创作活动，每学期1次联展', '微信公众号、QQ/微信群、视频号/小红书');
INSERT INTO recruitment_job (id, club_id, club_name, category, title, description, requirement_tags, slots, established_year, org_level, guidance_unit, main_activities, representative_activities, member_size, activity_frequency, publicity_channels) VALUES (47, 1047, '沐风园艺社', '全部', '沐风园艺社核心成员招募', '开展植物养护、校园花圃共建与自然疗愈体验的生活美育社团。', '["\u57fa\u7840\u534f\u4f5c", "\u76f8\u5173\u5174\u8da3"]', 10, '2016', '院级精品社团', '后勤与劳动教育中心', '植物认养、园艺课堂、多肉手作、花圃维护、自然观察', '2022年春季种植计划；2023年校园香草花园共建；2024年植物疗愈体验月', '104人', '双周体验活动，每月养护打卡', '微信公众号、QQ/微信群');
INSERT INTO recruitment_job (id, club_id, club_name, category, title, description, requirement_tags, slots, established_year, org_level, guidance_unit, main_activities, representative_activities, member_size, activity_frequency, publicity_channels) VALUES (48, 1048, '凌波游泳协会', '体育', '凌波游泳协会核心成员招募', '服务游泳爱好者与赛事组织的体育社团，注重安全教育与技术提升。', '["\u57fa\u7840\u534f\u4f5c", "\u76f8\u5173\u5174\u8da3"]', 10, '2001', '校级社团', '体育教学部', '泳姿教学、救生知识培训、趣味接力、泳池适应训练、校内比赛', '2021年新生防溺水宣传；2023年校园泳池接力赛；2024年游泳技能提升营', '111人', '每周2-3次训练，每学期1次比赛', '微信公众号、QQ/微信群、打卡小程序');
INSERT INTO recruitment_job (id, club_id, club_name, category, title, description, requirement_tags, slots, established_year, org_level, guidance_unit, main_activities, representative_activities, member_size, activity_frequency, publicity_channels) VALUES (49, 1049, '青律民乐团', '艺术', '青律民乐团核心成员招募', '以民族器乐合奏与传统音乐传播为主的表演类社团。', '["\u57fa\u7840\u534f\u4f5c", "\u76f8\u5173\u5174\u8da3"]', 10, '1994', '院级社团', '艺术学院', '乐器分部训练、合奏排练、专场演出、民乐普及、校外交流', '2022年端午民乐雅集；2023年国风音乐专场；2024年与舞蹈社联合国风晚会', '118人', '每周2次排练，演出季加练', '微信公众号、QQ/微信群、视频号/小红书');
INSERT INTO recruitment_job (id, club_id, club_name, category, title, description, requirement_tags, slots, established_year, org_level, guidance_unit, main_activities, representative_activities, member_size, activity_frequency, publicity_channels) VALUES (50, 1050, '启程职业发展协会', '全部', '启程职业发展协会核心成员招募', '帮助学生提升求职认知、职业规划与实践能力的成长型社团。', '["\u57fa\u7840\u534f\u4f5c", "\u76f8\u5173\u5174\u8da3"]', 10, '2013', '校级重点社团', '学生就业指导中心', '简历修改、模拟面试、行业分享、校友交流、职业测评', '2021年秋招经验周；2023年咨询与互联网求职公开课；2024年简历诊所与面试日', '125人', '双周讲座/工作坊，求职季高频活动', '微信公众号、QQ/微信群');

INSERT INTO sys_user (id, school_email, password) VALUES (10, 'stu20220001@campus.example.edu', 'Stu@20221037');
INSERT INTO student_resume (user_id, real_name, contact_phone, major, personal_statement, raw_text, structured_data) VALUES (10, '谢晨妍', '199632498596', '土木工程', '我是谢晨妍，来自土木工程专业。我的兴趣爱好包括设计、辩论、摄影，希望能加入贵社团贡献力量。', 'Imported from dataset', '{"skills": "设计、辩论、摄影"}');
INSERT INTO student_profile (user_id, interest_tags, weekly_free_hours, commitment_level, personality_type) VALUES (10, '["设计", "辩论", "摄影"]', 4, 'MED', 'EXPLORER');
INSERT INTO sys_user (id, school_email, password) VALUES (11, 'stu20220002@campus.example.edu', 'Stu@20221074');
INSERT INTO student_resume (user_id, real_name, contact_phone, major, personal_statement, raw_text, structured_data) VALUES (11, '杨亦菲', '155194422722', '建筑学', '我是杨亦菲，来自建筑学专业。我的兴趣爱好包括音乐、设计、辩论，希望能加入贵社团贡献力量。', 'Imported from dataset', '{"skills": "音乐、设计、辩论"}');
INSERT INTO student_profile (user_id, interest_tags, weekly_free_hours, commitment_level, personality_type) VALUES (11, '["音乐", "设计", "辩论"]', 15, 'MED', 'EXPLORER');
INSERT INTO sys_user (id, school_email, password) VALUES (12, 'stu20220003@campus.example.edu', 'Stu@20221111');
INSERT INTO student_resume (user_id, real_name, contact_phone, major, personal_statement, raw_text, structured_data) VALUES (12, '孙睿', '197326858186', '汉语言文学', '我是孙睿，来自汉语言文学专业。我的兴趣爱好包括志愿服务、公益、摄影，希望能加入贵社团贡献力量。', 'Imported from dataset', '{"skills": "志愿服务、公益、摄影"}');
INSERT INTO student_profile (user_id, interest_tags, weekly_free_hours, commitment_level, personality_type) VALUES (12, '["志愿服务", "公益", "摄影"]', 10, 'MED', 'EXPLORER');
INSERT INTO sys_user (id, school_email, password) VALUES (13, 'stu20220004@campus.example.edu', 'Stu@20221148');
INSERT INTO student_resume (user_id, real_name, contact_phone, major, personal_statement, raw_text, structured_data) VALUES (13, '周佳希', '176545135037', '电子信息工程', '我是周佳希，来自电子信息工程专业。我的兴趣爱好包括志愿服务、阅读、短视频，希望能加入贵社团贡献力量。', 'Imported from dataset', '{"skills": "志愿服务、阅读、短视频"}');
INSERT INTO student_profile (user_id, interest_tags, weekly_free_hours, commitment_level, personality_type) VALUES (13, '["志愿服务", "阅读", "短视频"]', 13, 'MED', 'EXPLORER');
INSERT INTO sys_user (id, school_email, password) VALUES (14, 'stu20220005@campus.example.edu', 'Stu@20221185');
INSERT INTO student_resume (user_id, real_name, contact_phone, major, personal_statement, raw_text, structured_data) VALUES (14, '林景熙', '188612689117', '心理学', '我是林景熙，来自心理学专业。我的兴趣爱好包括音乐、绘画、阅读，希望能加入贵社团贡献力量。', 'Imported from dataset', '{"skills": "音乐、绘画、阅读"}');
INSERT INTO student_profile (user_id, interest_tags, weekly_free_hours, commitment_level, personality_type) VALUES (14, '["音乐", "绘画", "阅读"]', 7, 'MED', 'EXPLORER');
INSERT INTO sys_user (id, school_email, password) VALUES (15, 'stu20220006@campus.example.edu', 'Stu@20221222');
INSERT INTO student_resume (user_id, real_name, contact_phone, major, personal_statement, raw_text, structured_data) VALUES (15, '林诺', '134688004155', '市场营销', '我是林诺，来自市场营销专业。我的兴趣爱好包括编程、公益、绘画，希望能加入贵社团贡献力量。', 'Imported from dataset', '{"skills": "编程、公益、绘画"}');
INSERT INTO student_profile (user_id, interest_tags, weekly_free_hours, commitment_level, personality_type) VALUES (15, '["编程", "公益", "绘画"]', 11, 'MED', 'EXPLORER');
INSERT INTO sys_user (id, school_email, password) VALUES (16, 'stu20220007@campus.example.edu', 'Stu@20221259');
INSERT INTO student_resume (user_id, real_name, contact_phone, major, personal_statement, raw_text, structured_data) VALUES (16, '杨文宸', '135120512433', '会计学', '我是杨文宸，来自会计学专业。我的兴趣爱好包括跑步、编程、设计，希望能加入贵社团贡献力量。', 'Imported from dataset', '{"skills": "跑步、编程、设计"}');
INSERT INTO student_profile (user_id, interest_tags, weekly_free_hours, commitment_level, personality_type) VALUES (16, '["跑步", "编程", "设计"]', 14, 'MED', 'EXPLORER');
INSERT INTO sys_user (id, school_email, password) VALUES (17, 'stu20220008@campus.example.edu', 'Stu@20221296');
INSERT INTO student_resume (user_id, real_name, contact_phone, major, personal_statement, raw_text, structured_data) VALUES (17, '萧博', '159157648041', '数学与应用数学', '我是萧博，来自数学与应用数学专业。我的兴趣爱好包括编程、短视频、阅读，希望能加入贵社团贡献力量。', 'Imported from dataset', '{"skills": "编程、短视频、阅读"}');
INSERT INTO student_profile (user_id, interest_tags, weekly_free_hours, commitment_level, personality_type) VALUES (17, '["编程", "短视频", "阅读"]', 7, 'MED', 'EXPLORER');
INSERT INTO sys_user (id, school_email, password) VALUES (18, 'stu20220009@campus.example.edu', 'Stu@20221333');
INSERT INTO student_resume (user_id, real_name, contact_phone, major, personal_statement, raw_text, structured_data) VALUES (18, '周泽', '131894924511', '电子信息工程', '我是周泽，来自电子信息工程专业。我的兴趣爱好包括阅读、跑步、志愿服务，希望能加入贵社团贡献力量。', 'Imported from dataset', '{"skills": "阅读、跑步、志愿服务"}');
INSERT INTO student_profile (user_id, interest_tags, weekly_free_hours, commitment_level, personality_type) VALUES (18, '["阅读", "跑步", "志愿服务"]', 16, 'MED', 'EXPLORER');
INSERT INTO sys_user (id, school_email, password) VALUES (19, 'stu20220010@campus.example.edu', 'Stu@20221370');
INSERT INTO student_resume (user_id, real_name, contact_phone, major, personal_statement, raw_text, structured_data) VALUES (19, '何怡', '156485719206', '数据科学与大数据技术', '我是何怡，来自数据科学与大数据技术专业。我的兴趣爱好包括阅读、绘画、短视频，希望能加入贵社团贡献力量。', 'Imported from dataset', '{"skills": "阅读、绘画、短视频"}');
INSERT INTO student_profile (user_id, interest_tags, weekly_free_hours, commitment_level, personality_type) VALUES (19, '["阅读", "绘画", "短视频"]', 5, 'MED', 'EXPLORER');
INSERT INTO sys_user (id, school_email, password) VALUES (20, 'stu20220011@campus.example.edu', 'Stu@20221407');
INSERT INTO student_resume (user_id, real_name, contact_phone, major, personal_statement, raw_text, structured_data) VALUES (20, '陈宁霖', '171520764609', '金融学', '我是陈宁霖，来自金融学专业。我的兴趣爱好包括摄影、短视频、设计，希望能加入贵社团贡献力量。', 'Imported from dataset', '{"skills": "摄影、短视频、设计"}');
INSERT INTO student_profile (user_id, interest_tags, weekly_free_hours, commitment_level, personality_type) VALUES (20, '["摄影", "短视频", "设计"]', 14, 'MED', 'EXPLORER');
INSERT INTO sys_user (id, school_email, password) VALUES (21, 'stu20220012@campus.example.edu', 'Stu@20221444');
INSERT INTO student_resume (user_id, real_name, contact_phone, major, personal_statement, raw_text, structured_data) VALUES (21, '林文熙', '195538038495', '市场营销', '我是林文熙，来自市场营销专业。我的兴趣爱好包括阅读、短视频、志愿服务，希望能加入贵社团贡献力量。', 'Imported from dataset', '{"skills": "阅读、短视频、志愿服务"}');
INSERT INTO student_profile (user_id, interest_tags, weekly_free_hours, commitment_level, personality_type) VALUES (21, '["阅读", "短视频", "志愿服务"]', 9, 'MED', 'EXPLORER');
INSERT INTO sys_user (id, school_email, password) VALUES (22, 'stu20220013@campus.example.edu', 'Stu@20221481');
INSERT INTO student_resume (user_id, real_name, contact_phone, major, personal_statement, raw_text, structured_data) VALUES (22, '吴安彤', '151189278466', '市场营销', '我是吴安彤，来自市场营销专业。我的兴趣爱好包括跑步、短视频、辩论，希望能加入贵社团贡献力量。', 'Imported from dataset', '{"skills": "跑步、短视频、辩论"}');
INSERT INTO student_profile (user_id, interest_tags, weekly_free_hours, commitment_level, personality_type) VALUES (22, '["跑步", "短视频", "辩论"]', 11, 'MED', 'EXPLORER');
INSERT INTO sys_user (id, school_email, password) VALUES (23, 'stu20220014@campus.example.edu', 'Stu@20221518');
INSERT INTO student_resume (user_id, real_name, contact_phone, major, personal_statement, raw_text, structured_data) VALUES (23, '杨子雯', '175763287381', '人工智能', '我是杨子雯，来自人工智能专业。我的兴趣爱好包括短视频、跑步、摄影，希望能加入贵社团贡献力量。', 'Imported from dataset', '{"skills": "短视频、跑步、摄影"}');
INSERT INTO student_profile (user_id, interest_tags, weekly_free_hours, commitment_level, personality_type) VALUES (23, '["短视频", "跑步", "摄影"]', 12, 'MED', 'EXPLORER');
INSERT INTO sys_user (id, school_email, password) VALUES (24, 'stu20220015@campus.example.edu', 'Stu@20221555');
INSERT INTO student_resume (user_id, real_name, contact_phone, major, personal_statement, raw_text, structured_data) VALUES (24, '冯佳熙', '137392961102', '自动化', '我是冯佳熙，来自自动化专业。我的兴趣爱好包括摄影、辩论、跑步，希望能加入贵社团贡献力量。', 'Imported from dataset', '{"skills": "摄影、辩论、跑步"}');
INSERT INTO student_profile (user_id, interest_tags, weekly_free_hours, commitment_level, personality_type) VALUES (24, '["摄影", "辩论", "跑步"]', 15, 'MED', 'EXPLORER');
INSERT INTO sys_user (id, school_email, password) VALUES (25, 'stu20220016@campus.example.edu', 'Stu@20221592');
INSERT INTO student_resume (user_id, real_name, contact_phone, major, personal_statement, raw_text, structured_data) VALUES (25, '于宇轩', '177680648089', '教育学', '我是于宇轩，来自教育学专业。我的兴趣爱好包括摄影、设计、短视频，希望能加入贵社团贡献力量。', 'Imported from dataset', '{"skills": "摄影、设计、短视频"}');
INSERT INTO student_profile (user_id, interest_tags, weekly_free_hours, commitment_level, personality_type) VALUES (25, '["摄影", "设计", "短视频"]', 10, 'MED', 'EXPLORER');
INSERT INTO sys_user (id, school_email, password) VALUES (26, 'stu20220017@campus.example.edu', 'Stu@20221629');
INSERT INTO student_resume (user_id, real_name, contact_phone, major, personal_statement, raw_text, structured_data) VALUES (26, '徐思航', '175812829279', '人工智能', '我是徐思航，来自人工智能专业。我的兴趣爱好包括公益、跑步、设计，希望能加入贵社团贡献力量。', 'Imported from dataset', '{"skills": "公益、跑步、设计"}');
INSERT INTO student_profile (user_id, interest_tags, weekly_free_hours, commitment_level, personality_type) VALUES (26, '["公益", "跑步", "设计"]', 4, 'MED', 'EXPLORER');
INSERT INTO sys_user (id, school_email, password) VALUES (27, 'stu20220018@campus.example.edu', 'Stu@20221666');
INSERT INTO student_resume (user_id, real_name, contact_phone, major, personal_statement, raw_text, structured_data) VALUES (27, '于宇', '139423212508', '土木工程', '我是于宇，来自土木工程专业。我的兴趣爱好包括公益、辩论、摄影，希望能加入贵社团贡献力量。', 'Imported from dataset', '{"skills": "公益、辩论、摄影"}');
INSERT INTO student_profile (user_id, interest_tags, weekly_free_hours, commitment_level, personality_type) VALUES (27, '["公益", "辩论", "摄影"]', 12, 'MED', 'EXPLORER');
INSERT INTO sys_user (id, school_email, password) VALUES (28, 'stu20220019@campus.example.edu', 'Stu@20221703');
INSERT INTO student_resume (user_id, real_name, contact_phone, major, personal_statement, raw_text, structured_data) VALUES (28, '宋景', '152134033652', '英语', '我是宋景，来自英语专业。我的兴趣爱好包括绘画、短视频、摄影，希望能加入贵社团贡献力量。', 'Imported from dataset', '{"skills": "绘画、短视频、摄影"}');
INSERT INTO student_profile (user_id, interest_tags, weekly_free_hours, commitment_level, personality_type) VALUES (28, '["绘画", "短视频", "摄影"]', 12, 'MED', 'EXPLORER');
INSERT INTO sys_user (id, school_email, password) VALUES (29, 'stu20220020@campus.example.edu', 'Stu@20221740');
INSERT INTO student_resume (user_id, real_name, contact_phone, major, personal_statement, raw_text, structured_data) VALUES (29, '唐怡熙', '134239885808', '电子信息工程', '我是唐怡熙，来自电子信息工程专业。我的兴趣爱好包括阅读、短视频、志愿服务，希望能加入贵社团贡献力量。', 'Imported from dataset', '{"skills": "阅读、短视频、志愿服务"}');
INSERT INTO student_profile (user_id, interest_tags, weekly_free_hours, commitment_level, personality_type) VALUES (29, '["阅读", "短视频", "志愿服务"]', 7, 'MED', 'EXPLORER');
INSERT INTO sys_user (id, school_email, password) VALUES (30, 'stu20220021@campus.example.edu', 'Stu@20221777');
INSERT INTO student_resume (user_id, real_name, contact_phone, major, personal_statement, raw_text, structured_data) VALUES (30, '王浩言', '185266389566', '电子信息工程', '我是王浩言，来自电子信息工程专业。我的兴趣爱好包括阅读、设计、绘画，希望能加入贵社团贡献力量。', 'Imported from dataset', '{"skills": "阅读、设计、绘画"}');
INSERT INTO student_profile (user_id, interest_tags, weekly_free_hours, commitment_level, personality_type) VALUES (30, '["阅读", "设计", "绘画"]', 7, 'MED', 'EXPLORER');
INSERT INTO sys_user (id, school_email, password) VALUES (31, 'stu20220022@campus.example.edu', 'Stu@20221814');
INSERT INTO student_resume (user_id, real_name, contact_phone, major, personal_statement, raw_text, structured_data) VALUES (31, '于诗', '191434161497', '市场营销', '我是于诗，来自市场营销专业。我的兴趣爱好包括摄影、阅读、羽毛球，希望能加入贵社团贡献力量。', 'Imported from dataset', '{"skills": "摄影、阅读、羽毛球"}');
INSERT INTO student_profile (user_id, interest_tags, weekly_free_hours, commitment_level, personality_type) VALUES (31, '["摄影", "阅读", "羽毛球"]', 15, 'MED', 'EXPLORER');
INSERT INTO sys_user (id, school_email, password) VALUES (32, 'stu20220023@campus.example.edu', 'Stu@20221851');
INSERT INTO student_resume (user_id, real_name, contact_phone, major, personal_statement, raw_text, structured_data) VALUES (32, '张清琳', '183321558253', '新闻学', '我是张清琳，来自新闻学专业。我的兴趣爱好包括跑步、阅读、摄影，希望能加入贵社团贡献力量。', 'Imported from dataset', '{"skills": "跑步、阅读、摄影"}');
INSERT INTO student_profile (user_id, interest_tags, weekly_free_hours, commitment_level, personality_type) VALUES (32, '["跑步", "阅读", "摄影"]', 10, 'MED', 'EXPLORER');
INSERT INTO sys_user (id, school_email, password) VALUES (33, 'stu20220024@campus.example.edu', 'Stu@20221888');
INSERT INTO student_resume (user_id, real_name, contact_phone, major, personal_statement, raw_text, structured_data) VALUES (33, '张景珂', '173697142478', '土木工程', '我是张景珂，来自土木工程专业。我的兴趣爱好包括绘画、摄影、阅读，希望能加入贵社团贡献力量。', 'Imported from dataset', '{"skills": "绘画、摄影、阅读"}');
INSERT INTO student_profile (user_id, interest_tags, weekly_free_hours, commitment_level, personality_type) VALUES (33, '["绘画", "摄影", "阅读"]', 7, 'MED', 'EXPLORER');
INSERT INTO sys_user (id, school_email, password) VALUES (34, 'stu20220025@campus.example.edu', 'Stu@20221925');
INSERT INTO student_resume (user_id, real_name, contact_phone, major, personal_statement, raw_text, structured_data) VALUES (34, '罗诗航', '152170021739', '土木工程', '我是罗诗航，来自土木工程专业。我的兴趣爱好包括志愿服务、短视频、阅读，希望能加入贵社团贡献力量。', 'Imported from dataset', '{"skills": "志愿服务、短视频、阅读"}');
INSERT INTO student_profile (user_id, interest_tags, weekly_free_hours, commitment_level, personality_type) VALUES (34, '["志愿服务", "短视频", "阅读"]', 4, 'MED', 'EXPLORER');
INSERT INTO sys_user (id, school_email, password) VALUES (35, 'stu20220026@campus.example.edu', 'Stu@20221962');
INSERT INTO student_resume (user_id, real_name, contact_phone, major, personal_statement, raw_text, structured_data) VALUES (35, '韩欣珂', '134518123714', '软件工程', '我是韩欣珂，来自软件工程专业。我的兴趣爱好包括志愿服务、羽毛球、辩论，希望能加入贵社团贡献力量。', 'Imported from dataset', '{"skills": "志愿服务、羽毛球、辩论"}');
INSERT INTO student_profile (user_id, interest_tags, weekly_free_hours, commitment_level, personality_type) VALUES (35, '["志愿服务", "羽毛球", "辩论"]', 9, 'MED', 'EXPLORER');
INSERT INTO sys_user (id, school_email, password) VALUES (36, 'stu20220027@campus.example.edu', 'Stu@20221999');
INSERT INTO student_resume (user_id, real_name, contact_phone, major, personal_statement, raw_text, structured_data) VALUES (36, '周依彤', '194368364965', '英语', '我是周依彤，来自英语专业。我的兴趣爱好包括短视频、志愿服务、羽毛球，希望能加入贵社团贡献力量。', 'Imported from dataset', '{"skills": "短视频、志愿服务、羽毛球"}');
INSERT INTO student_profile (user_id, interest_tags, weekly_free_hours, commitment_level, personality_type) VALUES (36, '["短视频", "志愿服务", "羽毛球"]', 12, 'MED', 'EXPLORER');
INSERT INTO sys_user (id, school_email, password) VALUES (37, 'stu20220028@campus.example.edu', 'Stu@20222036');
INSERT INTO student_resume (user_id, real_name, contact_phone, major, personal_statement, raw_text, structured_data) VALUES (37, '唐星希', '158033913596', '建筑学', '我是唐星希，来自建筑学专业。我的兴趣爱好包括绘画、公益、编程，希望能加入贵社团贡献力量。', 'Imported from dataset', '{"skills": "绘画、公益、编程"}');
INSERT INTO student_profile (user_id, interest_tags, weekly_free_hours, commitment_level, personality_type) VALUES (37, '["绘画", "公益", "编程"]', 8, 'MED', 'EXPLORER');
INSERT INTO sys_user (id, school_email, password) VALUES (38, 'stu20220029@campus.example.edu', 'Stu@20222073');
INSERT INTO student_resume (user_id, real_name, contact_phone, major, personal_statement, raw_text, structured_data) VALUES (38, '郭晨瑶', '135436401636', '会计学', '我是郭晨瑶，来自会计学专业。我的兴趣爱好包括辩论、编程、音乐，希望能加入贵社团贡献力量。', 'Imported from dataset', '{"skills": "辩论、编程、音乐"}');
INSERT INTO student_profile (user_id, interest_tags, weekly_free_hours, commitment_level, personality_type) VALUES (38, '["辩论", "编程", "音乐"]', 16, 'MED', 'EXPLORER');
INSERT INTO sys_user (id, school_email, password) VALUES (39, 'stu20220030@campus.example.edu', 'Stu@20222110');
INSERT INTO student_resume (user_id, real_name, contact_phone, major, personal_statement, raw_text, structured_data) VALUES (39, '周睿昊', '191666899505', '环境工程', '我是周睿昊，来自环境工程专业。我的兴趣爱好包括羽毛球、设计、短视频，希望能加入贵社团贡献力量。', 'Imported from dataset', '{"skills": "羽毛球、设计、短视频"}');
INSERT INTO student_profile (user_id, interest_tags, weekly_free_hours, commitment_level, personality_type) VALUES (39, '["羽毛球", "设计", "短视频"]', 15, 'MED', 'EXPLORER');
INSERT INTO sys_user (id, school_email, password) VALUES (40, 'stu20220031@campus.example.edu', 'Stu@20222147');
INSERT INTO student_resume (user_id, real_name, contact_phone, major, personal_statement, raw_text, structured_data) VALUES (40, '梁嘉', '193426561694', '汉语言文学', '我是梁嘉，来自汉语言文学专业。我的兴趣爱好包括辩论、羽毛球、阅读，希望能加入贵社团贡献力量。', 'Imported from dataset', '{"skills": "辩论、羽毛球、阅读"}');
INSERT INTO student_profile (user_id, interest_tags, weekly_free_hours, commitment_level, personality_type) VALUES (40, '["辩论", "羽毛球", "阅读"]', 11, 'MED', 'EXPLORER');
INSERT INTO sys_user (id, school_email, password) VALUES (41, 'stu20220032@campus.example.edu', 'Stu@20222184');
INSERT INTO student_resume (user_id, real_name, contact_phone, major, personal_statement, raw_text, structured_data) VALUES (41, '梁星婷', '155345782303', '计算机科学与技术', '我是梁星婷，来自计算机科学与技术专业。我的兴趣爱好包括阅读、跑步、设计，希望能加入贵社团贡献力量。', 'Imported from dataset', '{"skills": "阅读、跑步、设计"}');
INSERT INTO student_profile (user_id, interest_tags, weekly_free_hours, commitment_level, personality_type) VALUES (41, '["阅读", "跑步", "设计"]', 7, 'MED', 'EXPLORER');
INSERT INTO sys_user (id, school_email, password) VALUES (42, 'stu20220033@campus.example.edu', 'Stu@20222221');
INSERT INTO student_resume (user_id, real_name, contact_phone, major, personal_statement, raw_text, structured_data) VALUES (42, '何天诚', '199495267687', '计算机科学与技术', '我是何天诚，来自计算机科学与技术专业。我的兴趣爱好包括设计、摄影、绘画，希望能加入贵社团贡献力量。', 'Imported from dataset', '{"skills": "设计、摄影、绘画"}');
INSERT INTO student_profile (user_id, interest_tags, weekly_free_hours, commitment_level, personality_type) VALUES (42, '["设计", "摄影", "绘画"]', 7, 'MED', 'EXPLORER');
INSERT INTO sys_user (id, school_email, password) VALUES (43, 'stu20220034@campus.example.edu', 'Stu@20222258');
INSERT INTO student_resume (user_id, real_name, contact_phone, major, personal_statement, raw_text, structured_data) VALUES (43, '冯依言', '188987973816', '软件工程', '我是冯依言，来自软件工程专业。我的兴趣爱好包括公益、阅读、设计，希望能加入贵社团贡献力量。', 'Imported from dataset', '{"skills": "公益、阅读、设计"}');
INSERT INTO student_profile (user_id, interest_tags, weekly_free_hours, commitment_level, personality_type) VALUES (43, '["公益", "阅读", "设计"]', 4, 'MED', 'EXPLORER');
INSERT INTO sys_user (id, school_email, password) VALUES (44, 'stu20220035@campus.example.edu', 'Stu@20222295');
INSERT INTO student_resume (user_id, real_name, contact_phone, major, personal_statement, raw_text, structured_data) VALUES (44, '王思', '156781057803', '工商管理', '我是王思，来自工商管理专业。我的兴趣爱好包括编程、跑步、设计，希望能加入贵社团贡献力量。', 'Imported from dataset', '{"skills": "编程、跑步、设计"}');
INSERT INTO student_profile (user_id, interest_tags, weekly_free_hours, commitment_level, personality_type) VALUES (44, '["编程", "跑步", "设计"]', 16, 'MED', 'EXPLORER');
INSERT INTO sys_user (id, school_email, password) VALUES (45, 'stu20220036@campus.example.edu', 'Stu@20222332');
INSERT INTO student_resume (user_id, real_name, contact_phone, major, personal_statement, raw_text, structured_data) VALUES (45, '周诗希', '176815922375', '法学', '我是周诗希，来自法学专业。我的兴趣爱好包括摄影、音乐、辩论，希望能加入贵社团贡献力量。', 'Imported from dataset', '{"skills": "摄影、音乐、辩论"}');
INSERT INTO student_profile (user_id, interest_tags, weekly_free_hours, commitment_level, personality_type) VALUES (45, '["摄影", "音乐", "辩论"]', 16, 'MED', 'EXPLORER');
INSERT INTO sys_user (id, school_email, password) VALUES (46, 'stu20220037@campus.example.edu', 'Stu@20222369');
INSERT INTO student_resume (user_id, real_name, contact_phone, major, personal_statement, raw_text, structured_data) VALUES (46, '宋嘉', '197138402382', '金融学', '我是宋嘉，来自金融学专业。我的兴趣爱好包括编程、设计、阅读，希望能加入贵社团贡献力量。', 'Imported from dataset', '{"skills": "编程、设计、阅读"}');
INSERT INTO student_profile (user_id, interest_tags, weekly_free_hours, commitment_level, personality_type) VALUES (46, '["编程", "设计", "阅读"]', 12, 'MED', 'EXPLORER');
INSERT INTO sys_user (id, school_email, password) VALUES (47, 'stu20220038@campus.example.edu', 'Stu@20222406');
INSERT INTO student_resume (user_id, real_name, contact_phone, major, personal_statement, raw_text, structured_data) VALUES (47, '张嘉琳', '173320043324', '工商管理', '我是张嘉琳，来自工商管理专业。我的兴趣爱好包括绘画、跑步、设计，希望能加入贵社团贡献力量。', 'Imported from dataset', '{"skills": "绘画、跑步、设计"}');
INSERT INTO student_profile (user_id, interest_tags, weekly_free_hours, commitment_level, personality_type) VALUES (47, '["绘画", "跑步", "设计"]', 12, 'MED', 'EXPLORER');
INSERT INTO sys_user (id, school_email, password) VALUES (48, 'stu20220039@campus.example.edu', 'Stu@20222443');
INSERT INTO student_resume (user_id, real_name, contact_phone, major, personal_statement, raw_text, structured_data) VALUES (48, '孙晨', '137294377516', '历史学', '我是孙晨，来自历史学专业。我的兴趣爱好包括辩论、音乐、羽毛球，希望能加入贵社团贡献力量。', 'Imported from dataset', '{"skills": "辩论、音乐、羽毛球"}');
INSERT INTO student_profile (user_id, interest_tags, weekly_free_hours, commitment_level, personality_type) VALUES (48, '["辩论", "音乐", "羽毛球"]', 8, 'MED', 'EXPLORER');
INSERT INTO sys_user (id, school_email, password) VALUES (49, 'stu20220040@campus.example.edu', 'Stu@20222480');
INSERT INTO student_resume (user_id, real_name, contact_phone, major, personal_statement, raw_text, structured_data) VALUES (49, '张睿', '181059938984', '心理学', '我是张睿，来自心理学专业。我的兴趣爱好包括羽毛球、绘画、音乐，希望能加入贵社团贡献力量。', 'Imported from dataset', '{"skills": "羽毛球、绘画、音乐"}');
INSERT INTO student_profile (user_id, interest_tags, weekly_free_hours, commitment_level, personality_type) VALUES (49, '["羽毛球", "绘画", "音乐"]', 11, 'MED', 'EXPLORER');
INSERT INTO sys_user (id, school_email, password) VALUES (50, 'stu20220041@campus.example.edu', 'Stu@20222517');
INSERT INTO student_resume (user_id, real_name, contact_phone, major, personal_statement, raw_text, structured_data) VALUES (50, '何泽霖', '171114591549', '统计学', '我是何泽霖，来自统计学专业。我的兴趣爱好包括编程、设计、跑步，希望能加入贵社团贡献力量。', 'Imported from dataset', '{"skills": "编程、设计、跑步"}');
INSERT INTO student_profile (user_id, interest_tags, weekly_free_hours, commitment_level, personality_type) VALUES (50, '["编程", "设计", "跑步"]', 11, 'MED', 'EXPLORER');
INSERT INTO sys_user (id, school_email, password) VALUES (51, 'stu20220042@campus.example.edu', 'Stu@20222554');
INSERT INTO student_resume (user_id, real_name, contact_phone, major, personal_statement, raw_text, structured_data) VALUES (51, '韩一言', '134611428876', '电子信息工程', '我是韩一言，来自电子信息工程专业。我的兴趣爱好包括志愿服务、阅读、短视频，希望能加入贵社团贡献力量。', 'Imported from dataset', '{"skills": "志愿服务、阅读、短视频"}');
INSERT INTO student_profile (user_id, interest_tags, weekly_free_hours, commitment_level, personality_type) VALUES (51, '["志愿服务", "阅读", "短视频"]', 12, 'MED', 'EXPLORER');
INSERT INTO sys_user (id, school_email, password) VALUES (52, 'stu20220043@campus.example.edu', 'Stu@20222591');
INSERT INTO student_resume (user_id, real_name, contact_phone, major, personal_statement, raw_text, structured_data) VALUES (52, '郑雨宸', '191962145632', '数据科学与大数据技术', '我是郑雨宸，来自数据科学与大数据技术专业。我的兴趣爱好包括辩论、音乐、羽毛球，希望能加入贵社团贡献力量。', 'Imported from dataset', '{"skills": "辩论、音乐、羽毛球"}');
INSERT INTO student_profile (user_id, interest_tags, weekly_free_hours, commitment_level, personality_type) VALUES (52, '["辩论", "音乐", "羽毛球"]', 11, 'MED', 'EXPLORER');
INSERT INTO sys_user (id, school_email, password) VALUES (53, 'stu20220044@campus.example.edu', 'Stu@20222628');
INSERT INTO student_resume (user_id, real_name, contact_phone, major, personal_statement, raw_text, structured_data) VALUES (53, '韩依远', '193123165852', '土木工程', '我是韩依远，来自土木工程专业。我的兴趣爱好包括摄影、公益、短视频，希望能加入贵社团贡献力量。', 'Imported from dataset', '{"skills": "摄影、公益、短视频"}');
INSERT INTO student_profile (user_id, interest_tags, weekly_free_hours, commitment_level, personality_type) VALUES (53, '["摄影", "公益", "短视频"]', 11, 'MED', 'EXPLORER');
INSERT INTO sys_user (id, school_email, password) VALUES (54, 'stu20220045@campus.example.edu', 'Stu@20222665');
INSERT INTO student_resume (user_id, real_name, contact_phone, major, personal_statement, raw_text, structured_data) VALUES (54, '林子婷', '192914992875', '生物工程', '我是林子婷，来自生物工程专业。我的兴趣爱好包括绘画、设计、阅读，希望能加入贵社团贡献力量。', 'Imported from dataset', '{"skills": "绘画、设计、阅读"}');
INSERT INTO student_profile (user_id, interest_tags, weekly_free_hours, commitment_level, personality_type) VALUES (54, '["绘画", "设计", "阅读"]', 4, 'MED', 'EXPLORER');
INSERT INTO sys_user (id, school_email, password) VALUES (55, 'stu20220046@campus.example.edu', 'Stu@20222702');
INSERT INTO student_resume (user_id, real_name, contact_phone, major, personal_statement, raw_text, structured_data) VALUES (55, '郭子', '135510172409', '数学与应用数学', '我是郭子，来自数学与应用数学专业。我的兴趣爱好包括阅读、编程、跑步，希望能加入贵社团贡献力量。', 'Imported from dataset', '{"skills": "阅读、编程、跑步"}');
INSERT INTO student_profile (user_id, interest_tags, weekly_free_hours, commitment_level, personality_type) VALUES (55, '["阅读", "编程", "跑步"]', 14, 'MED', 'EXPLORER');
INSERT INTO sys_user (id, school_email, password) VALUES (56, 'stu20220047@campus.example.edu', 'Stu@20222739');
INSERT INTO student_resume (user_id, real_name, contact_phone, major, personal_statement, raw_text, structured_data) VALUES (56, '黄清熙', '159632399967', '教育学', '我是黄清熙，来自教育学专业。我的兴趣爱好包括公益、跑步、编程，希望能加入贵社团贡献力量。', 'Imported from dataset', '{"skills": "公益、跑步、编程"}');
INSERT INTO student_profile (user_id, interest_tags, weekly_free_hours, commitment_level, personality_type) VALUES (56, '["公益", "跑步", "编程"]', 10, 'MED', 'EXPLORER');
INSERT INTO sys_user (id, school_email, password) VALUES (57, 'stu20220048@campus.example.edu', 'Stu@20222776');
INSERT INTO student_resume (user_id, real_name, contact_phone, major, personal_statement, raw_text, structured_data) VALUES (57, '朱睿', '134814778758', '金融学', '我是朱睿，来自金融学专业。我的兴趣爱好包括设计、阅读、志愿服务，希望能加入贵社团贡献力量。', 'Imported from dataset', '{"skills": "设计、阅读、志愿服务"}');
INSERT INTO student_profile (user_id, interest_tags, weekly_free_hours, commitment_level, personality_type) VALUES (57, '["设计", "阅读", "志愿服务"]', 13, 'MED', 'EXPLORER');
INSERT INTO sys_user (id, school_email, password) VALUES (58, 'stu20220049@campus.example.edu', 'Stu@20222813');
INSERT INTO student_resume (user_id, real_name, contact_phone, major, personal_statement, raw_text, structured_data) VALUES (58, '萧可', '153962558109', '传播学', '我是萧可，来自传播学专业。我的兴趣爱好包括羽毛球、公益、跑步，希望能加入贵社团贡献力量。', 'Imported from dataset', '{"skills": "羽毛球、公益、跑步"}');
INSERT INTO student_profile (user_id, interest_tags, weekly_free_hours, commitment_level, personality_type) VALUES (58, '["羽毛球", "公益", "跑步"]', 7, 'MED', 'EXPLORER');
INSERT INTO sys_user (id, school_email, password) VALUES (59, 'stu20220050@campus.example.edu', 'Stu@20222850');
INSERT INTO student_resume (user_id, real_name, contact_phone, major, personal_statement, raw_text, structured_data) VALUES (59, '周明昊', '153281313111', '金融学', '我是周明昊，来自金融学专业。我的兴趣爱好包括跑步、志愿服务、编程，希望能加入贵社团贡献力量。', 'Imported from dataset', '{"skills": "跑步、志愿服务、编程"}');
INSERT INTO student_profile (user_id, interest_tags, weekly_free_hours, commitment_level, personality_type) VALUES (59, '["跑步", "志愿服务", "编程"]', 4, 'MED', 'EXPLORER');
INSERT INTO sys_user (id, school_email, password) VALUES (60, 'stu20230051@campus.example.edu', 'Stu@20232887');
INSERT INTO student_resume (user_id, real_name, contact_phone, major, personal_statement, raw_text, structured_data) VALUES (60, '朱星希', '157697782198', '市场营销', '我是朱星希，来自市场营销专业。我的兴趣爱好包括阅读、志愿服务、羽毛球，希望能加入贵社团贡献力量。', 'Imported from dataset', '{"skills": "阅读、志愿服务、羽毛球"}');
INSERT INTO student_profile (user_id, interest_tags, weekly_free_hours, commitment_level, personality_type) VALUES (60, '["阅读", "志愿服务", "羽毛球"]', 6, 'MED', 'EXPLORER');
INSERT INTO sys_user (id, school_email, password) VALUES (61, 'stu20230052@campus.example.edu', 'Stu@20232924');
INSERT INTO student_resume (user_id, real_name, contact_phone, major, personal_statement, raw_text, structured_data) VALUES (61, '林清言', '152546333338', '金融学', '我是林清言，来自金融学专业。我的兴趣爱好包括跑步、短视频、编程，希望能加入贵社团贡献力量。', 'Imported from dataset', '{"skills": "跑步、短视频、编程"}');
INSERT INTO student_profile (user_id, interest_tags, weekly_free_hours, commitment_level, personality_type) VALUES (61, '["跑步", "短视频", "编程"]', 8, 'MED', 'EXPLORER');
INSERT INTO sys_user (id, school_email, password) VALUES (62, 'stu20230053@campus.example.edu', 'Stu@20232961');
INSERT INTO student_resume (user_id, real_name, contact_phone, major, personal_statement, raw_text, structured_data) VALUES (62, '陈可', '159081674922', '软件工程', '我是陈可，来自软件工程专业。我的兴趣爱好包括设计、摄影、跑步，希望能加入贵社团贡献力量。', 'Imported from dataset', '{"skills": "设计、摄影、跑步"}');
INSERT INTO student_profile (user_id, interest_tags, weekly_free_hours, commitment_level, personality_type) VALUES (62, '["设计", "摄影", "跑步"]', 6, 'MED', 'EXPLORER');
INSERT INTO sys_user (id, school_email, password) VALUES (63, 'stu20230054@campus.example.edu', 'Stu@20232998');
INSERT INTO student_resume (user_id, real_name, contact_phone, major, personal_statement, raw_text, structured_data) VALUES (63, '林清辰', '177466256837', '人工智能', '我是林清辰，来自人工智能专业。我的兴趣爱好包括绘画、摄影、跑步，希望能加入贵社团贡献力量。', 'Imported from dataset', '{"skills": "绘画、摄影、跑步"}');
INSERT INTO student_profile (user_id, interest_tags, weekly_free_hours, commitment_level, personality_type) VALUES (63, '["绘画", "摄影", "跑步"]', 11, 'MED', 'EXPLORER');
INSERT INTO sys_user (id, school_email, password) VALUES (64, 'stu20230055@campus.example.edu', 'Stu@20233035');
INSERT INTO student_resume (user_id, real_name, contact_phone, major, personal_statement, raw_text, structured_data) VALUES (64, '何明', '139135436086', '传播学', '我是何明，来自传播学专业。我的兴趣爱好包括公益、绘画、摄影，希望能加入贵社团贡献力量。', 'Imported from dataset', '{"skills": "公益、绘画、摄影"}');
INSERT INTO student_profile (user_id, interest_tags, weekly_free_hours, commitment_level, personality_type) VALUES (64, '["公益", "绘画", "摄影"]', 12, 'MED', 'EXPLORER');
INSERT INTO sys_user (id, school_email, password) VALUES (65, 'stu20230056@campus.example.edu', 'Stu@20233072');
INSERT INTO student_resume (user_id, real_name, contact_phone, major, personal_statement, raw_text, structured_data) VALUES (65, '郑怡雯', '179823145613', '建筑学', '我是郑怡雯，来自建筑学专业。我的兴趣爱好包括音乐、短视频、跑步，希望能加入贵社团贡献力量。', 'Imported from dataset', '{"skills": "音乐、短视频、跑步"}');
INSERT INTO student_profile (user_id, interest_tags, weekly_free_hours, commitment_level, personality_type) VALUES (65, '["音乐", "短视频", "跑步"]', 16, 'MED', 'EXPLORER');
INSERT INTO sys_user (id, school_email, password) VALUES (66, 'stu20230057@campus.example.edu', 'Stu@20233109');
INSERT INTO student_resume (user_id, real_name, contact_phone, major, personal_statement, raw_text, structured_data) VALUES (66, '唐思熙', '199291578710', '生物工程', '我是唐思熙，来自生物工程专业。我的兴趣爱好包括跑步、短视频、设计，希望能加入贵社团贡献力量。', 'Imported from dataset', '{"skills": "跑步、短视频、设计"}');
INSERT INTO student_profile (user_id, interest_tags, weekly_free_hours, commitment_level, personality_type) VALUES (66, '["跑步", "短视频", "设计"]', 9, 'MED', 'EXPLORER');
INSERT INTO sys_user (id, school_email, password) VALUES (67, 'stu20230058@campus.example.edu', 'Stu@20233146');
INSERT INTO student_resume (user_id, real_name, contact_phone, major, personal_statement, raw_text, structured_data) VALUES (67, '吴雨', '133085812843', '人工智能', '我是吴雨，来自人工智能专业。我的兴趣爱好包括公益、志愿服务、阅读，希望能加入贵社团贡献力量。', 'Imported from dataset', '{"skills": "公益、志愿服务、阅读"}');
INSERT INTO student_profile (user_id, interest_tags, weekly_free_hours, commitment_level, personality_type) VALUES (67, '["公益", "志愿服务", "阅读"]', 14, 'MED', 'EXPLORER');
INSERT INTO sys_user (id, school_email, password) VALUES (68, 'stu20230059@campus.example.edu', 'Stu@20233183');
INSERT INTO student_resume (user_id, real_name, contact_phone, major, personal_statement, raw_text, structured_data) VALUES (68, '吴俊', '199441926654', '电子信息工程', '我是吴俊，来自电子信息工程专业。我的兴趣爱好包括羽毛球、志愿服务、辩论，希望能加入贵社团贡献力量。', 'Imported from dataset', '{"skills": "羽毛球、志愿服务、辩论"}');
INSERT INTO student_profile (user_id, interest_tags, weekly_free_hours, commitment_level, personality_type) VALUES (68, '["羽毛球", "志愿服务", "辩论"]', 6, 'MED', 'EXPLORER');
INSERT INTO sys_user (id, school_email, password) VALUES (69, 'stu20230060@campus.example.edu', 'Stu@20233220');
INSERT INTO student_resume (user_id, real_name, contact_phone, major, personal_statement, raw_text, structured_data) VALUES (69, '张可菲', '153552054128', '新闻学', '我是张可菲，来自新闻学专业。我的兴趣爱好包括志愿服务、摄影、公益，希望能加入贵社团贡献力量。', 'Imported from dataset', '{"skills": "志愿服务、摄影、公益"}');
INSERT INTO student_profile (user_id, interest_tags, weekly_free_hours, commitment_level, personality_type) VALUES (69, '["志愿服务", "摄影", "公益"]', 12, 'MED', 'EXPLORER');
INSERT INTO sys_user (id, school_email, password) VALUES (70, 'stu20230061@campus.example.edu', 'Stu@20233257');
INSERT INTO student_resume (user_id, real_name, contact_phone, major, personal_statement, raw_text, structured_data) VALUES (70, '董宇宸', '177358679234', '土木工程', '我是董宇宸，来自土木工程专业。我的兴趣爱好包括公益、设计、摄影，希望能加入贵社团贡献力量。', 'Imported from dataset', '{"skills": "公益、设计、摄影"}');
INSERT INTO student_profile (user_id, interest_tags, weekly_free_hours, commitment_level, personality_type) VALUES (70, '["公益", "设计", "摄影"]', 12, 'MED', 'EXPLORER');
INSERT INTO sys_user (id, school_email, password) VALUES (71, 'stu20230062@campus.example.edu', 'Stu@20233294');
INSERT INTO student_resume (user_id, real_name, contact_phone, major, personal_statement, raw_text, structured_data) VALUES (71, '林泽', '158498407755', '生物工程', '我是林泽，来自生物工程专业。我的兴趣爱好包括编程、辩论、绘画，希望能加入贵社团贡献力量。', 'Imported from dataset', '{"skills": "编程、辩论、绘画"}');
INSERT INTO student_profile (user_id, interest_tags, weekly_free_hours, commitment_level, personality_type) VALUES (71, '["编程", "辩论", "绘画"]', 16, 'MED', 'EXPLORER');
INSERT INTO sys_user (id, school_email, password) VALUES (72, 'stu20230063@campus.example.edu', 'Stu@20233331');
INSERT INTO student_resume (user_id, real_name, contact_phone, major, personal_statement, raw_text, structured_data) VALUES (72, '韩可轩', '156083664428', '新闻学', '我是韩可轩，来自新闻学专业。我的兴趣爱好包括公益、志愿服务、音乐，希望能加入贵社团贡献力量。', 'Imported from dataset', '{"skills": "公益、志愿服务、音乐"}');
INSERT INTO student_profile (user_id, interest_tags, weekly_free_hours, commitment_level, personality_type) VALUES (72, '["公益", "志愿服务", "音乐"]', 15, 'MED', 'EXPLORER');
INSERT INTO sys_user (id, school_email, password) VALUES (73, 'stu20230064@campus.example.edu', 'Stu@20233368');
INSERT INTO student_resume (user_id, real_name, contact_phone, major, personal_statement, raw_text, structured_data) VALUES (73, '何嘉霖', '191884796172', '传播学', '我是何嘉霖，来自传播学专业。我的兴趣爱好包括跑步、编程、辩论，希望能加入贵社团贡献力量。', 'Imported from dataset', '{"skills": "跑步、编程、辩论"}');
INSERT INTO student_profile (user_id, interest_tags, weekly_free_hours, commitment_level, personality_type) VALUES (73, '["跑步", "编程", "辩论"]', 9, 'MED', 'EXPLORER');
INSERT INTO sys_user (id, school_email, password) VALUES (74, 'stu20230065@campus.example.edu', 'Stu@20233405');
INSERT INTO student_resume (user_id, real_name, contact_phone, major, personal_statement, raw_text, structured_data) VALUES (74, '郑俊洋', '157485792303', '会计学', '我是郑俊洋，来自会计学专业。我的兴趣爱好包括短视频、音乐、摄影，希望能加入贵社团贡献力量。', 'Imported from dataset', '{"skills": "短视频、音乐、摄影"}');
INSERT INTO student_profile (user_id, interest_tags, weekly_free_hours, commitment_level, personality_type) VALUES (74, '["短视频", "音乐", "摄影"]', 13, 'MED', 'EXPLORER');
INSERT INTO sys_user (id, school_email, password) VALUES (75, 'stu20230066@campus.example.edu', 'Stu@20233442');
INSERT INTO student_resume (user_id, real_name, contact_phone, major, personal_statement, raw_text, structured_data) VALUES (75, '宋雨昊', '182327273265', '汉语言文学', '我是宋雨昊，来自汉语言文学专业。我的兴趣爱好包括短视频、辩论、羽毛球，希望能加入贵社团贡献力量。', 'Imported from dataset', '{"skills": "短视频、辩论、羽毛球"}');
INSERT INTO student_profile (user_id, interest_tags, weekly_free_hours, commitment_level, personality_type) VALUES (75, '["短视频", "辩论", "羽毛球"]', 5, 'MED', 'EXPLORER');
INSERT INTO sys_user (id, school_email, password) VALUES (76, 'stu20230067@campus.example.edu', 'Stu@20233479');
INSERT INTO student_resume (user_id, real_name, contact_phone, major, personal_statement, raw_text, structured_data) VALUES (76, '郑博菲', '132264409257', '机械设计制造及其自动化', '我是郑博菲，来自机械设计制造及其自动化专业。我的兴趣爱好包括编程、短视频、公益，希望能加入贵社团贡献力量。', 'Imported from dataset', '{"skills": "编程、短视频、公益"}');
INSERT INTO student_profile (user_id, interest_tags, weekly_free_hours, commitment_level, personality_type) VALUES (76, '["编程", "短视频", "公益"]', 14, 'MED', 'EXPLORER');
INSERT INTO sys_user (id, school_email, password) VALUES (77, 'stu20230068@campus.example.edu', 'Stu@20233516');
INSERT INTO student_resume (user_id, real_name, contact_phone, major, personal_statement, raw_text, structured_data) VALUES (77, '李诗轩', '199421642486', '市场营销', '我是李诗轩，来自市场营销专业。我的兴趣爱好包括阅读、公益、编程，希望能加入贵社团贡献力量。', 'Imported from dataset', '{"skills": "阅读、公益、编程"}');
INSERT INTO student_profile (user_id, interest_tags, weekly_free_hours, commitment_level, personality_type) VALUES (77, '["阅读", "公益", "编程"]', 5, 'MED', 'EXPLORER');
INSERT INTO sys_user (id, school_email, password) VALUES (78, 'stu20230069@campus.example.edu', 'Stu@20233553');
INSERT INTO student_resume (user_id, real_name, contact_phone, major, personal_statement, raw_text, structured_data) VALUES (78, '郑安霖', '194577932796', '机械设计制造及其自动化', '我是郑安霖，来自机械设计制造及其自动化专业。我的兴趣爱好包括辩论、编程、公益，希望能加入贵社团贡献力量。', 'Imported from dataset', '{"skills": "辩论、编程、公益"}');
INSERT INTO student_profile (user_id, interest_tags, weekly_free_hours, commitment_level, personality_type) VALUES (78, '["辩论", "编程", "公益"]', 7, 'MED', 'EXPLORER');
INSERT INTO sys_user (id, school_email, password) VALUES (79, 'stu20230070@campus.example.edu', 'Stu@20233590');
INSERT INTO student_resume (user_id, real_name, contact_phone, major, personal_statement, raw_text, structured_data) VALUES (79, '唐浩宸', '179580034073', '软件工程', '我是唐浩宸，来自软件工程专业。我的兴趣爱好包括志愿服务、编程、阅读，希望能加入贵社团贡献力量。', 'Imported from dataset', '{"skills": "志愿服务、编程、阅读"}');
INSERT INTO student_profile (user_id, interest_tags, weekly_free_hours, commitment_level, personality_type) VALUES (79, '["志愿服务", "编程", "阅读"]', 16, 'MED', 'EXPLORER');
INSERT INTO sys_user (id, school_email, password) VALUES (80, 'stu20230071@campus.example.edu', 'Stu@20233627');
INSERT INTO student_resume (user_id, real_name, contact_phone, major, personal_statement, raw_text, structured_data) VALUES (80, '高佳', '157213028251', '法学', '我是高佳，来自法学专业。我的兴趣爱好包括辩论、跑步、阅读，希望能加入贵社团贡献力量。', 'Imported from dataset', '{"skills": "辩论、跑步、阅读"}');
INSERT INTO student_profile (user_id, interest_tags, weekly_free_hours, commitment_level, personality_type) VALUES (80, '["辩论", "跑步", "阅读"]', 6, 'MED', 'EXPLORER');
INSERT INTO sys_user (id, school_email, password) VALUES (81, 'stu20230072@campus.example.edu', 'Stu@20233664');
INSERT INTO student_resume (user_id, real_name, contact_phone, major, personal_statement, raw_text, structured_data) VALUES (81, '高嘉', '174786504951', '心理学', '我是高嘉，来自心理学专业。我的兴趣爱好包括音乐、短视频、绘画，希望能加入贵社团贡献力量。', 'Imported from dataset', '{"skills": "音乐、短视频、绘画"}');
INSERT INTO student_profile (user_id, interest_tags, weekly_free_hours, commitment_level, personality_type) VALUES (81, '["音乐", "短视频", "绘画"]', 14, 'MED', 'EXPLORER');
INSERT INTO sys_user (id, school_email, password) VALUES (82, 'stu20230073@campus.example.edu', 'Stu@20233701');
INSERT INTO student_resume (user_id, real_name, contact_phone, major, personal_statement, raw_text, structured_data) VALUES (82, '吴宁', '151066844752', '会计学', '我是吴宁，来自会计学专业。我的兴趣爱好包括志愿服务、羽毛球、跑步，希望能加入贵社团贡献力量。', 'Imported from dataset', '{"skills": "志愿服务、羽毛球、跑步"}');
INSERT INTO student_profile (user_id, interest_tags, weekly_free_hours, commitment_level, personality_type) VALUES (82, '["志愿服务", "羽毛球", "跑步"]', 12, 'MED', 'EXPLORER');
INSERT INTO sys_user (id, school_email, password) VALUES (83, 'stu20230074@campus.example.edu', 'Stu@20233738');
INSERT INTO student_resume (user_id, real_name, contact_phone, major, personal_statement, raw_text, structured_data) VALUES (83, '林俊', '174028711516', '数据科学与大数据技术', '我是林俊，来自数据科学与大数据技术专业。我的兴趣爱好包括羽毛球、阅读、辩论，希望能加入贵社团贡献力量。', 'Imported from dataset', '{"skills": "羽毛球、阅读、辩论"}');
INSERT INTO student_profile (user_id, interest_tags, weekly_free_hours, commitment_level, personality_type) VALUES (83, '["羽毛球", "阅读", "辩论"]', 9, 'MED', 'EXPLORER');
INSERT INTO sys_user (id, school_email, password) VALUES (84, 'stu20230075@campus.example.edu', 'Stu@20233775');
INSERT INTO student_resume (user_id, real_name, contact_phone, major, personal_statement, raw_text, structured_data) VALUES (84, '谢可', '172477167980', '工商管理', '我是谢可，来自工商管理专业。我的兴趣爱好包括跑步、羽毛球、绘画，希望能加入贵社团贡献力量。', 'Imported from dataset', '{"skills": "跑步、羽毛球、绘画"}');
INSERT INTO student_profile (user_id, interest_tags, weekly_free_hours, commitment_level, personality_type) VALUES (84, '["跑步", "羽毛球", "绘画"]', 15, 'MED', 'EXPLORER');
INSERT INTO sys_user (id, school_email, password) VALUES (85, 'stu20230076@campus.example.edu', 'Stu@20233812');
INSERT INTO student_resume (user_id, real_name, contact_phone, major, personal_statement, raw_text, structured_data) VALUES (85, '黄安', '156773505067', '软件工程', '我是黄安，来自软件工程专业。我的兴趣爱好包括音乐、编程、志愿服务，希望能加入贵社团贡献力量。', 'Imported from dataset', '{"skills": "音乐、编程、志愿服务"}');
INSERT INTO student_profile (user_id, interest_tags, weekly_free_hours, commitment_level, personality_type) VALUES (85, '["音乐", "编程", "志愿服务"]', 14, 'MED', 'EXPLORER');
INSERT INTO sys_user (id, school_email, password) VALUES (86, 'stu20230077@campus.example.edu', 'Stu@20233849');
INSERT INTO student_resume (user_id, real_name, contact_phone, major, personal_statement, raw_text, structured_data) VALUES (86, '吴思', '173737344708', '统计学', '我是吴思，来自统计学专业。我的兴趣爱好包括短视频、跑步、设计，希望能加入贵社团贡献力量。', 'Imported from dataset', '{"skills": "短视频、跑步、设计"}');
INSERT INTO student_profile (user_id, interest_tags, weekly_free_hours, commitment_level, personality_type) VALUES (86, '["短视频", "跑步", "设计"]', 10, 'MED', 'EXPLORER');
INSERT INTO sys_user (id, school_email, password) VALUES (87, 'stu20230078@campus.example.edu', 'Stu@20233886');
INSERT INTO student_resume (user_id, real_name, contact_phone, major, personal_statement, raw_text, structured_data) VALUES (87, '王景菲', '137860656938', '会计学', '我是王景菲，来自会计学专业。我的兴趣爱好包括阅读、绘画、跑步，希望能加入贵社团贡献力量。', 'Imported from dataset', '{"skills": "阅读、绘画、跑步"}');
INSERT INTO student_profile (user_id, interest_tags, weekly_free_hours, commitment_level, personality_type) VALUES (87, '["阅读", "绘画", "跑步"]', 6, 'MED', 'EXPLORER');
INSERT INTO sys_user (id, school_email, password) VALUES (88, 'stu20230079@campus.example.edu', 'Stu@20233923');
INSERT INTO student_resume (user_id, real_name, contact_phone, major, personal_statement, raw_text, structured_data) VALUES (88, '吴可瑶', '172966913909', '统计学', '我是吴可瑶，来自统计学专业。我的兴趣爱好包括绘画、音乐、编程，希望能加入贵社团贡献力量。', 'Imported from dataset', '{"skills": "绘画、音乐、编程"}');
INSERT INTO student_profile (user_id, interest_tags, weekly_free_hours, commitment_level, personality_type) VALUES (88, '["绘画", "音乐", "编程"]', 12, 'MED', 'EXPLORER');
INSERT INTO sys_user (id, school_email, password) VALUES (89, 'stu20230080@campus.example.edu', 'Stu@20233960');
INSERT INTO student_resume (user_id, real_name, contact_phone, major, personal_statement, raw_text, structured_data) VALUES (89, '谢思瑶', '188915365677', '生物工程', '我是谢思瑶，来自生物工程专业。我的兴趣爱好包括音乐、阅读、羽毛球，希望能加入贵社团贡献力量。', 'Imported from dataset', '{"skills": "音乐、阅读、羽毛球"}');
INSERT INTO student_profile (user_id, interest_tags, weekly_free_hours, commitment_level, personality_type) VALUES (89, '["音乐", "阅读", "羽毛球"]', 7, 'MED', 'EXPLORER');
INSERT INTO sys_user (id, school_email, password) VALUES (90, 'stu20230081@campus.example.edu', 'Stu@20233997');
INSERT INTO student_resume (user_id, real_name, contact_phone, major, personal_statement, raw_text, structured_data) VALUES (90, '萧嘉珂', '186214642417', '数学与应用数学', '我是萧嘉珂，来自数学与应用数学专业。我的兴趣爱好包括阅读、绘画、编程，希望能加入贵社团贡献力量。', 'Imported from dataset', '{"skills": "阅读、绘画、编程"}');
INSERT INTO student_profile (user_id, interest_tags, weekly_free_hours, commitment_level, personality_type) VALUES (90, '["阅读", "绘画", "编程"]', 11, 'MED', 'EXPLORER');
INSERT INTO sys_user (id, school_email, password) VALUES (91, 'stu20230082@campus.example.edu', 'Stu@20234034');
INSERT INTO student_resume (user_id, real_name, contact_phone, major, personal_statement, raw_text, structured_data) VALUES (91, '杨明', '131581508518', '工商管理', '我是杨明，来自工商管理专业。我的兴趣爱好包括志愿服务、绘画、设计，希望能加入贵社团贡献力量。', 'Imported from dataset', '{"skills": "志愿服务、绘画、设计"}');
INSERT INTO student_profile (user_id, interest_tags, weekly_free_hours, commitment_level, personality_type) VALUES (91, '["志愿服务", "绘画", "设计"]', 14, 'MED', 'EXPLORER');
INSERT INTO sys_user (id, school_email, password) VALUES (92, 'stu20230083@campus.example.edu', 'Stu@20234071');
INSERT INTO student_resume (user_id, real_name, contact_phone, major, personal_statement, raw_text, structured_data) VALUES (92, '王诺', '156959482371', '自动化', '我是王诺，来自自动化专业。我的兴趣爱好包括摄影、音乐、设计，希望能加入贵社团贡献力量。', 'Imported from dataset', '{"skills": "摄影、音乐、设计"}');
INSERT INTO student_profile (user_id, interest_tags, weekly_free_hours, commitment_level, personality_type) VALUES (92, '["摄影", "音乐", "设计"]', 6, 'MED', 'EXPLORER');
INSERT INTO sys_user (id, school_email, password) VALUES (93, 'stu20230084@campus.example.edu', 'Stu@20234108');
INSERT INTO student_resume (user_id, real_name, contact_phone, major, personal_statement, raw_text, structured_data) VALUES (93, '张晨', '136531637009', '新闻学', '我是张晨，来自新闻学专业。我的兴趣爱好包括短视频、设计、音乐，希望能加入贵社团贡献力量。', 'Imported from dataset', '{"skills": "短视频、设计、音乐"}');
INSERT INTO student_profile (user_id, interest_tags, weekly_free_hours, commitment_level, personality_type) VALUES (93, '["短视频", "设计", "音乐"]', 9, 'MED', 'EXPLORER');
INSERT INTO sys_user (id, school_email, password) VALUES (94, 'stu20230085@campus.example.edu', 'Stu@20234145');
INSERT INTO student_resume (user_id, real_name, contact_phone, major, personal_statement, raw_text, structured_data) VALUES (94, '何怡', '179179494436', '建筑学', '我是何怡，来自建筑学专业。我的兴趣爱好包括摄影、设计、阅读，希望能加入贵社团贡献力量。', 'Imported from dataset', '{"skills": "摄影、设计、阅读"}');
INSERT INTO student_profile (user_id, interest_tags, weekly_free_hours, commitment_level, personality_type) VALUES (94, '["摄影", "设计", "阅读"]', 9, 'MED', 'EXPLORER');
INSERT INTO sys_user (id, school_email, password) VALUES (95, 'stu20230086@campus.example.edu', 'Stu@20234182');
INSERT INTO student_resume (user_id, real_name, contact_phone, major, personal_statement, raw_text, structured_data) VALUES (95, '刘卓雅', '196496351507', '统计学', '我是刘卓雅，来自统计学专业。我的兴趣爱好包括摄影、绘画、辩论，希望能加入贵社团贡献力量。', 'Imported from dataset', '{"skills": "摄影、绘画、辩论"}');
INSERT INTO student_profile (user_id, interest_tags, weekly_free_hours, commitment_level, personality_type) VALUES (95, '["摄影", "绘画", "辩论"]', 6, 'MED', 'EXPLORER');
INSERT INTO sys_user (id, school_email, password) VALUES (96, 'stu20230087@campus.example.edu', 'Stu@20234219');
INSERT INTO student_resume (user_id, real_name, contact_phone, major, personal_statement, raw_text, structured_data) VALUES (96, '于宁彤', '187131052774', '金融学', '我是于宁彤，来自金融学专业。我的兴趣爱好包括辩论、摄影、编程，希望能加入贵社团贡献力量。', 'Imported from dataset', '{"skills": "辩论、摄影、编程"}');
INSERT INTO student_profile (user_id, interest_tags, weekly_free_hours, commitment_level, personality_type) VALUES (96, '["辩论", "摄影", "编程"]', 12, 'MED', 'EXPLORER');
INSERT INTO sys_user (id, school_email, password) VALUES (97, 'stu20230088@campus.example.edu', 'Stu@20234256');
INSERT INTO student_resume (user_id, real_name, contact_phone, major, personal_statement, raw_text, structured_data) VALUES (97, '刘怡诚', '199852246987', '英语', '我是刘怡诚，来自英语专业。我的兴趣爱好包括志愿服务、羽毛球、设计，希望能加入贵社团贡献力量。', 'Imported from dataset', '{"skills": "志愿服务、羽毛球、设计"}');
INSERT INTO student_profile (user_id, interest_tags, weekly_free_hours, commitment_level, personality_type) VALUES (97, '["志愿服务", "羽毛球", "设计"]', 10, 'MED', 'EXPLORER');
INSERT INTO sys_user (id, school_email, password) VALUES (98, 'stu20230089@campus.example.edu', 'Stu@20234293');
INSERT INTO student_resume (user_id, real_name, contact_phone, major, personal_statement, raw_text, structured_data) VALUES (98, '陈文珂', '159120549157', '市场营销', '我是陈文珂，来自市场营销专业。我的兴趣爱好包括设计、音乐、羽毛球，希望能加入贵社团贡献力量。', 'Imported from dataset', '{"skills": "设计、音乐、羽毛球"}');
INSERT INTO student_profile (user_id, interest_tags, weekly_free_hours, commitment_level, personality_type) VALUES (98, '["设计", "音乐", "羽毛球"]', 13, 'MED', 'EXPLORER');
INSERT INTO sys_user (id, school_email, password) VALUES (99, 'stu20230090@campus.example.edu', 'Stu@20234330');
INSERT INTO student_resume (user_id, real_name, contact_phone, major, personal_statement, raw_text, structured_data) VALUES (99, '张泽远', '197640627426', '机械设计制造及其自动化', '我是张泽远，来自机械设计制造及其自动化专业。我的兴趣爱好包括摄影、绘画、编程，希望能加入贵社团贡献力量。', 'Imported from dataset', '{"skills": "摄影、绘画、编程"}');
INSERT INTO student_profile (user_id, interest_tags, weekly_free_hours, commitment_level, personality_type) VALUES (99, '["摄影", "绘画", "编程"]', 10, 'MED', 'EXPLORER');
INSERT INTO sys_user (id, school_email, password) VALUES (100, 'stu20230091@campus.example.edu', 'Stu@20234367');
INSERT INTO student_resume (user_id, real_name, contact_phone, major, personal_statement, raw_text, structured_data) VALUES (100, '周宁霖', '181537501105', '会计学', '我是周宁霖，来自会计学专业。我的兴趣爱好包括辩论、设计、公益，希望能加入贵社团贡献力量。', 'Imported from dataset', '{"skills": "辩论、设计、公益"}');
INSERT INTO student_profile (user_id, interest_tags, weekly_free_hours, commitment_level, personality_type) VALUES (100, '["辩论", "设计", "公益"]', 11, 'MED', 'EXPLORER');
INSERT INTO sys_user (id, school_email, password) VALUES (101, 'stu20230092@campus.example.edu', 'Stu@20234404');
INSERT INTO student_resume (user_id, real_name, contact_phone, major, personal_statement, raw_text, structured_data) VALUES (101, '宋浩言', '153448179352', '英语', '我是宋浩言，来自英语专业。我的兴趣爱好包括摄影、阅读、辩论，希望能加入贵社团贡献力量。', 'Imported from dataset', '{"skills": "摄影、阅读、辩论"}');
INSERT INTO student_profile (user_id, interest_tags, weekly_free_hours, commitment_level, personality_type) VALUES (101, '["摄影", "阅读", "辩论"]', 7, 'MED', 'EXPLORER');
INSERT INTO sys_user (id, school_email, password) VALUES (102, 'stu20230093@campus.example.edu', 'Stu@20234441');
INSERT INTO student_resume (user_id, real_name, contact_phone, major, personal_statement, raw_text, structured_data) VALUES (102, '董博', '186433908146', '生物工程', '我是董博，来自生物工程专业。我的兴趣爱好包括短视频、绘画、公益，希望能加入贵社团贡献力量。', 'Imported from dataset', '{"skills": "短视频、绘画、公益"}');
INSERT INTO student_profile (user_id, interest_tags, weekly_free_hours, commitment_level, personality_type) VALUES (102, '["短视频", "绘画", "公益"]', 9, 'MED', 'EXPLORER');
INSERT INTO sys_user (id, school_email, password) VALUES (103, 'stu20230094@campus.example.edu', 'Stu@20234478');
INSERT INTO student_resume (user_id, real_name, contact_phone, major, personal_statement, raw_text, structured_data) VALUES (103, '郑文', '135051862196', '工商管理', '我是郑文，来自工商管理专业。我的兴趣爱好包括公益、绘画、辩论，希望能加入贵社团贡献力量。', 'Imported from dataset', '{"skills": "公益、绘画、辩论"}');
INSERT INTO student_profile (user_id, interest_tags, weekly_free_hours, commitment_level, personality_type) VALUES (103, '["公益", "绘画", "辩论"]', 15, 'MED', 'EXPLORER');
INSERT INTO sys_user (id, school_email, password) VALUES (104, 'stu20230095@campus.example.edu', 'Stu@20234515');
INSERT INTO student_resume (user_id, real_name, contact_phone, major, personal_statement, raw_text, structured_data) VALUES (104, '胡清', '197251344971', '机械设计制造及其自动化', '我是胡清，来自机械设计制造及其自动化专业。我的兴趣爱好包括绘画、摄影、跑步，希望能加入贵社团贡献力量。', 'Imported from dataset', '{"skills": "绘画、摄影、跑步"}');
INSERT INTO student_profile (user_id, interest_tags, weekly_free_hours, commitment_level, personality_type) VALUES (104, '["绘画", "摄影", "跑步"]', 12, 'MED', 'EXPLORER');
INSERT INTO sys_user (id, school_email, password) VALUES (105, 'stu20230096@campus.example.edu', 'Stu@20234552');
INSERT INTO student_resume (user_id, real_name, contact_phone, major, personal_statement, raw_text, structured_data) VALUES (105, '黄思', '152655418753', '机械设计制造及其自动化', '我是黄思，来自机械设计制造及其自动化专业。我的兴趣爱好包括音乐、短视频、绘画，希望能加入贵社团贡献力量。', 'Imported from dataset', '{"skills": "音乐、短视频、绘画"}');
INSERT INTO student_profile (user_id, interest_tags, weekly_free_hours, commitment_level, personality_type) VALUES (105, '["音乐", "短视频", "绘画"]', 15, 'MED', 'EXPLORER');
INSERT INTO sys_user (id, school_email, password) VALUES (106, 'stu20230097@campus.example.edu', 'Stu@20234589');
INSERT INTO student_resume (user_id, real_name, contact_phone, major, personal_statement, raw_text, structured_data) VALUES (106, '冯宇然', '194412259504', '数据科学与大数据技术', '我是冯宇然，来自数据科学与大数据技术专业。我的兴趣爱好包括摄影、短视频、音乐，希望能加入贵社团贡献力量。', 'Imported from dataset', '{"skills": "摄影、短视频、音乐"}');
INSERT INTO student_profile (user_id, interest_tags, weekly_free_hours, commitment_level, personality_type) VALUES (106, '["摄影", "短视频", "音乐"]', 5, 'MED', 'EXPLORER');
INSERT INTO sys_user (id, school_email, password) VALUES (107, 'stu20230098@campus.example.edu', 'Stu@20234626');
INSERT INTO student_resume (user_id, real_name, contact_phone, major, personal_statement, raw_text, structured_data) VALUES (107, '宋若', '173438517811', '机械设计制造及其自动化', '我是宋若，来自机械设计制造及其自动化专业。我的兴趣爱好包括羽毛球、短视频、志愿服务，希望能加入贵社团贡献力量。', 'Imported from dataset', '{"skills": "羽毛球、短视频、志愿服务"}');
INSERT INTO student_profile (user_id, interest_tags, weekly_free_hours, commitment_level, personality_type) VALUES (107, '["羽毛球", "短视频", "志愿服务"]', 14, 'MED', 'EXPLORER');
INSERT INTO sys_user (id, school_email, password) VALUES (108, 'stu20230099@campus.example.edu', 'Stu@20234663');
INSERT INTO student_resume (user_id, real_name, contact_phone, major, personal_statement, raw_text, structured_data) VALUES (108, '郑浩雯', '187734987100', '电子信息工程', '我是郑浩雯，来自电子信息工程专业。我的兴趣爱好包括跑步、辩论、短视频，希望能加入贵社团贡献力量。', 'Imported from dataset', '{"skills": "跑步、辩论、短视频"}');
INSERT INTO student_profile (user_id, interest_tags, weekly_free_hours, commitment_level, personality_type) VALUES (108, '["跑步", "辩论", "短视频"]', 14, 'MED', 'EXPLORER');
INSERT INTO sys_user (id, school_email, password) VALUES (109, 'stu20230100@campus.example.edu', 'Stu@20234700');
INSERT INTO student_resume (user_id, real_name, contact_phone, major, personal_statement, raw_text, structured_data) VALUES (109, '郑雨琪', '137615826194', '计算机科学与技术', '我是郑雨琪，来自计算机科学与技术专业。我的兴趣爱好包括阅读、摄影、短视频，希望能加入贵社团贡献力量。', 'Imported from dataset', '{"skills": "阅读、摄影、短视频"}');
INSERT INTO student_profile (user_id, interest_tags, weekly_free_hours, commitment_level, personality_type) VALUES (109, '["阅读", "摄影", "短视频"]', 8, 'MED', 'EXPLORER');
INSERT INTO sys_user (id, school_email, password) VALUES (110, 'stu20240101@campus.example.edu', 'Stu@20244737');
INSERT INTO student_resume (user_id, real_name, contact_phone, major, personal_statement, raw_text, structured_data) VALUES (110, '刘佳希', '181944852677', '建筑学', '我是刘佳希，来自建筑学专业。我的兴趣爱好包括跑步、摄影、短视频，希望能加入贵社团贡献力量。', 'Imported from dataset', '{"skills": "跑步、摄影、短视频"}');
INSERT INTO student_profile (user_id, interest_tags, weekly_free_hours, commitment_level, personality_type) VALUES (110, '["跑步", "摄影", "短视频"]', 6, 'MED', 'EXPLORER');
INSERT INTO sys_user (id, school_email, password) VALUES (111, 'stu20240102@campus.example.edu', 'Stu@20244774');
INSERT INTO student_resume (user_id, real_name, contact_phone, major, personal_statement, raw_text, structured_data) VALUES (111, '孙睿萌', '139761405750', '法学', '我是孙睿萌，来自法学专业。我的兴趣爱好包括羽毛球、短视频、绘画，希望能加入贵社团贡献力量。', 'Imported from dataset', '{"skills": "羽毛球、短视频、绘画"}');
INSERT INTO student_profile (user_id, interest_tags, weekly_free_hours, commitment_level, personality_type) VALUES (111, '["羽毛球", "短视频", "绘画"]', 8, 'MED', 'EXPLORER');
INSERT INTO sys_user (id, school_email, password) VALUES (112, 'stu20240103@campus.example.edu', 'Stu@20244811');
INSERT INTO student_resume (user_id, real_name, contact_phone, major, personal_statement, raw_text, structured_data) VALUES (112, '罗亦萌', '197790386663', '电子信息工程', '我是罗亦萌，来自电子信息工程专业。我的兴趣爱好包括志愿服务、短视频、羽毛球，希望能加入贵社团贡献力量。', 'Imported from dataset', '{"skills": "志愿服务、短视频、羽毛球"}');
INSERT INTO student_profile (user_id, interest_tags, weekly_free_hours, commitment_level, personality_type) VALUES (112, '["志愿服务", "短视频", "羽毛球"]', 6, 'MED', 'EXPLORER');
INSERT INTO sys_user (id, school_email, password) VALUES (113, 'stu20240104@campus.example.edu', 'Stu@20244848');
INSERT INTO student_resume (user_id, real_name, contact_phone, major, personal_statement, raw_text, structured_data) VALUES (113, '唐若', '152071034341', '市场营销', '我是唐若，来自市场营销专业。我的兴趣爱好包括编程、跑步、绘画，希望能加入贵社团贡献力量。', 'Imported from dataset', '{"skills": "编程、跑步、绘画"}');
INSERT INTO student_profile (user_id, interest_tags, weekly_free_hours, commitment_level, personality_type) VALUES (113, '["编程", "跑步", "绘画"]', 16, 'MED', 'EXPLORER');
INSERT INTO sys_user (id, school_email, password) VALUES (114, 'stu20240105@campus.example.edu', 'Stu@20244885');
INSERT INTO student_resume (user_id, real_name, contact_phone, major, personal_statement, raw_text, structured_data) VALUES (114, '于诺涵', '183859745770', '法学', '我是于诺涵，来自法学专业。我的兴趣爱好包括绘画、音乐、辩论，希望能加入贵社团贡献力量。', 'Imported from dataset', '{"skills": "绘画、音乐、辩论"}');
INSERT INTO student_profile (user_id, interest_tags, weekly_free_hours, commitment_level, personality_type) VALUES (114, '["绘画", "音乐", "辩论"]', 6, 'MED', 'EXPLORER');
INSERT INTO sys_user (id, school_email, password) VALUES (115, 'stu20240106@campus.example.edu', 'Stu@20244922');
INSERT INTO student_resume (user_id, real_name, contact_phone, major, personal_statement, raw_text, structured_data) VALUES (115, '徐欣诚', '189887308410', '数据科学与大数据技术', '我是徐欣诚，来自数据科学与大数据技术专业。我的兴趣爱好包括摄影、辩论、编程，希望能加入贵社团贡献力量。', 'Imported from dataset', '{"skills": "摄影、辩论、编程"}');
INSERT INTO student_profile (user_id, interest_tags, weekly_free_hours, commitment_level, personality_type) VALUES (115, '["摄影", "辩论", "编程"]', 13, 'MED', 'EXPLORER');
INSERT INTO sys_user (id, school_email, password) VALUES (116, 'stu20240107@campus.example.edu', 'Stu@20244959');
INSERT INTO student_resume (user_id, real_name, contact_phone, major, personal_statement, raw_text, structured_data) VALUES (116, '黄文', '182286473707', '英语', '我是黄文，来自英语专业。我的兴趣爱好包括阅读、羽毛球、短视频，希望能加入贵社团贡献力量。', 'Imported from dataset', '{"skills": "阅读、羽毛球、短视频"}');
INSERT INTO student_profile (user_id, interest_tags, weekly_free_hours, commitment_level, personality_type) VALUES (116, '["阅读", "羽毛球", "短视频"]', 10, 'MED', 'EXPLORER');
INSERT INTO sys_user (id, school_email, password) VALUES (117, 'stu20240108@campus.example.edu', 'Stu@20244996');
INSERT INTO student_resume (user_id, real_name, contact_phone, major, personal_statement, raw_text, structured_data) VALUES (117, '陈星诚', '156127102402', '工商管理', '我是陈星诚，来自工商管理专业。我的兴趣爱好包括辩论、羽毛球、摄影，希望能加入贵社团贡献力量。', 'Imported from dataset', '{"skills": "辩论、羽毛球、摄影"}');
INSERT INTO student_profile (user_id, interest_tags, weekly_free_hours, commitment_level, personality_type) VALUES (117, '["辩论", "羽毛球", "摄影"]', 14, 'MED', 'EXPLORER');
INSERT INTO sys_user (id, school_email, password) VALUES (118, 'stu20240109@campus.example.edu', 'Stu@20245033');
INSERT INTO student_resume (user_id, real_name, contact_phone, major, personal_statement, raw_text, structured_data) VALUES (118, '李景', '153164061751', '机械设计制造及其自动化', '我是李景，来自机械设计制造及其自动化专业。我的兴趣爱好包括编程、公益、辩论，希望能加入贵社团贡献力量。', 'Imported from dataset', '{"skills": "编程、公益、辩论"}');
INSERT INTO student_profile (user_id, interest_tags, weekly_free_hours, commitment_level, personality_type) VALUES (118, '["编程", "公益", "辩论"]', 11, 'MED', 'EXPLORER');
INSERT INTO sys_user (id, school_email, password) VALUES (119, 'stu20240110@campus.example.edu', 'Stu@20245070');
INSERT INTO student_resume (user_id, real_name, contact_phone, major, personal_statement, raw_text, structured_data) VALUES (119, '徐明', '133243187082', '生物工程', '我是徐明，来自生物工程专业。我的兴趣爱好包括阅读、公益、摄影，希望能加入贵社团贡献力量。', 'Imported from dataset', '{"skills": "阅读、公益、摄影"}');
INSERT INTO student_profile (user_id, interest_tags, weekly_free_hours, commitment_level, personality_type) VALUES (119, '["阅读", "公益", "摄影"]', 5, 'MED', 'EXPLORER');
INSERT INTO sys_user (id, school_email, password) VALUES (120, 'stu20240111@campus.example.edu', 'Stu@20245107');
INSERT INTO student_resume (user_id, real_name, contact_phone, major, personal_statement, raw_text, structured_data) VALUES (120, '于安洋', '187194399844', '新闻学', '我是于安洋，来自新闻学专业。我的兴趣爱好包括音乐、短视频、跑步，希望能加入贵社团贡献力量。', 'Imported from dataset', '{"skills": "音乐、短视频、跑步"}');
INSERT INTO student_profile (user_id, interest_tags, weekly_free_hours, commitment_level, personality_type) VALUES (120, '["音乐", "短视频", "跑步"]', 10, 'MED', 'EXPLORER');
INSERT INTO sys_user (id, school_email, password) VALUES (121, 'stu20240112@campus.example.edu', 'Stu@20245144');
INSERT INTO student_resume (user_id, real_name, contact_phone, major, personal_statement, raw_text, structured_data) VALUES (121, '郑泽萌', '188195256123', '教育学', '我是郑泽萌，来自教育学专业。我的兴趣爱好包括阅读、羽毛球、短视频，希望能加入贵社团贡献力量。', 'Imported from dataset', '{"skills": "阅读、羽毛球、短视频"}');
INSERT INTO student_profile (user_id, interest_tags, weekly_free_hours, commitment_level, personality_type) VALUES (121, '["阅读", "羽毛球", "短视频"]', 14, 'MED', 'EXPLORER');
INSERT INTO sys_user (id, school_email, password) VALUES (122, 'stu20240113@campus.example.edu', 'Stu@20245181');
INSERT INTO student_resume (user_id, real_name, contact_phone, major, personal_statement, raw_text, structured_data) VALUES (122, '王怡菲', '187125431499', '金融学', '我是王怡菲，来自金融学专业。我的兴趣爱好包括音乐、摄影、跑步，希望能加入贵社团贡献力量。', 'Imported from dataset', '{"skills": "音乐、摄影、跑步"}');
INSERT INTO student_profile (user_id, interest_tags, weekly_free_hours, commitment_level, personality_type) VALUES (122, '["音乐", "摄影", "跑步"]', 16, 'MED', 'EXPLORER');
INSERT INTO sys_user (id, school_email, password) VALUES (123, 'stu20240114@campus.example.edu', 'Stu@20245218');
INSERT INTO student_resume (user_id, real_name, contact_phone, major, personal_statement, raw_text, structured_data) VALUES (123, '王怡宸', '133778361474', '数学与应用数学', '我是王怡宸，来自数学与应用数学专业。我的兴趣爱好包括辩论、羽毛球、音乐，希望能加入贵社团贡献力量。', 'Imported from dataset', '{"skills": "辩论、羽毛球、音乐"}');
INSERT INTO student_profile (user_id, interest_tags, weekly_free_hours, commitment_level, personality_type) VALUES (123, '["辩论", "羽毛球", "音乐"]', 6, 'MED', 'EXPLORER');
INSERT INTO sys_user (id, school_email, password) VALUES (124, 'stu20240115@campus.example.edu', 'Stu@20245255');
INSERT INTO student_resume (user_id, real_name, contact_phone, major, personal_statement, raw_text, structured_data) VALUES (124, '杨可雯', '139672294140', '金融学', '我是杨可雯，来自金融学专业。我的兴趣爱好包括羽毛球、辩论、音乐，希望能加入贵社团贡献力量。', 'Imported from dataset', '{"skills": "羽毛球、辩论、音乐"}');
INSERT INTO student_profile (user_id, interest_tags, weekly_free_hours, commitment_level, personality_type) VALUES (124, '["羽毛球", "辩论", "音乐"]', 4, 'MED', 'EXPLORER');
INSERT INTO sys_user (id, school_email, password) VALUES (125, 'stu20240116@campus.example.edu', 'Stu@20245292');
INSERT INTO student_resume (user_id, real_name, contact_phone, major, personal_statement, raw_text, structured_data) VALUES (125, '李明希', '179557401444', '电子信息工程', '我是李明希，来自电子信息工程专业。我的兴趣爱好包括编程、辩论、短视频，希望能加入贵社团贡献力量。', 'Imported from dataset', '{"skills": "编程、辩论、短视频"}');
INSERT INTO student_profile (user_id, interest_tags, weekly_free_hours, commitment_level, personality_type) VALUES (125, '["编程", "辩论", "短视频"]', 5, 'MED', 'EXPLORER');
INSERT INTO sys_user (id, school_email, password) VALUES (126, 'stu20240117@campus.example.edu', 'Stu@20245329');
INSERT INTO student_resume (user_id, real_name, contact_phone, major, personal_statement, raw_text, structured_data) VALUES (126, '冯怡航', '159561882593', '机械设计制造及其自动化', '我是冯怡航，来自机械设计制造及其自动化专业。我的兴趣爱好包括摄影、短视频、绘画，希望能加入贵社团贡献力量。', 'Imported from dataset', '{"skills": "摄影、短视频、绘画"}');
INSERT INTO student_profile (user_id, interest_tags, weekly_free_hours, commitment_level, personality_type) VALUES (126, '["摄影", "短视频", "绘画"]', 15, 'MED', 'EXPLORER');
INSERT INTO sys_user (id, school_email, password) VALUES (127, 'stu20240118@campus.example.edu', 'Stu@20245366');
INSERT INTO student_resume (user_id, real_name, contact_phone, major, personal_statement, raw_text, structured_data) VALUES (127, '董景琪', '189284171049', '人工智能', '我是董景琪，来自人工智能专业。我的兴趣爱好包括阅读、公益、设计，希望能加入贵社团贡献力量。', 'Imported from dataset', '{"skills": "阅读、公益、设计"}');
INSERT INTO student_profile (user_id, interest_tags, weekly_free_hours, commitment_level, personality_type) VALUES (127, '["阅读", "公益", "设计"]', 13, 'MED', 'EXPLORER');
INSERT INTO sys_user (id, school_email, password) VALUES (128, 'stu20240119@campus.example.edu', 'Stu@20245403');
INSERT INTO student_resume (user_id, real_name, contact_phone, major, personal_statement, raw_text, structured_data) VALUES (128, '刘欣婷', '193032985846', '电子信息工程', '我是刘欣婷，来自电子信息工程专业。我的兴趣爱好包括摄影、阅读、辩论，希望能加入贵社团贡献力量。', 'Imported from dataset', '{"skills": "摄影、阅读、辩论"}');
INSERT INTO student_profile (user_id, interest_tags, weekly_free_hours, commitment_level, personality_type) VALUES (128, '["摄影", "阅读", "辩论"]', 11, 'MED', 'EXPLORER');
INSERT INTO sys_user (id, school_email, password) VALUES (129, 'stu20240120@campus.example.edu', 'Stu@20245440');
INSERT INTO student_resume (user_id, real_name, contact_phone, major, personal_statement, raw_text, structured_data) VALUES (129, '高可霖', '156656461137', '法学', '我是高可霖，来自法学专业。我的兴趣爱好包括绘画、辩论、公益，希望能加入贵社团贡献力量。', 'Imported from dataset', '{"skills": "绘画、辩论、公益"}');
INSERT INTO student_profile (user_id, interest_tags, weekly_free_hours, commitment_level, personality_type) VALUES (129, '["绘画", "辩论", "公益"]', 7, 'MED', 'EXPLORER');
INSERT INTO sys_user (id, school_email, password) VALUES (130, 'stu20240121@campus.example.edu', 'Stu@20245477');
INSERT INTO student_resume (user_id, real_name, contact_phone, major, personal_statement, raw_text, structured_data) VALUES (130, '张文', '134843888893', '电子信息工程', '我是张文，来自电子信息工程专业。我的兴趣爱好包括阅读、音乐、志愿服务，希望能加入贵社团贡献力量。', 'Imported from dataset', '{"skills": "阅读、音乐、志愿服务"}');
INSERT INTO student_profile (user_id, interest_tags, weekly_free_hours, commitment_level, personality_type) VALUES (130, '["阅读", "音乐", "志愿服务"]', 10, 'MED', 'EXPLORER');
INSERT INTO sys_user (id, school_email, password) VALUES (131, 'stu20240122@campus.example.edu', 'Stu@20245514');
INSERT INTO student_resume (user_id, real_name, contact_phone, major, personal_statement, raw_text, structured_data) VALUES (131, '何怡', '187244704471', '数学与应用数学', '我是何怡，来自数学与应用数学专业。我的兴趣爱好包括设计、辩论、音乐，希望能加入贵社团贡献力量。', 'Imported from dataset', '{"skills": "设计、辩论、音乐"}');
INSERT INTO student_profile (user_id, interest_tags, weekly_free_hours, commitment_level, personality_type) VALUES (131, '["设计", "辩论", "音乐"]', 6, 'MED', 'EXPLORER');
INSERT INTO sys_user (id, school_email, password) VALUES (132, 'stu20240123@campus.example.edu', 'Stu@20245551');
INSERT INTO student_resume (user_id, real_name, contact_phone, major, personal_statement, raw_text, structured_data) VALUES (132, '孙诗霏', '196884747648', '自动化', '我是孙诗霏，来自自动化专业。我的兴趣爱好包括辩论、短视频、摄影，希望能加入贵社团贡献力量。', 'Imported from dataset', '{"skills": "辩论、短视频、摄影"}');
INSERT INTO student_profile (user_id, interest_tags, weekly_free_hours, commitment_level, personality_type) VALUES (132, '["辩论", "短视频", "摄影"]', 9, 'MED', 'EXPLORER');
INSERT INTO sys_user (id, school_email, password) VALUES (133, 'stu20240124@campus.example.edu', 'Stu@20245588');
INSERT INTO student_resume (user_id, real_name, contact_phone, major, personal_statement, raw_text, structured_data) VALUES (133, '唐思', '133261243174', '统计学', '我是唐思，来自统计学专业。我的兴趣爱好包括音乐、公益、绘画，希望能加入贵社团贡献力量。', 'Imported from dataset', '{"skills": "音乐、公益、绘画"}');
INSERT INTO student_profile (user_id, interest_tags, weekly_free_hours, commitment_level, personality_type) VALUES (133, '["音乐", "公益", "绘画"]', 4, 'MED', 'EXPLORER');
INSERT INTO sys_user (id, school_email, password) VALUES (134, 'stu20240125@campus.example.edu', 'Stu@20245625');
INSERT INTO student_resume (user_id, real_name, contact_phone, major, personal_statement, raw_text, structured_data) VALUES (134, '赵浩昊', '132324701391', '数学与应用数学', '我是赵浩昊，来自数学与应用数学专业。我的兴趣爱好包括志愿服务、辩论、摄影，希望能加入贵社团贡献力量。', 'Imported from dataset', '{"skills": "志愿服务、辩论、摄影"}');
INSERT INTO student_profile (user_id, interest_tags, weekly_free_hours, commitment_level, personality_type) VALUES (134, '["志愿服务", "辩论", "摄影"]', 7, 'MED', 'EXPLORER');
INSERT INTO sys_user (id, school_email, password) VALUES (135, 'stu20240126@campus.example.edu', 'Stu@20245662');
INSERT INTO student_resume (user_id, real_name, contact_phone, major, personal_statement, raw_text, structured_data) VALUES (135, '赵子璇', '197432861646', '机械设计制造及其自动化', '我是赵子璇，来自机械设计制造及其自动化专业。我的兴趣爱好包括公益、设计、跑步，希望能加入贵社团贡献力量。', 'Imported from dataset', '{"skills": "公益、设计、跑步"}');
INSERT INTO student_profile (user_id, interest_tags, weekly_free_hours, commitment_level, personality_type) VALUES (135, '["公益", "设计", "跑步"]', 5, 'MED', 'EXPLORER');
INSERT INTO sys_user (id, school_email, password) VALUES (136, 'stu20240127@campus.example.edu', 'Stu@20245699');
INSERT INTO student_resume (user_id, real_name, contact_phone, major, personal_statement, raw_text, structured_data) VALUES (136, '高明', '131385032062', '统计学', '我是高明，来自统计学专业。我的兴趣爱好包括阅读、短视频、设计，希望能加入贵社团贡献力量。', 'Imported from dataset', '{"skills": "阅读、短视频、设计"}');
INSERT INTO student_profile (user_id, interest_tags, weekly_free_hours, commitment_level, personality_type) VALUES (136, '["阅读", "短视频", "设计"]', 12, 'MED', 'EXPLORER');
INSERT INTO sys_user (id, school_email, password) VALUES (137, 'stu20240128@campus.example.edu', 'Stu@20245736');
INSERT INTO student_resume (user_id, real_name, contact_phone, major, personal_statement, raw_text, structured_data) VALUES (137, '韩浩', '188121307685', '数学与应用数学', '我是韩浩，来自数学与应用数学专业。我的兴趣爱好包括阅读、跑步、设计，希望能加入贵社团贡献力量。', 'Imported from dataset', '{"skills": "阅读、跑步、设计"}');
INSERT INTO student_profile (user_id, interest_tags, weekly_free_hours, commitment_level, personality_type) VALUES (137, '["阅读", "跑步", "设计"]', 12, 'MED', 'EXPLORER');
INSERT INTO sys_user (id, school_email, password) VALUES (138, 'stu20240129@campus.example.edu', 'Stu@20245773');
INSERT INTO student_resume (user_id, real_name, contact_phone, major, personal_statement, raw_text, structured_data) VALUES (138, '梁晨璇', '157528642063', '心理学', '我是梁晨璇，来自心理学专业。我的兴趣爱好包括羽毛球、音乐、跑步，希望能加入贵社团贡献力量。', 'Imported from dataset', '{"skills": "羽毛球、音乐、跑步"}');
INSERT INTO student_profile (user_id, interest_tags, weekly_free_hours, commitment_level, personality_type) VALUES (138, '["羽毛球", "音乐", "跑步"]', 12, 'MED', 'EXPLORER');
INSERT INTO sys_user (id, school_email, password) VALUES (139, 'stu20240130@campus.example.edu', 'Stu@20245810');
INSERT INTO student_resume (user_id, real_name, contact_phone, major, personal_statement, raw_text, structured_data) VALUES (139, '马晨涵', '154894604623', '数学与应用数学', '我是马晨涵，来自数学与应用数学专业。我的兴趣爱好包括设计、辩论、摄影，希望能加入贵社团贡献力量。', 'Imported from dataset', '{"skills": "设计、辩论、摄影"}');
INSERT INTO student_profile (user_id, interest_tags, weekly_free_hours, commitment_level, personality_type) VALUES (139, '["设计", "辩论", "摄影"]', 9, 'MED', 'EXPLORER');
INSERT INTO sys_user (id, school_email, password) VALUES (140, 'stu20240131@campus.example.edu', 'Stu@20245847');
INSERT INTO student_resume (user_id, real_name, contact_phone, major, personal_statement, raw_text, structured_data) VALUES (140, '张雨', '177834782074', '软件工程', '我是张雨，来自软件工程专业。我的兴趣爱好包括阅读、跑步、短视频，希望能加入贵社团贡献力量。', 'Imported from dataset', '{"skills": "阅读、跑步、短视频"}');
INSERT INTO student_profile (user_id, interest_tags, weekly_free_hours, commitment_level, personality_type) VALUES (140, '["阅读", "跑步", "短视频"]', 11, 'MED', 'EXPLORER');
INSERT INTO sys_user (id, school_email, password) VALUES (141, 'stu20240132@campus.example.edu', 'Stu@20245884');
INSERT INTO student_resume (user_id, real_name, contact_phone, major, personal_statement, raw_text, structured_data) VALUES (141, '李博瑶', '137028729343', '金融学', '我是李博瑶，来自金融学专业。我的兴趣爱好包括跑步、编程、羽毛球，希望能加入贵社团贡献力量。', 'Imported from dataset', '{"skills": "跑步、编程、羽毛球"}');
INSERT INTO student_profile (user_id, interest_tags, weekly_free_hours, commitment_level, personality_type) VALUES (141, '["跑步", "编程", "羽毛球"]', 11, 'MED', 'EXPLORER');
INSERT INTO sys_user (id, school_email, password) VALUES (142, 'stu20240133@campus.example.edu', 'Stu@20245921');
INSERT INTO student_resume (user_id, real_name, contact_phone, major, personal_statement, raw_text, structured_data) VALUES (142, '陈泽', '193248735993', '数学与应用数学', '我是陈泽，来自数学与应用数学专业。我的兴趣爱好包括编程、公益、跑步，希望能加入贵社团贡献力量。', 'Imported from dataset', '{"skills": "编程、公益、跑步"}');
INSERT INTO student_profile (user_id, interest_tags, weekly_free_hours, commitment_level, personality_type) VALUES (142, '["编程", "公益", "跑步"]', 14, 'MED', 'EXPLORER');
INSERT INTO sys_user (id, school_email, password) VALUES (143, 'stu20240134@campus.example.edu', 'Stu@20245958');
INSERT INTO student_resume (user_id, real_name, contact_phone, major, personal_statement, raw_text, structured_data) VALUES (143, '萧文琪', '135688533740', '传播学', '我是萧文琪，来自传播学专业。我的兴趣爱好包括绘画、辩论、公益，希望能加入贵社团贡献力量。', 'Imported from dataset', '{"skills": "绘画、辩论、公益"}');
INSERT INTO student_profile (user_id, interest_tags, weekly_free_hours, commitment_level, personality_type) VALUES (143, '["绘画", "辩论", "公益"]', 12, 'MED', 'EXPLORER');
INSERT INTO sys_user (id, school_email, password) VALUES (144, 'stu20240135@campus.example.edu', 'Stu@20245995');
INSERT INTO student_resume (user_id, real_name, contact_phone, major, personal_statement, raw_text, structured_data) VALUES (144, '林星菲', '191580581346', '英语', '我是林星菲，来自英语专业。我的兴趣爱好包括短视频、志愿服务、设计，希望能加入贵社团贡献力量。', 'Imported from dataset', '{"skills": "短视频、志愿服务、设计"}');
INSERT INTO student_profile (user_id, interest_tags, weekly_free_hours, commitment_level, personality_type) VALUES (144, '["短视频", "志愿服务", "设计"]', 5, 'MED', 'EXPLORER');
INSERT INTO sys_user (id, school_email, password) VALUES (145, 'stu20240136@campus.example.edu', 'Stu@20246032');
INSERT INTO student_resume (user_id, real_name, contact_phone, major, personal_statement, raw_text, structured_data) VALUES (145, '李亦霏', '189193474487', '生物工程', '我是李亦霏，来自生物工程专业。我的兴趣爱好包括音乐、公益、辩论，希望能加入贵社团贡献力量。', 'Imported from dataset', '{"skills": "音乐、公益、辩论"}');
INSERT INTO student_profile (user_id, interest_tags, weekly_free_hours, commitment_level, personality_type) VALUES (145, '["音乐", "公益", "辩论"]', 10, 'MED', 'EXPLORER');
INSERT INTO sys_user (id, school_email, password) VALUES (146, 'stu20240137@campus.example.edu', 'Stu@20246069');
INSERT INTO student_resume (user_id, real_name, contact_phone, major, personal_statement, raw_text, structured_data) VALUES (146, '朱可', '173479201329', '计算机科学与技术', '我是朱可，来自计算机科学与技术专业。我的兴趣爱好包括辩论、摄影、跑步，希望能加入贵社团贡献力量。', 'Imported from dataset', '{"skills": "辩论、摄影、跑步"}');
INSERT INTO student_profile (user_id, interest_tags, weekly_free_hours, commitment_level, personality_type) VALUES (146, '["辩论", "摄影", "跑步"]', 7, 'MED', 'EXPLORER');
INSERT INTO sys_user (id, school_email, password) VALUES (147, 'stu20240138@campus.example.edu', 'Stu@20246106');
INSERT INTO student_resume (user_id, real_name, contact_phone, major, personal_statement, raw_text, structured_data) VALUES (147, '高俊远', '179364861749', '汉语言文学', '我是高俊远，来自汉语言文学专业。我的兴趣爱好包括羽毛球、绘画、编程，希望能加入贵社团贡献力量。', 'Imported from dataset', '{"skills": "羽毛球、绘画、编程"}');
INSERT INTO student_profile (user_id, interest_tags, weekly_free_hours, commitment_level, personality_type) VALUES (147, '["羽毛球", "绘画", "编程"]', 15, 'MED', 'EXPLORER');
INSERT INTO sys_user (id, school_email, password) VALUES (148, 'stu20240139@campus.example.edu', 'Stu@20246143');
INSERT INTO student_resume (user_id, real_name, contact_phone, major, personal_statement, raw_text, structured_data) VALUES (148, '高泽', '156269649710', '英语', '我是高泽，来自英语专业。我的兴趣爱好包括辩论、跑步、音乐，希望能加入贵社团贡献力量。', 'Imported from dataset', '{"skills": "辩论、跑步、音乐"}');
INSERT INTO student_profile (user_id, interest_tags, weekly_free_hours, commitment_level, personality_type) VALUES (148, '["辩论", "跑步", "音乐"]', 8, 'MED', 'EXPLORER');
INSERT INTO sys_user (id, school_email, password) VALUES (149, 'stu20240140@campus.example.edu', 'Stu@20246180');
INSERT INTO student_resume (user_id, real_name, contact_phone, major, personal_statement, raw_text, structured_data) VALUES (149, '李思涵', '177433929035', '生物工程', '我是李思涵，来自生物工程专业。我的兴趣爱好包括设计、跑步、志愿服务，希望能加入贵社团贡献力量。', 'Imported from dataset', '{"skills": "设计、跑步、志愿服务"}');
INSERT INTO student_profile (user_id, interest_tags, weekly_free_hours, commitment_level, personality_type) VALUES (149, '["设计", "跑步", "志愿服务"]', 16, 'MED', 'EXPLORER');
INSERT INTO sys_user (id, school_email, password) VALUES (150, 'stu20240141@campus.example.edu', 'Stu@20246217');
INSERT INTO student_resume (user_id, real_name, contact_phone, major, personal_statement, raw_text, structured_data) VALUES (150, '高一悦', '184095128072', '历史学', '我是高一悦，来自历史学专业。我的兴趣爱好包括设计、羽毛球、志愿服务，希望能加入贵社团贡献力量。', 'Imported from dataset', '{"skills": "设计、羽毛球、志愿服务"}');
INSERT INTO student_profile (user_id, interest_tags, weekly_free_hours, commitment_level, personality_type) VALUES (150, '["设计", "羽毛球", "志愿服务"]', 6, 'MED', 'EXPLORER');
INSERT INTO sys_user (id, school_email, password) VALUES (151, 'stu20240142@campus.example.edu', 'Stu@20246254');
INSERT INTO student_resume (user_id, real_name, contact_phone, major, personal_statement, raw_text, structured_data) VALUES (151, '周思悦', '196910291675', '历史学', '我是周思悦，来自历史学专业。我的兴趣爱好包括跑步、编程、音乐，希望能加入贵社团贡献力量。', 'Imported from dataset', '{"skills": "跑步、编程、音乐"}');
INSERT INTO student_profile (user_id, interest_tags, weekly_free_hours, commitment_level, personality_type) VALUES (151, '["跑步", "编程", "音乐"]', 10, 'MED', 'EXPLORER');
INSERT INTO sys_user (id, school_email, password) VALUES (152, 'stu20240143@campus.example.edu', 'Stu@20246291');
INSERT INTO student_resume (user_id, real_name, contact_phone, major, personal_statement, raw_text, structured_data) VALUES (152, '郑亦', '171022616165', '英语', '我是郑亦，来自英语专业。我的兴趣爱好包括音乐、设计、阅读，希望能加入贵社团贡献力量。', 'Imported from dataset', '{"skills": "音乐、设计、阅读"}');
INSERT INTO student_profile (user_id, interest_tags, weekly_free_hours, commitment_level, personality_type) VALUES (152, '["音乐", "设计", "阅读"]', 4, 'MED', 'EXPLORER');
INSERT INTO sys_user (id, school_email, password) VALUES (153, 'stu20240144@campus.example.edu', 'Stu@20246328');
INSERT INTO student_resume (user_id, real_name, contact_phone, major, personal_statement, raw_text, structured_data) VALUES (153, '何欣然', '154121898168', '汉语言文学', '我是何欣然，来自汉语言文学专业。我的兴趣爱好包括摄影、阅读、辩论，希望能加入贵社团贡献力量。', 'Imported from dataset', '{"skills": "摄影、阅读、辩论"}');
INSERT INTO student_profile (user_id, interest_tags, weekly_free_hours, commitment_level, personality_type) VALUES (153, '["摄影", "阅读", "辩论"]', 4, 'MED', 'EXPLORER');
INSERT INTO sys_user (id, school_email, password) VALUES (154, 'stu20240145@campus.example.edu', 'Stu@20246365');
INSERT INTO student_resume (user_id, real_name, contact_phone, major, personal_statement, raw_text, structured_data) VALUES (154, '徐泽', '153819879942', '软件工程', '我是徐泽，来自软件工程专业。我的兴趣爱好包括摄影、阅读、辩论，希望能加入贵社团贡献力量。', 'Imported from dataset', '{"skills": "摄影、阅读、辩论"}');
INSERT INTO student_profile (user_id, interest_tags, weekly_free_hours, commitment_level, personality_type) VALUES (154, '["摄影", "阅读", "辩论"]', 12, 'MED', 'EXPLORER');
INSERT INTO sys_user (id, school_email, password) VALUES (155, 'stu20240146@campus.example.edu', 'Stu@20246402');
INSERT INTO student_resume (user_id, real_name, contact_phone, major, personal_statement, raw_text, structured_data) VALUES (155, '何文', '132234779712', '生物工程', '我是何文，来自生物工程专业。我的兴趣爱好包括摄影、编程、志愿服务，希望能加入贵社团贡献力量。', 'Imported from dataset', '{"skills": "摄影、编程、志愿服务"}');
INSERT INTO student_profile (user_id, interest_tags, weekly_free_hours, commitment_level, personality_type) VALUES (155, '["摄影", "编程", "志愿服务"]', 16, 'MED', 'EXPLORER');
INSERT INTO sys_user (id, school_email, password) VALUES (156, 'stu20240147@campus.example.edu', 'Stu@20246439');
INSERT INTO student_resume (user_id, real_name, contact_phone, major, personal_statement, raw_text, structured_data) VALUES (156, '郑佳', '151949507317', '传播学', '我是郑佳，来自传播学专业。我的兴趣爱好包括志愿服务、羽毛球、设计，希望能加入贵社团贡献力量。', 'Imported from dataset', '{"skills": "志愿服务、羽毛球、设计"}');
INSERT INTO student_profile (user_id, interest_tags, weekly_free_hours, commitment_level, personality_type) VALUES (156, '["志愿服务", "羽毛球", "设计"]', 7, 'MED', 'EXPLORER');
INSERT INTO sys_user (id, school_email, password) VALUES (157, 'stu20240148@campus.example.edu', 'Stu@20246476');
INSERT INTO student_resume (user_id, real_name, contact_phone, major, personal_statement, raw_text, structured_data) VALUES (157, '张泽瑶', '183215524692', '汉语言文学', '我是张泽瑶，来自汉语言文学专业。我的兴趣爱好包括跑步、摄影、绘画，希望能加入贵社团贡献力量。', 'Imported from dataset', '{"skills": "跑步、摄影、绘画"}');
INSERT INTO student_profile (user_id, interest_tags, weekly_free_hours, commitment_level, personality_type) VALUES (157, '["跑步", "摄影", "绘画"]', 13, 'MED', 'EXPLORER');
INSERT INTO sys_user (id, school_email, password) VALUES (158, 'stu20240149@campus.example.edu', 'Stu@20246513');
INSERT INTO student_resume (user_id, real_name, contact_phone, major, personal_statement, raw_text, structured_data) VALUES (158, '马诗', '152748033593', '建筑学', '我是马诗，来自建筑学专业。我的兴趣爱好包括羽毛球、辩论、设计，希望能加入贵社团贡献力量。', 'Imported from dataset', '{"skills": "羽毛球、辩论、设计"}');
INSERT INTO student_profile (user_id, interest_tags, weekly_free_hours, commitment_level, personality_type) VALUES (158, '["羽毛球", "辩论", "设计"]', 13, 'MED', 'EXPLORER');
INSERT INTO sys_user (id, school_email, password) VALUES (159, 'stu20240150@campus.example.edu', 'Stu@20246550');
INSERT INTO student_resume (user_id, real_name, contact_phone, major, personal_statement, raw_text, structured_data) VALUES (159, '冯雨萌', '157831545356', '建筑学', '我是冯雨萌，来自建筑学专业。我的兴趣爱好包括设计、志愿服务、跑步，希望能加入贵社团贡献力量。', 'Imported from dataset', '{"skills": "设计、志愿服务、跑步"}');
INSERT INTO student_profile (user_id, interest_tags, weekly_free_hours, commitment_level, personality_type) VALUES (159, '["设计", "志愿服务", "跑步"]', 7, 'MED', 'EXPLORER');
INSERT INTO sys_user (id, school_email, password) VALUES (160, 'stu20250151@campus.example.edu', 'Stu@20256587');
INSERT INTO student_resume (user_id, real_name, contact_phone, major, personal_statement, raw_text, structured_data) VALUES (160, '马诺', '194718732606', '软件工程', '我是马诺，来自软件工程专业。我的兴趣爱好包括羽毛球、阅读、短视频，希望能加入贵社团贡献力量。', 'Imported from dataset', '{"skills": "羽毛球、阅读、短视频"}');
INSERT INTO student_profile (user_id, interest_tags, weekly_free_hours, commitment_level, personality_type) VALUES (160, '["羽毛球", "阅读", "短视频"]', 11, 'MED', 'EXPLORER');
INSERT INTO sys_user (id, school_email, password) VALUES (161, 'stu20250152@campus.example.edu', 'Stu@20256624');
INSERT INTO student_resume (user_id, real_name, contact_phone, major, personal_statement, raw_text, structured_data) VALUES (161, '刘睿言', '137446927889', '计算机科学与技术', '我是刘睿言，来自计算机科学与技术专业。我的兴趣爱好包括阅读、公益、羽毛球，希望能加入贵社团贡献力量。', 'Imported from dataset', '{"skills": "阅读、公益、羽毛球"}');
INSERT INTO student_profile (user_id, interest_tags, weekly_free_hours, commitment_level, personality_type) VALUES (161, '["阅读", "公益", "羽毛球"]', 8, 'MED', 'EXPLORER');
INSERT INTO sys_user (id, school_email, password) VALUES (162, 'stu20250153@campus.example.edu', 'Stu@20256661');
INSERT INTO student_resume (user_id, real_name, contact_phone, major, personal_statement, raw_text, structured_data) VALUES (162, '林可洋', '153423666072', '统计学', '我是林可洋，来自统计学专业。我的兴趣爱好包括摄影、音乐、短视频，希望能加入贵社团贡献力量。', 'Imported from dataset', '{"skills": "摄影、音乐、短视频"}');
INSERT INTO student_profile (user_id, interest_tags, weekly_free_hours, commitment_level, personality_type) VALUES (162, '["摄影", "音乐", "短视频"]', 7, 'MED', 'EXPLORER');
INSERT INTO sys_user (id, school_email, password) VALUES (163, 'stu20250154@campus.example.edu', 'Stu@20256698');
INSERT INTO student_resume (user_id, real_name, contact_phone, major, personal_statement, raw_text, structured_data) VALUES (163, '张欣洋', '184093021558', '心理学', '我是张欣洋，来自心理学专业。我的兴趣爱好包括跑步、短视频、辩论，希望能加入贵社团贡献力量。', 'Imported from dataset', '{"skills": "跑步、短视频、辩论"}');
INSERT INTO student_profile (user_id, interest_tags, weekly_free_hours, commitment_level, personality_type) VALUES (163, '["跑步", "短视频", "辩论"]', 13, 'MED', 'EXPLORER');
INSERT INTO sys_user (id, school_email, password) VALUES (164, 'stu20250155@campus.example.edu', 'Stu@20256735');
INSERT INTO student_resume (user_id, real_name, contact_phone, major, personal_statement, raw_text, structured_data) VALUES (164, '林一航', '132920575011', '心理学', '我是林一航，来自心理学专业。我的兴趣爱好包括志愿服务、短视频、编程，希望能加入贵社团贡献力量。', 'Imported from dataset', '{"skills": "志愿服务、短视频、编程"}');
INSERT INTO student_profile (user_id, interest_tags, weekly_free_hours, commitment_level, personality_type) VALUES (164, '["志愿服务", "短视频", "编程"]', 5, 'MED', 'EXPLORER');
INSERT INTO sys_user (id, school_email, password) VALUES (165, 'stu20250156@campus.example.edu', 'Stu@20256772');
INSERT INTO student_resume (user_id, real_name, contact_phone, major, personal_statement, raw_text, structured_data) VALUES (165, '唐子', '152730901379', '生物工程', '我是唐子，来自生物工程专业。我的兴趣爱好包括公益、短视频、阅读，希望能加入贵社团贡献力量。', 'Imported from dataset', '{"skills": "公益、短视频、阅读"}');
INSERT INTO student_profile (user_id, interest_tags, weekly_free_hours, commitment_level, personality_type) VALUES (165, '["公益", "短视频", "阅读"]', 8, 'MED', 'EXPLORER');
INSERT INTO sys_user (id, school_email, password) VALUES (166, 'stu20250157@campus.example.edu', 'Stu@20256809');
INSERT INTO student_resume (user_id, real_name, contact_phone, major, personal_statement, raw_text, structured_data) VALUES (166, '黄俊琪', '185245591186', '环境工程', '我是黄俊琪，来自环境工程专业。我的兴趣爱好包括设计、羽毛球、阅读，希望能加入贵社团贡献力量。', 'Imported from dataset', '{"skills": "设计、羽毛球、阅读"}');
INSERT INTO student_profile (user_id, interest_tags, weekly_free_hours, commitment_level, personality_type) VALUES (166, '["设计", "羽毛球", "阅读"]', 11, 'MED', 'EXPLORER');
INSERT INTO sys_user (id, school_email, password) VALUES (167, 'stu20250158@campus.example.edu', 'Stu@20256846');
INSERT INTO student_resume (user_id, real_name, contact_phone, major, personal_statement, raw_text, structured_data) VALUES (167, '何嘉霏', '156050173444', '数据科学与大数据技术', '我是何嘉霏，来自数据科学与大数据技术专业。我的兴趣爱好包括志愿服务、编程、辩论，希望能加入贵社团贡献力量。', 'Imported from dataset', '{"skills": "志愿服务、编程、辩论"}');
INSERT INTO student_profile (user_id, interest_tags, weekly_free_hours, commitment_level, personality_type) VALUES (167, '["志愿服务", "编程", "辩论"]', 9, 'MED', 'EXPLORER');
INSERT INTO sys_user (id, school_email, password) VALUES (168, 'stu20250159@campus.example.edu', 'Stu@20256883');
INSERT INTO student_resume (user_id, real_name, contact_phone, major, personal_statement, raw_text, structured_data) VALUES (168, '于佳彤', '174116208341', '人工智能', '我是于佳彤，来自人工智能专业。我的兴趣爱好包括羽毛球、音乐、绘画，希望能加入贵社团贡献力量。', 'Imported from dataset', '{"skills": "羽毛球、音乐、绘画"}');
INSERT INTO student_profile (user_id, interest_tags, weekly_free_hours, commitment_level, personality_type) VALUES (168, '["羽毛球", "音乐", "绘画"]', 11, 'MED', 'EXPLORER');
INSERT INTO sys_user (id, school_email, password) VALUES (169, 'stu20250160@campus.example.edu', 'Stu@20256920');
INSERT INTO student_resume (user_id, real_name, contact_phone, major, personal_statement, raw_text, structured_data) VALUES (169, '高晨', '197255941895', '教育学', '我是高晨，来自教育学专业。我的兴趣爱好包括短视频、设计、阅读，希望能加入贵社团贡献力量。', 'Imported from dataset', '{"skills": "短视频、设计、阅读"}');
INSERT INTO student_profile (user_id, interest_tags, weekly_free_hours, commitment_level, personality_type) VALUES (169, '["短视频", "设计", "阅读"]', 9, 'MED', 'EXPLORER');
INSERT INTO sys_user (id, school_email, password) VALUES (170, 'stu20250161@campus.example.edu', 'Stu@20256957');
INSERT INTO student_resume (user_id, real_name, contact_phone, major, personal_statement, raw_text, structured_data) VALUES (170, '萧欣琳', '184074713918', '会计学', '我是萧欣琳，来自会计学专业。我的兴趣爱好包括绘画、编程、志愿服务，希望能加入贵社团贡献力量。', 'Imported from dataset', '{"skills": "绘画、编程、志愿服务"}');
INSERT INTO student_profile (user_id, interest_tags, weekly_free_hours, commitment_level, personality_type) VALUES (170, '["绘画", "编程", "志愿服务"]', 7, 'MED', 'EXPLORER');
INSERT INTO sys_user (id, school_email, password) VALUES (171, 'stu20250162@campus.example.edu', 'Stu@20256994');
INSERT INTO student_resume (user_id, real_name, contact_phone, major, personal_statement, raw_text, structured_data) VALUES (171, '罗依轩', '189129161158', '市场营销', '我是罗依轩，来自市场营销专业。我的兴趣爱好包括设计、短视频、辩论，希望能加入贵社团贡献力量。', 'Imported from dataset', '{"skills": "设计、短视频、辩论"}');
INSERT INTO student_profile (user_id, interest_tags, weekly_free_hours, commitment_level, personality_type) VALUES (171, '["设计", "短视频", "辩论"]', 11, 'MED', 'EXPLORER');
INSERT INTO sys_user (id, school_email, password) VALUES (172, 'stu20250163@campus.example.edu', 'Stu@20257031');
INSERT INTO student_resume (user_id, real_name, contact_phone, major, personal_statement, raw_text, structured_data) VALUES (172, '萧天', '132732084983', '土木工程', '我是萧天，来自土木工程专业。我的兴趣爱好包括志愿服务、羽毛球、阅读，希望能加入贵社团贡献力量。', 'Imported from dataset', '{"skills": "志愿服务、羽毛球、阅读"}');
INSERT INTO student_profile (user_id, interest_tags, weekly_free_hours, commitment_level, personality_type) VALUES (172, '["志愿服务", "羽毛球", "阅读"]', 13, 'MED', 'EXPLORER');
INSERT INTO sys_user (id, school_email, password) VALUES (173, 'stu20250164@campus.example.edu', 'Stu@20257068');
INSERT INTO student_resume (user_id, real_name, contact_phone, major, personal_statement, raw_text, structured_data) VALUES (173, '郑怡涵', '172141017418', '工商管理', '我是郑怡涵，来自工商管理专业。我的兴趣爱好包括短视频、志愿服务、编程，希望能加入贵社团贡献力量。', 'Imported from dataset', '{"skills": "短视频、志愿服务、编程"}');
INSERT INTO student_profile (user_id, interest_tags, weekly_free_hours, commitment_level, personality_type) VALUES (173, '["短视频", "志愿服务", "编程"]', 13, 'MED', 'EXPLORER');
INSERT INTO sys_user (id, school_email, password) VALUES (174, 'stu20250165@campus.example.edu', 'Stu@20257105');
INSERT INTO student_resume (user_id, real_name, contact_phone, major, personal_statement, raw_text, structured_data) VALUES (174, '朱安彤', '187278638555', '机械设计制造及其自动化', '我是朱安彤，来自机械设计制造及其自动化专业。我的兴趣爱好包括羽毛球、摄影、辩论，希望能加入贵社团贡献力量。', 'Imported from dataset', '{"skills": "羽毛球、摄影、辩论"}');
INSERT INTO student_profile (user_id, interest_tags, weekly_free_hours, commitment_level, personality_type) VALUES (174, '["羽毛球", "摄影", "辩论"]', 7, 'MED', 'EXPLORER');
INSERT INTO sys_user (id, school_email, password) VALUES (175, 'stu20250166@campus.example.edu', 'Stu@20257142');
INSERT INTO student_resume (user_id, real_name, contact_phone, major, personal_statement, raw_text, structured_data) VALUES (175, '李卓', '183731198230', '生物工程', '我是李卓，来自生物工程专业。我的兴趣爱好包括跑步、羽毛球、志愿服务，希望能加入贵社团贡献力量。', 'Imported from dataset', '{"skills": "跑步、羽毛球、志愿服务"}');
INSERT INTO student_profile (user_id, interest_tags, weekly_free_hours, commitment_level, personality_type) VALUES (175, '["跑步", "羽毛球", "志愿服务"]', 14, 'MED', 'EXPLORER');
INSERT INTO sys_user (id, school_email, password) VALUES (176, 'stu20250167@campus.example.edu', 'Stu@20257179');
INSERT INTO student_resume (user_id, real_name, contact_phone, major, personal_statement, raw_text, structured_data) VALUES (176, '马思洋', '178194436819', '机械设计制造及其自动化', '我是马思洋，来自机械设计制造及其自动化专业。我的兴趣爱好包括编程、短视频、志愿服务，希望能加入贵社团贡献力量。', 'Imported from dataset', '{"skills": "编程、短视频、志愿服务"}');
INSERT INTO student_profile (user_id, interest_tags, weekly_free_hours, commitment_level, personality_type) VALUES (176, '["编程", "短视频", "志愿服务"]', 13, 'MED', 'EXPLORER');
INSERT INTO sys_user (id, school_email, password) VALUES (177, 'stu20250168@campus.example.edu', 'Stu@20257216');
INSERT INTO student_resume (user_id, real_name, contact_phone, major, personal_statement, raw_text, structured_data) VALUES (177, '于欣洋', '181895076460', '自动化', '我是于欣洋，来自自动化专业。我的兴趣爱好包括辩论、阅读、摄影，希望能加入贵社团贡献力量。', 'Imported from dataset', '{"skills": "辩论、阅读、摄影"}');
INSERT INTO student_profile (user_id, interest_tags, weekly_free_hours, commitment_level, personality_type) VALUES (177, '["辩论", "阅读", "摄影"]', 5, 'MED', 'EXPLORER');
INSERT INTO sys_user (id, school_email, password) VALUES (178, 'stu20250169@campus.example.edu', 'Stu@20257253');
INSERT INTO student_resume (user_id, real_name, contact_phone, major, personal_statement, raw_text, structured_data) VALUES (178, '张欣', '182033115526', '法学', '我是张欣，来自法学专业。我的兴趣爱好包括设计、编程、绘画，希望能加入贵社团贡献力量。', 'Imported from dataset', '{"skills": "设计、编程、绘画"}');
INSERT INTO student_profile (user_id, interest_tags, weekly_free_hours, commitment_level, personality_type) VALUES (178, '["设计", "编程", "绘画"]', 8, 'MED', 'EXPLORER');
INSERT INTO sys_user (id, school_email, password) VALUES (179, 'stu20250170@campus.example.edu', 'Stu@20257290');
INSERT INTO student_resume (user_id, real_name, contact_phone, major, personal_statement, raw_text, structured_data) VALUES (179, '郑睿', '171887986733', '生物工程', '我是郑睿，来自生物工程专业。我的兴趣爱好包括音乐、志愿服务、羽毛球，希望能加入贵社团贡献力量。', 'Imported from dataset', '{"skills": "音乐、志愿服务、羽毛球"}');
INSERT INTO student_profile (user_id, interest_tags, weekly_free_hours, commitment_level, personality_type) VALUES (179, '["音乐", "志愿服务", "羽毛球"]', 12, 'MED', 'EXPLORER');
INSERT INTO sys_user (id, school_email, password) VALUES (180, 'stu20250171@campus.example.edu', 'Stu@20257327');
INSERT INTO student_resume (user_id, real_name, contact_phone, major, personal_statement, raw_text, structured_data) VALUES (180, '梁欣远', '181278591640', '建筑学', '我是梁欣远，来自建筑学专业。我的兴趣爱好包括志愿服务、编程、绘画，希望能加入贵社团贡献力量。', 'Imported from dataset', '{"skills": "志愿服务、编程、绘画"}');
INSERT INTO student_profile (user_id, interest_tags, weekly_free_hours, commitment_level, personality_type) VALUES (180, '["志愿服务", "编程", "绘画"]', 14, 'MED', 'EXPLORER');
INSERT INTO sys_user (id, school_email, password) VALUES (181, 'stu20250172@campus.example.edu', 'Stu@20257364');
INSERT INTO student_resume (user_id, real_name, contact_phone, major, personal_statement, raw_text, structured_data) VALUES (181, '马子璇', '158330374296', '新闻学', '我是马子璇，来自新闻学专业。我的兴趣爱好包括绘画、羽毛球、公益，希望能加入贵社团贡献力量。', 'Imported from dataset', '{"skills": "绘画、羽毛球、公益"}');
INSERT INTO student_profile (user_id, interest_tags, weekly_free_hours, commitment_level, personality_type) VALUES (181, '["绘画", "羽毛球", "公益"]', 14, 'MED', 'EXPLORER');
INSERT INTO sys_user (id, school_email, password) VALUES (182, 'stu20250173@campus.example.edu', 'Stu@20257401');
INSERT INTO student_resume (user_id, real_name, contact_phone, major, personal_statement, raw_text, structured_data) VALUES (182, '萧卓琳', '174633222179', '工商管理', '我是萧卓琳，来自工商管理专业。我的兴趣爱好包括音乐、设计、编程，希望能加入贵社团贡献力量。', 'Imported from dataset', '{"skills": "音乐、设计、编程"}');
INSERT INTO student_profile (user_id, interest_tags, weekly_free_hours, commitment_level, personality_type) VALUES (182, '["音乐", "设计", "编程"]', 6, 'MED', 'EXPLORER');
INSERT INTO sys_user (id, school_email, password) VALUES (183, 'stu20250174@campus.example.edu', 'Stu@20257438');
INSERT INTO student_resume (user_id, real_name, contact_phone, major, personal_statement, raw_text, structured_data) VALUES (183, '何宇', '182395255516', '环境工程', '我是何宇，来自环境工程专业。我的兴趣爱好包括设计、音乐、绘画，希望能加入贵社团贡献力量。', 'Imported from dataset', '{"skills": "设计、音乐、绘画"}');
INSERT INTO student_profile (user_id, interest_tags, weekly_free_hours, commitment_level, personality_type) VALUES (183, '["设计", "音乐", "绘画"]', 12, 'MED', 'EXPLORER');
INSERT INTO sys_user (id, school_email, password) VALUES (184, 'stu20250175@campus.example.edu', 'Stu@20257475');
INSERT INTO student_resume (user_id, real_name, contact_phone, major, personal_statement, raw_text, structured_data) VALUES (184, '董浩菲', '159832404488', '统计学', '我是董浩菲，来自统计学专业。我的兴趣爱好包括阅读、摄影、绘画，希望能加入贵社团贡献力量。', 'Imported from dataset', '{"skills": "阅读、摄影、绘画"}');
INSERT INTO student_profile (user_id, interest_tags, weekly_free_hours, commitment_level, personality_type) VALUES (184, '["阅读", "摄影", "绘画"]', 15, 'MED', 'EXPLORER');
INSERT INTO sys_user (id, school_email, password) VALUES (185, 'stu20250176@campus.example.edu', 'Stu@20257512');
INSERT INTO student_resume (user_id, real_name, contact_phone, major, personal_statement, raw_text, structured_data) VALUES (185, '郭嘉航', '152926809631', '人工智能', '我是郭嘉航，来自人工智能专业。我的兴趣爱好包括辩论、摄影、绘画，希望能加入贵社团贡献力量。', 'Imported from dataset', '{"skills": "辩论、摄影、绘画"}');
INSERT INTO student_profile (user_id, interest_tags, weekly_free_hours, commitment_level, personality_type) VALUES (185, '["辩论", "摄影", "绘画"]', 11, 'MED', 'EXPLORER');
INSERT INTO sys_user (id, school_email, password) VALUES (186, 'stu20250177@campus.example.edu', 'Stu@20257549');
INSERT INTO student_resume (user_id, real_name, contact_phone, major, personal_statement, raw_text, structured_data) VALUES (186, '朱卓璇', '159686593620', '新闻学', '我是朱卓璇，来自新闻学专业。我的兴趣爱好包括跑步、摄影、志愿服务，希望能加入贵社团贡献力量。', 'Imported from dataset', '{"skills": "跑步、摄影、志愿服务"}');
INSERT INTO student_profile (user_id, interest_tags, weekly_free_hours, commitment_level, personality_type) VALUES (186, '["跑步", "摄影", "志愿服务"]', 14, 'MED', 'EXPLORER');
INSERT INTO sys_user (id, school_email, password) VALUES (187, 'stu20250178@campus.example.edu', 'Stu@20257586');
INSERT INTO student_resume (user_id, real_name, contact_phone, major, personal_statement, raw_text, structured_data) VALUES (187, '高嘉', '173589456423', '自动化', '我是高嘉，来自自动化专业。我的兴趣爱好包括编程、摄影、公益，希望能加入贵社团贡献力量。', 'Imported from dataset', '{"skills": "编程、摄影、公益"}');
INSERT INTO student_profile (user_id, interest_tags, weekly_free_hours, commitment_level, personality_type) VALUES (187, '["编程", "摄影", "公益"]', 12, 'MED', 'EXPLORER');
INSERT INTO sys_user (id, school_email, password) VALUES (188, 'stu20250179@campus.example.edu', 'Stu@20257623');
INSERT INTO student_resume (user_id, real_name, contact_phone, major, personal_statement, raw_text, structured_data) VALUES (188, '黄子', '153557066048', '计算机科学与技术', '我是黄子，来自计算机科学与技术专业。我的兴趣爱好包括阅读、绘画、羽毛球，希望能加入贵社团贡献力量。', 'Imported from dataset', '{"skills": "阅读、绘画、羽毛球"}');
INSERT INTO student_profile (user_id, interest_tags, weekly_free_hours, commitment_level, personality_type) VALUES (188, '["阅读", "绘画", "羽毛球"]', 15, 'MED', 'EXPLORER');
INSERT INTO sys_user (id, school_email, password) VALUES (189, 'stu20250180@campus.example.edu', 'Stu@20257660');
INSERT INTO student_resume (user_id, real_name, contact_phone, major, personal_statement, raw_text, structured_data) VALUES (189, '陈卓雯', '134723839454', '市场营销', '我是陈卓雯，来自市场营销专业。我的兴趣爱好包括阅读、绘画、设计，希望能加入贵社团贡献力量。', 'Imported from dataset', '{"skills": "阅读、绘画、设计"}');
INSERT INTO student_profile (user_id, interest_tags, weekly_free_hours, commitment_level, personality_type) VALUES (189, '["阅读", "绘画", "设计"]', 14, 'MED', 'EXPLORER');
INSERT INTO sys_user (id, school_email, password) VALUES (190, 'stu20250181@campus.example.edu', 'Stu@20257697');
INSERT INTO student_resume (user_id, real_name, contact_phone, major, personal_statement, raw_text, structured_data) VALUES (190, '刘晨菲', '137257983854', '统计学', '我是刘晨菲，来自统计学专业。我的兴趣爱好包括阅读、跑步、辩论，希望能加入贵社团贡献力量。', 'Imported from dataset', '{"skills": "阅读、跑步、辩论"}');
INSERT INTO student_profile (user_id, interest_tags, weekly_free_hours, commitment_level, personality_type) VALUES (190, '["阅读", "跑步", "辩论"]', 7, 'MED', 'EXPLORER');
INSERT INTO sys_user (id, school_email, password) VALUES (191, 'stu20250182@campus.example.edu', 'Stu@20257734');
INSERT INTO student_resume (user_id, real_name, contact_phone, major, personal_statement, raw_text, structured_data) VALUES (191, '马依雅', '137574479746', '心理学', '我是马依雅，来自心理学专业。我的兴趣爱好包括辩论、公益、音乐，希望能加入贵社团贡献力量。', 'Imported from dataset', '{"skills": "辩论、公益、音乐"}');
INSERT INTO student_profile (user_id, interest_tags, weekly_free_hours, commitment_level, personality_type) VALUES (191, '["辩论", "公益", "音乐"]', 13, 'MED', 'EXPLORER');
INSERT INTO sys_user (id, school_email, password) VALUES (192, 'stu20250183@campus.example.edu', 'Stu@20257771');
INSERT INTO student_resume (user_id, real_name, contact_phone, major, personal_statement, raw_text, structured_data) VALUES (192, '宋若萱', '137990857539', '统计学', '我是宋若萱，来自统计学专业。我的兴趣爱好包括编程、短视频、辩论，希望能加入贵社团贡献力量。', 'Imported from dataset', '{"skills": "编程、短视频、辩论"}');
INSERT INTO student_profile (user_id, interest_tags, weekly_free_hours, commitment_level, personality_type) VALUES (192, '["编程", "短视频", "辩论"]', 6, 'MED', 'EXPLORER');
INSERT INTO sys_user (id, school_email, password) VALUES (193, 'stu20250184@campus.example.edu', 'Stu@20257808');
INSERT INTO student_resume (user_id, real_name, contact_phone, major, personal_statement, raw_text, structured_data) VALUES (193, '吴宁', '135067241546', '土木工程', '我是吴宁，来自土木工程专业。我的兴趣爱好包括短视频、公益、摄影，希望能加入贵社团贡献力量。', 'Imported from dataset', '{"skills": "短视频、公益、摄影"}');
INSERT INTO student_profile (user_id, interest_tags, weekly_free_hours, commitment_level, personality_type) VALUES (193, '["短视频", "公益", "摄影"]', 7, 'MED', 'EXPLORER');
INSERT INTO sys_user (id, school_email, password) VALUES (194, 'stu20250185@campus.example.edu', 'Stu@20257845');
INSERT INTO student_resume (user_id, real_name, contact_phone, major, personal_statement, raw_text, structured_data) VALUES (194, '王依', '135563698485', '法学', '我是王依，来自法学专业。我的兴趣爱好包括绘画、设计、阅读，希望能加入贵社团贡献力量。', 'Imported from dataset', '{"skills": "绘画、设计、阅读"}');
INSERT INTO student_profile (user_id, interest_tags, weekly_free_hours, commitment_level, personality_type) VALUES (194, '["绘画", "设计", "阅读"]', 16, 'MED', 'EXPLORER');
INSERT INTO sys_user (id, school_email, password) VALUES (195, 'stu20250186@campus.example.edu', 'Stu@20257882');
INSERT INTO student_resume (user_id, real_name, contact_phone, major, personal_statement, raw_text, structured_data) VALUES (195, '吴天远', '191629478436', '新闻学', '我是吴天远，来自新闻学专业。我的兴趣爱好包括辩论、跑步、编程，希望能加入贵社团贡献力量。', 'Imported from dataset', '{"skills": "辩论、跑步、编程"}');
INSERT INTO student_profile (user_id, interest_tags, weekly_free_hours, commitment_level, personality_type) VALUES (195, '["辩论", "跑步", "编程"]', 10, 'MED', 'EXPLORER');
INSERT INTO sys_user (id, school_email, password) VALUES (196, 'stu20250187@campus.example.edu', 'Stu@20257919');
INSERT INTO student_resume (user_id, real_name, contact_phone, major, personal_statement, raw_text, structured_data) VALUES (196, '梁睿珂', '173153086161', '历史学', '我是梁睿珂，来自历史学专业。我的兴趣爱好包括短视频、跑步、羽毛球，希望能加入贵社团贡献力量。', 'Imported from dataset', '{"skills": "短视频、跑步、羽毛球"}');
INSERT INTO student_profile (user_id, interest_tags, weekly_free_hours, commitment_level, personality_type) VALUES (196, '["短视频", "跑步", "羽毛球"]', 9, 'MED', 'EXPLORER');
INSERT INTO sys_user (id, school_email, password) VALUES (197, 'stu20250188@campus.example.edu', 'Stu@20257956');
INSERT INTO student_resume (user_id, real_name, contact_phone, major, personal_statement, raw_text, structured_data) VALUES (197, '朱亦', '193165897245', '电子信息工程', '我是朱亦，来自电子信息工程专业。我的兴趣爱好包括阅读、摄影、公益，希望能加入贵社团贡献力量。', 'Imported from dataset', '{"skills": "阅读、摄影、公益"}');
INSERT INTO student_profile (user_id, interest_tags, weekly_free_hours, commitment_level, personality_type) VALUES (197, '["阅读", "摄影", "公益"]', 4, 'MED', 'EXPLORER');
INSERT INTO sys_user (id, school_email, password) VALUES (198, 'stu20250189@campus.example.edu', 'Stu@20257993');
INSERT INTO student_resume (user_id, real_name, contact_phone, major, personal_statement, raw_text, structured_data) VALUES (198, '李晨希', '176666798558', '建筑学', '我是李晨希，来自建筑学专业。我的兴趣爱好包括音乐、羽毛球、公益，希望能加入贵社团贡献力量。', 'Imported from dataset', '{"skills": "音乐、羽毛球、公益"}');
INSERT INTO student_profile (user_id, interest_tags, weekly_free_hours, commitment_level, personality_type) VALUES (198, '["音乐", "羽毛球", "公益"]', 13, 'MED', 'EXPLORER');
INSERT INTO sys_user (id, school_email, password) VALUES (199, 'stu20250190@campus.example.edu', 'Stu@20258030');
INSERT INTO student_resume (user_id, real_name, contact_phone, major, personal_statement, raw_text, structured_data) VALUES (199, '罗卓萌', '192096821135', '机械设计制造及其自动化', '我是罗卓萌，来自机械设计制造及其自动化专业。我的兴趣爱好包括设计、羽毛球、摄影，希望能加入贵社团贡献力量。', 'Imported from dataset', '{"skills": "设计、羽毛球、摄影"}');
INSERT INTO student_profile (user_id, interest_tags, weekly_free_hours, commitment_level, personality_type) VALUES (199, '["设计", "羽毛球", "摄影"]', 12, 'MED', 'EXPLORER');
INSERT INTO sys_user (id, school_email, password) VALUES (200, 'stu20250191@campus.example.edu', 'Stu@20258067');
INSERT INTO student_resume (user_id, real_name, contact_phone, major, personal_statement, raw_text, structured_data) VALUES (200, '冯亦远', '154448599480', '建筑学', '我是冯亦远，来自建筑学专业。我的兴趣爱好包括公益、摄影、编程，希望能加入贵社团贡献力量。', 'Imported from dataset', '{"skills": "公益、摄影、编程"}');
INSERT INTO student_profile (user_id, interest_tags, weekly_free_hours, commitment_level, personality_type) VALUES (200, '["公益", "摄影", "编程"]', 12, 'MED', 'EXPLORER');
INSERT INTO sys_user (id, school_email, password) VALUES (201, 'stu20250192@campus.example.edu', 'Stu@20258104');
INSERT INTO student_resume (user_id, real_name, contact_phone, major, personal_statement, raw_text, structured_data) VALUES (201, '赵子航', '152312684197', '软件工程', '我是赵子航，来自软件工程专业。我的兴趣爱好包括音乐、短视频、摄影，希望能加入贵社团贡献力量。', 'Imported from dataset', '{"skills": "音乐、短视频、摄影"}');
INSERT INTO student_profile (user_id, interest_tags, weekly_free_hours, commitment_level, personality_type) VALUES (201, '["音乐", "短视频", "摄影"]', 11, 'MED', 'EXPLORER');
INSERT INTO sys_user (id, school_email, password) VALUES (202, 'stu20250193@campus.example.edu', 'Stu@20258141');
INSERT INTO student_resume (user_id, real_name, contact_phone, major, personal_statement, raw_text, structured_data) VALUES (202, '马宁妍', '132379709399', '市场营销', '我是马宁妍，来自市场营销专业。我的兴趣爱好包括编程、绘画、辩论，希望能加入贵社团贡献力量。', 'Imported from dataset', '{"skills": "编程、绘画、辩论"}');
INSERT INTO student_profile (user_id, interest_tags, weekly_free_hours, commitment_level, personality_type) VALUES (202, '["编程", "绘画", "辩论"]', 13, 'MED', 'EXPLORER');
INSERT INTO sys_user (id, school_email, password) VALUES (203, 'stu20250194@campus.example.edu', 'Stu@20258178');
INSERT INTO student_resume (user_id, real_name, contact_phone, major, personal_statement, raw_text, structured_data) VALUES (203, '于诺彤', '136086885227', '自动化', '我是于诺彤，来自自动化专业。我的兴趣爱好包括辩论、阅读、跑步，希望能加入贵社团贡献力量。', 'Imported from dataset', '{"skills": "辩论、阅读、跑步"}');
INSERT INTO student_profile (user_id, interest_tags, weekly_free_hours, commitment_level, personality_type) VALUES (203, '["辩论", "阅读", "跑步"]', 10, 'MED', 'EXPLORER');
INSERT INTO sys_user (id, school_email, password) VALUES (204, 'stu20250195@campus.example.edu', 'Stu@20258215');
INSERT INTO student_resume (user_id, real_name, contact_phone, major, personal_statement, raw_text, structured_data) VALUES (204, '于一', '135467117693', '土木工程', '我是于一，来自土木工程专业。我的兴趣爱好包括短视频、设计、编程，希望能加入贵社团贡献力量。', 'Imported from dataset', '{"skills": "短视频、设计、编程"}');
INSERT INTO student_profile (user_id, interest_tags, weekly_free_hours, commitment_level, personality_type) VALUES (204, '["短视频", "设计", "编程"]', 15, 'MED', 'EXPLORER');
INSERT INTO sys_user (id, school_email, password) VALUES (205, 'stu20250196@campus.example.edu', 'Stu@20258252');
INSERT INTO student_resume (user_id, real_name, contact_phone, major, personal_statement, raw_text, structured_data) VALUES (205, '胡怡言', '173574425759', '历史学', '我是胡怡言，来自历史学专业。我的兴趣爱好包括阅读、跑步、编程，希望能加入贵社团贡献力量。', 'Imported from dataset', '{"skills": "阅读、跑步、编程"}');
INSERT INTO student_profile (user_id, interest_tags, weekly_free_hours, commitment_level, personality_type) VALUES (205, '["阅读", "跑步", "编程"]', 13, 'MED', 'EXPLORER');
INSERT INTO sys_user (id, school_email, password) VALUES (206, 'stu20250197@campus.example.edu', 'Stu@20258289');
INSERT INTO student_resume (user_id, real_name, contact_phone, major, personal_statement, raw_text, structured_data) VALUES (206, '马怡朗', '195957998973', '汉语言文学', '我是马怡朗，来自汉语言文学专业。我的兴趣爱好包括设计、短视频、跑步，希望能加入贵社团贡献力量。', 'Imported from dataset', '{"skills": "设计、短视频、跑步"}');
INSERT INTO student_profile (user_id, interest_tags, weekly_free_hours, commitment_level, personality_type) VALUES (206, '["设计", "短视频", "跑步"]', 15, 'MED', 'EXPLORER');
INSERT INTO sys_user (id, school_email, password) VALUES (207, 'stu20250198@campus.example.edu', 'Stu@20258326');
INSERT INTO student_resume (user_id, real_name, contact_phone, major, personal_statement, raw_text, structured_data) VALUES (207, '唐宇', '182144939207', '软件工程', '我是唐宇，来自软件工程专业。我的兴趣爱好包括羽毛球、阅读、音乐，希望能加入贵社团贡献力量。', 'Imported from dataset', '{"skills": "羽毛球、阅读、音乐"}');
INSERT INTO student_profile (user_id, interest_tags, weekly_free_hours, commitment_level, personality_type) VALUES (207, '["羽毛球", "阅读", "音乐"]', 8, 'MED', 'EXPLORER');
INSERT INTO sys_user (id, school_email, password) VALUES (208, 'stu20250199@campus.example.edu', 'Stu@20258363');
INSERT INTO student_resume (user_id, real_name, contact_phone, major, personal_statement, raw_text, structured_data) VALUES (208, '杨景', '194962029780', '环境工程', '我是杨景，来自环境工程专业。我的兴趣爱好包括绘画、摄影、短视频，希望能加入贵社团贡献力量。', 'Imported from dataset', '{"skills": "绘画、摄影、短视频"}');
INSERT INTO student_profile (user_id, interest_tags, weekly_free_hours, commitment_level, personality_type) VALUES (208, '["绘画", "摄影", "短视频"]', 4, 'MED', 'EXPLORER');
INSERT INTO sys_user (id, school_email, password) VALUES (209, 'stu20250200@campus.example.edu', 'Stu@20258400');
INSERT INTO student_resume (user_id, real_name, contact_phone, major, personal_statement, raw_text, structured_data) VALUES (209, '郭博菲', '155333847295', '教育学', '我是郭博菲，来自教育学专业。我的兴趣爱好包括志愿服务、摄影、羽毛球，希望能加入贵社团贡献力量。', 'Imported from dataset', '{"skills": "志愿服务、摄影、羽毛球"}');
INSERT INTO student_profile (user_id, interest_tags, weekly_free_hours, commitment_level, personality_type) VALUES (209, '["志愿服务", "摄影", "羽毛球"]', 14, 'MED', 'EXPLORER');-- New Expanded Test Data (Phase 13)
-- New Clubs
INSERT INTO recruitment_job (id, club_id, club_name, category, title, description, requirement_tags, slots, established_year, org_level, guidance_unit, main_activities, representative_activities, member_size, activity_frequency, publicity_channels) VALUES (101, 2101, '晨曦读书会协会', '人文艺术类', '晨曦读书会协会核心成员招募', '围绕经典阅读、主题共读与书评写作开展活动。 社团注重项目化运作与成员梯队培养，兼顾入门体验和品牌活动沉淀。', '[]', 10, '1996', '校级重点社团', '文学院', '专题讲座、技能工作坊、主题交流、成果展示', '2022年春季主题活动周；2023年校园联合交流计划；2024年品牌项目‘晨曦读书会季’', '40人', '每月2次常规活动，每学期1次品牌活动', '微信公众号、QQ群/微信群');
INSERT INTO recruitment_job (id, club_id, club_name, category, title, description, requirement_tags, slots, established_year, org_level, guidance_unit, main_activities, representative_activities, member_size, activity_frequency, publicity_channels) VALUES (102, 2102, '远山城市观察社社', '学术研究类', '远山城市观察社社核心成员招募', '关注城市空间、社区文化与公共议题调研。 社团注重项目化运作与成员梯队培养，兼顾入门体验和品牌活动沉淀。', '[]', 10, '1999', '校级社团', '人文与社会科学学院', '新生培训、部门例会、校际联动、品牌活动策划', '2022年春季主题活动周；2023年校园联合交流计划；2024年品牌项目‘远山城市观察社季’', '49人', '每月2次常规活动，每学期1次品牌活动', '微信公众号、QQ群/微信群');
INSERT INTO recruitment_job (id, club_id, club_name, category, title, description, requirement_tags, slots, established_year, org_level, guidance_unit, main_activities, representative_activities, member_size, activity_frequency, publicity_channels) VALUES (103, 2103, '青禾创客社研究会', '学术科技类', '青禾创客社研究会核心成员招募', '组织创客工具学习、原型设计与展示交流。 社团注重项目化运作与成员梯队培养，兼顾入门体验和品牌活动沉淀。', '[]', 10, '2002', '院级精品社团', '计算机学院', '常规训练、公开招募、成果汇报、志愿协作', '2022年春季主题活动周；2023年校园联合交流计划；2024年品牌项目‘青禾创客社季’', '58人', '每周技术例会，每学期1次集训', '微信公众号、技术群、飞书');
INSERT INTO recruitment_job (id, club_id, club_name, category, title, description, requirement_tags, slots, established_year, org_level, guidance_unit, main_activities, representative_activities, member_size, activity_frequency, publicity_channels) VALUES (104, 2104, '北辰羽跑社联盟', '体育运动类', '北辰羽跑社联盟核心成员招募', '结合跑步与羽毛球训练，倡导轻量化运动习惯。 社团注重项目化运作与成员梯队培养，兼顾入门体验和品牌活动沉淀。', '[]', 10, '2005', '院级社团', '体育教学部', '主题实践、跨社团联动、线上宣传、学期总结', '2022年春季主题活动周；2023年校园联合交流计划；2024年品牌项目‘北辰羽跑社季’', '67人', '每周2次训练，每学期1次比赛', '微信群、打卡小程序');
INSERT INTO recruitment_job (id, club_id, club_name, category, title, description, requirement_tags, slots, established_year, org_level, guidance_unit, main_activities, representative_activities, member_size, activity_frequency, publicity_channels) VALUES (105, 2105, '星河科幻研究会协会', '兴趣文化类', '星河科幻研究会协会核心成员招募', '围绕科幻阅读、影视讨论与未来议题展开交流。 社团注重项目化运作与成员梯队培养，兼顾入门体验和品牌活动沉淀。', '[]', 10, '2008', '校级重点社团', '通识教育中心', '专题讲座、技能工作坊、主题交流、成果展示', '2022年春季主题活动周；2023年校园联合交流计划；2024年品牌项目‘星河科幻研究会季’', '76人', '每月2次常规活动，每学期1次品牌活动', '微信公众号、QQ群/微信群');
INSERT INTO recruitment_job (id, club_id, club_name, category, title, description, requirement_tags, slots, established_year, org_level, guidance_unit, main_activities, representative_activities, member_size, activity_frequency, publicity_channels) VALUES (106, 2106, '云岚国际交流社社', '国际交流类', '云岚国际交流社社核心成员招募', '促进中外学生交流与跨文化沟通。 社团注重项目化运作与成员梯队培养，兼顾入门体验和品牌活动沉淀。', '[]', 10, '2011', '校级社团', '国际教育学院', '新生培训、部门例会、校际联动、品牌活动策划', '2022年春季主题活动周；2023年校园联合交流计划；2024年品牌项目‘云岚国际交流社季’', '85人', '每月2次常规活动，每学期1次品牌活动', '微信公众号、QQ群/微信群');
INSERT INTO recruitment_job (id, club_id, club_name, category, title, description, requirement_tags, slots, established_year, org_level, guidance_unit, main_activities, representative_activities, member_size, activity_frequency, publicity_channels) VALUES (107, 2107, '听雨游泳社研究会', '体育运动类', '听雨游泳社研究会核心成员招募', '组织泳姿教学、趣味接力与安全知识培训。 社团注重项目化运作与成员梯队培养，兼顾入门体验和品牌活动沉淀。', '[]', 10, '2014', '院级精品社团', '体育教学部', '常规训练、公开招募、成果汇报、志愿协作', '2022年春季主题活动周；2023年校园联合交流计划；2024年品牌项目‘听雨游泳社季’', '94人', '每周2次训练，每学期1次比赛', '微信群、打卡小程序');
INSERT INTO recruitment_job (id, club_id, club_name, category, title, description, requirement_tags, slots, established_year, org_level, guidance_unit, main_activities, representative_activities, member_size, activity_frequency, publicity_channels) VALUES (108, 2108, '澄明园艺社联盟', '生活美育类', '澄明园艺社联盟核心成员招募', '参与植物养护、花圃共建与自然观察。 社团注重项目化运作与成员梯队培养，兼顾入门体验和品牌活动沉淀。', '[]', 10, '2017', '院级社团', '劳动教育中心', '主题实践、跨社团联动、线上宣传、学期总结', '2022年春季主题活动周；2023年校园联合交流计划；2024年品牌项目‘澄明园艺社季’', '103人', '每月2次常规活动，每学期1次品牌活动', '微信公众号、QQ群/微信群');
INSERT INTO recruitment_job (id, club_id, club_name, category, title, description, requirement_tags, slots, established_year, org_level, guidance_unit, main_activities, representative_activities, member_size, activity_frequency, publicity_channels) VALUES (109, 2109, '逐浪读书会协会', '人文艺术类', '逐浪读书会协会核心成员招募', '围绕经典阅读、主题共读与书评写作开展活动。 社团注重项目化运作与成员梯队培养，兼顾入门体验和品牌活动沉淀。', '[]', 10, '2020', '校级重点社团', '文学院', '专题讲座、技能工作坊、主题交流、成果展示', '2022年春季主题活动周；2023年校园联合交流计划；2024年品牌项目‘逐浪读书会季’', '112人', '每月2次常规活动，每学期1次品牌活动', '微信公众号、QQ群/微信群');
INSERT INTO recruitment_job (id, club_id, club_name, category, title, description, requirement_tags, slots, established_year, org_level, guidance_unit, main_activities, representative_activities, member_size, activity_frequency, publicity_channels) VALUES (110, 2110, '明理城市观察社社', '学术研究类', '明理城市观察社社核心成员招募', '关注城市空间、社区文化与公共议题调研。 社团注重项目化运作与成员梯队培养，兼顾入门体验和品牌活动沉淀。', '[]', 10, '2023', '校级社团', '人文与社会科学学院', '新生培训、部门例会、校际联动、品牌活动策划', '2022年春季主题活动周；2023年校园联合交流计划；2024年品牌项目‘明理城市观察社季’', '121人', '每月2次常规活动，每学期1次品牌活动', '微信公众号、QQ群/微信群');
INSERT INTO recruitment_job (id, club_id, club_name, category, title, description, requirement_tags, slots, established_year, org_level, guidance_unit, main_activities, representative_activities, member_size, activity_frequency, publicity_channels) VALUES (111, 2111, '知新创客社研究会', '学术科技类', '知新创客社研究会核心成员招募', '组织创客工具学习、原型设计与展示交流。 社团注重项目化运作与成员梯队培养，兼顾入门体验和品牌活动沉淀。', '[]', 10, '1997', '院级精品社团', '计算机学院', '常规训练、公开招募、成果汇报、志愿协作', '2022年春季主题活动周；2023年校园联合交流计划；2024年品牌项目‘知新创客社季’', '130人', '每周技术例会，每学期1次集训', '微信公众号、技术群、飞书');
INSERT INTO recruitment_job (id, club_id, club_name, category, title, description, requirement_tags, slots, established_year, org_level, guidance_unit, main_activities, representative_activities, member_size, activity_frequency, publicity_channels) VALUES (112, 2112, '沐光羽跑社联盟', '体育运动类', '沐光羽跑社联盟核心成员招募', '结合跑步与羽毛球训练，倡导轻量化运动习惯。 社团注重项目化运作与成员梯队培养，兼顾入门体验和品牌活动沉淀。', '[]', 10, '2000', '院级社团', '体育教学部', '主题实践、跨社团联动、线上宣传、学期总结', '2022年春季主题活动周；2023年校园联合交流计划；2024年品牌项目‘沐光羽跑社季’', '139人', '每周2次训练，每学期1次比赛', '微信群、打卡小程序');
INSERT INTO recruitment_job (id, club_id, club_name, category, title, description, requirement_tags, slots, established_year, org_level, guidance_unit, main_activities, representative_activities, member_size, activity_frequency, publicity_channels) VALUES (113, 2113, '长风科幻研究会协会', '兴趣文化类', '长风科幻研究会协会核心成员招募', '围绕科幻阅读、影视讨论与未来议题展开交流。 社团注重项目化运作与成员梯队培养，兼顾入门体验和品牌活动沉淀。', '[]', 10, '2003', '校级重点社团', '通识教育中心', '专题讲座、技能工作坊、主题交流、成果展示', '2022年春季主题活动周；2023年校园联合交流计划；2024年品牌项目‘长风科幻研究会季’', '148人', '每月2次常规活动，每学期1次品牌活动', '微信公众号、QQ群/微信群');
INSERT INTO recruitment_job (id, club_id, club_name, category, title, description, requirement_tags, slots, established_year, org_level, guidance_unit, main_activities, representative_activities, member_size, activity_frequency, publicity_channels) VALUES (114, 2114, '栖舟国际交流社社', '国际交流类', '栖舟国际交流社社核心成员招募', '促进中外学生交流与跨文化沟通。 社团注重项目化运作与成员梯队培养，兼顾入门体验和品牌活动沉淀。', '[]', 10, '2006', '校级社团', '国际教育学院', '新生培训、部门例会、校际联动、品牌活动策划', '2022年春季主题活动周；2023年校园联合交流计划；2024年品牌项目‘栖舟国际交流社季’', '157人', '每月2次常规活动，每学期1次品牌活动', '微信公众号、QQ群/微信群');
INSERT INTO recruitment_job (id, club_id, club_name, category, title, description, requirement_tags, slots, established_year, org_level, guidance_unit, main_activities, representative_activities, member_size, activity_frequency, publicity_channels) VALUES (115, 2115, '霁川金融观察社研究会', '经管实践类', '霁川金融观察社研究会核心成员招募', '关注宏观经济、投资研究与商业信息分析。 社团注重项目化运作与成员梯队培养，兼顾入门体验和品牌活动沉淀。', '[]', 10, '2009', '院级精品社团', '经济管理学院', '常规训练、公开招募、成果汇报、志愿协作', '2022年春季主题活动周；2023年校园联合交流计划；2024年品牌项目‘霁川金融观察社季’', '166人', '每月2次常规活动，每学期1次品牌活动', '微信公众号、QQ群/微信群');
INSERT INTO recruitment_job (id, club_id, club_name, category, title, description, requirement_tags, slots, established_year, org_level, guidance_unit, main_activities, representative_activities, member_size, activity_frequency, publicity_channels) VALUES (116, 2116, '观澜园艺社联盟', '生活美育类', '观澜园艺社联盟核心成员招募', '参与植物养护、花圃共建与自然观察。 社团注重项目化运作与成员梯队培养，兼顾入门体验和品牌活动沉淀。', '[]', 10, '2012', '院级社团', '劳动教育中心', '主题实践、跨社团联动、线上宣传、学期总结', '2022年春季主题活动周；2023年校园联合交流计划；2024年品牌项目‘观澜园艺社季’', '175人', '每月2次常规活动，每学期1次品牌活动', '微信公众号、QQ群/微信群');
INSERT INTO recruitment_job (id, club_id, club_name, category, title, description, requirement_tags, slots, established_year, org_level, guidance_unit, main_activities, representative_activities, member_size, activity_frequency, publicity_channels) VALUES (117, 2117, '墨林读书会协会', '人文艺术类', '墨林读书会协会核心成员招募', '围绕经典阅读、主题共读与书评写作开展活动。 社团注重项目化运作与成员梯队培养，兼顾入门体验和品牌活动沉淀。', '[]', 10, '2015', '校级重点社团', '文学院', '专题讲座、技能工作坊、主题交流、成果展示', '2022年春季主题活动周；2023年校园联合交流计划；2024年品牌项目‘墨林读书会季’', '184人', '每月2次常规活动，每学期1次品牌活动', '微信公众号、QQ群/微信群');
INSERT INTO recruitment_job (id, club_id, club_name, category, title, description, requirement_tags, slots, established_year, org_level, guidance_unit, main_activities, representative_activities, member_size, activity_frequency, publicity_channels) VALUES (118, 2118, '言蹊城市观察社社', '学术研究类', '言蹊城市观察社社核心成员招募', '关注城市空间、社区文化与公共议题调研。 社团注重项目化运作与成员梯队培养，兼顾入门体验和品牌活动沉淀。', '[]', 10, '2018', '校级社团', '人文与社会科学学院', '新生培训、部门例会、校际联动、品牌活动策划', '2022年春季主题活动周；2023年校园联合交流计划；2024年品牌项目‘言蹊城市观察社季’', '193人', '每月2次常规活动，每学期1次品牌活动', '微信公众号、QQ群/微信群');
INSERT INTO recruitment_job (id, club_id, club_name, category, title, description, requirement_tags, slots, established_year, org_level, guidance_unit, main_activities, representative_activities, member_size, activity_frequency, publicity_channels) VALUES (119, 2119, '鸣沙创客社研究会', '学术科技类', '鸣沙创客社研究会核心成员招募', '组织创客工具学习、原型设计与展示交流。 社团注重项目化运作与成员梯队培养，兼顾入门体验和品牌活动沉淀。', '[]', 10, '2021', '院级精品社团', '计算机学院', '常规训练、公开招募、成果汇报、志愿协作', '2022年春季主题活动周；2023年校园联合交流计划；2024年品牌项目‘鸣沙创客社季’', '42人', '每周技术例会，每学期1次集训', '微信公众号、技术群、飞书');
INSERT INTO recruitment_job (id, club_id, club_name, category, title, description, requirement_tags, slots, established_year, org_level, guidance_unit, main_activities, representative_activities, member_size, activity_frequency, publicity_channels) VALUES (120, 2120, '怀远羽跑社联盟', '体育运动类', '怀远羽跑社联盟核心成员招募', '结合跑步与羽毛球训练，倡导轻量化运动习惯。 社团注重项目化运作与成员梯队培养，兼顾入门体验和品牌活动沉淀。', '[]', 10, '2024', '院级社团', '体育教学部', '主题实践、跨社团联动、线上宣传、学期总结', '2022年春季主题活动周；2023年校园联合交流计划；2024年品牌项目‘怀远羽跑社季’', '51人', '每周2次训练，每学期1次比赛', '微信群、打卡小程序');
INSERT INTO recruitment_job (id, club_id, club_name, category, title, description, requirement_tags, slots, established_year, org_level, guidance_unit, main_activities, representative_activities, member_size, activity_frequency, publicity_channels) VALUES (121, 2121, '拾光科幻研究会协会', '兴趣文化类', '拾光科幻研究会协会核心成员招募', '围绕科幻阅读、影视讨论与未来议题展开交流。 社团注重项目化运作与成员梯队培养，兼顾入门体验和品牌活动沉淀。', '[]', 10, '1998', '校级重点社团', '通识教育中心', '专题讲座、技能工作坊、主题交流、成果展示', '2022年春季主题活动周；2023年校园联合交流计划；2024年品牌项目‘拾光科幻研究会季’', '60人', '每月2次常规活动，每学期1次品牌活动', '微信公众号、QQ群/微信群');
INSERT INTO recruitment_job (id, club_id, club_name, category, title, description, requirement_tags, slots, established_year, org_level, guidance_unit, main_activities, representative_activities, member_size, activity_frequency, publicity_channels) VALUES (122, 2122, '凌霄美育手作社社', '生活美育类', '凌霄美育手作社社核心成员招募', '开展手作体验、材料认知与美学共创。 社团注重项目化运作与成员梯队培养，兼顾入门体验和品牌活动沉淀。', '[]', 10, '2001', '校级社团', '劳动教育中心', '新生培训、部门例会、校际联动、品牌活动策划', '2022年春季主题活动周；2023年校园联合交流计划；2024年品牌项目‘凌霄美育手作社季’', '69人', '每月2次常规活动，每学期1次品牌活动', '微信公众号、QQ群/微信群');
INSERT INTO recruitment_job (id, club_id, club_name, category, title, description, requirement_tags, slots, established_year, org_level, guidance_unit, main_activities, representative_activities, member_size, activity_frequency, publicity_channels) VALUES (123, 2123, '未央金融观察社研究会', '经管实践类', '未央金融观察社研究会核心成员招募', '关注宏观经济、投资研究与商业信息分析。 社团注重项目化运作与成员梯队培养，兼顾入门体验和品牌活动沉淀。', '[]', 10, '2004', '院级精品社团', '经济管理学院', '常规训练、公开招募、成果汇报、志愿协作', '2022年春季主题活动周；2023年校园联合交流计划；2024年品牌项目‘未央金融观察社季’', '78人', '每月2次常规活动，每学期1次品牌活动', '微信公众号、QQ群/微信群');
INSERT INTO recruitment_job (id, club_id, club_name, category, title, description, requirement_tags, slots, established_year, org_level, guidance_unit, main_activities, representative_activities, member_size, activity_frequency, publicity_channels) VALUES (124, 2124, '归舟园艺社联盟', '生活美育类', '归舟园艺社联盟核心成员招募', '参与植物养护、花圃共建与自然观察。 社团注重项目化运作与成员梯队培养，兼顾入门体验和品牌活动沉淀。', '[]', 10, '2007', '院级社团', '劳动教育中心', '主题实践、跨社团联动、线上宣传、学期总结', '2022年春季主题活动周；2023年校园联合交流计划；2024年品牌项目‘归舟园艺社季’', '87人', '每月2次常规活动，每学期1次品牌活动', '微信公众号、QQ群/微信群');
INSERT INTO recruitment_job (id, club_id, club_name, category, title, description, requirement_tags, slots, established_year, org_level, guidance_unit, main_activities, representative_activities, member_size, activity_frequency, publicity_channels) VALUES (125, 2125, '星野读书会协会', '人文艺术类', '星野读书会协会核心成员招募', '围绕经典阅读、主题共读与书评写作开展活动。 社团注重项目化运作与成员梯队培养，兼顾入门体验和品牌活动沉淀。', '[]', 10, '2010', '校级重点社团', '文学院', '专题讲座、技能工作坊、主题交流、成果展示', '2022年春季主题活动周；2023年校园联合交流计划；2024年品牌项目‘星野读书会季’', '96人', '每月2次常规活动，每学期1次品牌活动', '微信公众号、QQ群/微信群');
INSERT INTO recruitment_job (id, club_id, club_name, category, title, description, requirement_tags, slots, established_year, org_level, guidance_unit, main_activities, representative_activities, member_size, activity_frequency, publicity_channels) VALUES (126, 2126, '晨曦城市观察社社', '学术研究类', '晨曦城市观察社社核心成员招募', '关注城市空间、社区文化与公共议题调研。 社团注重项目化运作与成员梯队培养，兼顾入门体验和品牌活动沉淀。', '[]', 10, '2013', '校级社团', '人文与社会科学学院', '新生培训、部门例会、校际联动、品牌活动策划', '2022年春季主题活动周；2023年校园联合交流计划；2024年品牌项目‘晨曦城市观察社季’', '105人', '每月2次常规活动，每学期1次品牌活动', '微信公众号、QQ群/微信群');
INSERT INTO recruitment_job (id, club_id, club_name, category, title, description, requirement_tags, slots, established_year, org_level, guidance_unit, main_activities, representative_activities, member_size, activity_frequency, publicity_channels) VALUES (127, 2127, '远山创客社研究会', '学术科技类', '远山创客社研究会核心成员招募', '组织创客工具学习、原型设计与展示交流。 社团注重项目化运作与成员梯队培养，兼顾入门体验和品牌活动沉淀。', '[]', 10, '2016', '院级精品社团', '计算机学院', '常规训练、公开招募、成果汇报、志愿协作', '2022年春季主题活动周；2023年校园联合交流计划；2024年品牌项目‘远山创客社季’', '114人', '每周技术例会，每学期1次集训', '微信公众号、技术群、飞书');
INSERT INTO recruitment_job (id, club_id, club_name, category, title, description, requirement_tags, slots, established_year, org_level, guidance_unit, main_activities, representative_activities, member_size, activity_frequency, publicity_channels) VALUES (128, 2128, '青禾羽跑社联盟', '体育运动类', '青禾羽跑社联盟核心成员招募', '结合跑步与羽毛球训练，倡导轻量化运动习惯。 社团注重项目化运作与成员梯队培养，兼顾入门体验和品牌活动沉淀。', '[]', 10, '2019', '院级社团', '体育教学部', '主题实践、跨社团联动、线上宣传、学期总结', '2022年春季主题活动周；2023年校园联合交流计划；2024年品牌项目‘青禾羽跑社季’', '123人', '每周2次训练，每学期1次比赛', '微信群、打卡小程序');
INSERT INTO recruitment_job (id, club_id, club_name, category, title, description, requirement_tags, slots, established_year, org_level, guidance_unit, main_activities, representative_activities, member_size, activity_frequency, publicity_channels) VALUES (129, 2129, '北辰茶文化社协会', '传统文化类', '北辰茶文化社协会核心成员招募', '传播茶文化、审美体验与节气雅集活动。 社团注重项目化运作与成员梯队培养，兼顾入门体验和品牌活动沉淀。', '[]', 10, '2022', '校级重点社团', '人文学院', '专题讲座、技能工作坊、主题交流、成果展示', '2022年春季主题活动周；2023年校园联合交流计划；2024年品牌项目‘北辰茶文化社季’', '132人', '每月2次常规活动，每学期1次品牌活动', '微信公众号、QQ群/微信群');
INSERT INTO recruitment_job (id, club_id, club_name, category, title, description, requirement_tags, slots, established_year, org_level, guidance_unit, main_activities, representative_activities, member_size, activity_frequency, publicity_channels) VALUES (130, 2130, '星河美育手作社社', '生活美育类', '星河美育手作社社核心成员招募', '开展手作体验、材料认知与美学共创。 社团注重项目化运作与成员梯队培养，兼顾入门体验和品牌活动沉淀。', '[]', 10, '1996', '校级社团', '劳动教育中心', '新生培训、部门例会、校际联动、品牌活动策划', '2022年春季主题活动周；2023年校园联合交流计划；2024年品牌项目‘星河美育手作社季’', '141人', '每月2次常规活动，每学期1次品牌活动', '微信公众号、QQ群/微信群');
INSERT INTO recruitment_job (id, club_id, club_name, category, title, description, requirement_tags, slots, established_year, org_level, guidance_unit, main_activities, representative_activities, member_size, activity_frequency, publicity_channels) VALUES (131, 2131, '云岚金融观察社研究会', '经管实践类', '云岚金融观察社研究会核心成员招募', '关注宏观经济、投资研究与商业信息分析。 社团注重项目化运作与成员梯队培养，兼顾入门体验和品牌活动沉淀。', '[]', 10, '1999', '院级精品社团', '经济管理学院', '常规训练、公开招募、成果汇报、志愿协作', '2022年春季主题活动周；2023年校园联合交流计划；2024年品牌项目‘云岚金融观察社季’', '150人', '每月2次常规活动，每学期1次品牌活动', '微信公众号、QQ群/微信群');
INSERT INTO recruitment_job (id, club_id, club_name, category, title, description, requirement_tags, slots, established_year, org_level, guidance_unit, main_activities, representative_activities, member_size, activity_frequency, publicity_channels) VALUES (132, 2132, '听雨园艺社联盟', '生活美育类', '听雨园艺社联盟核心成员招募', '参与植物养护、花圃共建与自然观察。 社团注重项目化运作与成员梯队培养，兼顾入门体验和品牌活动沉淀。', '[]', 10, '2002', '院级社团', '劳动教育中心', '主题实践、跨社团联动、线上宣传、学期总结', '2022年春季主题活动周；2023年校园联合交流计划；2024年品牌项目‘听雨园艺社季’', '159人', '每月2次常规活动，每学期1次品牌活动', '微信公众号、QQ群/微信群');
INSERT INTO recruitment_job (id, club_id, club_name, category, title, description, requirement_tags, slots, established_year, org_level, guidance_unit, main_activities, representative_activities, member_size, activity_frequency, publicity_channels) VALUES (133, 2133, '澄明读书会协会', '人文艺术类', '澄明读书会协会核心成员招募', '围绕经典阅读、主题共读与书评写作开展活动。 社团注重项目化运作与成员梯队培养，兼顾入门体验和品牌活动沉淀。', '[]', 10, '2005', '校级重点社团', '文学院', '专题讲座、技能工作坊、主题交流、成果展示', '2022年春季主题活动周；2023年校园联合交流计划；2024年品牌项目‘澄明读书会季’', '168人', '每月2次常规活动，每学期1次品牌活动', '微信公众号、QQ群/微信群');
INSERT INTO recruitment_job (id, club_id, club_name, category, title, description, requirement_tags, slots, established_year, org_level, guidance_unit, main_activities, representative_activities, member_size, activity_frequency, publicity_channels) VALUES (134, 2134, '逐浪城市观察社社', '学术研究类', '逐浪城市观察社社核心成员招募', '关注城市空间、社区文化与公共议题调研。 社团注重项目化运作与成员梯队培养，兼顾入门体验和品牌活动沉淀。', '[]', 10, '2008', '校级社团', '人文与社会科学学院', '新生培训、部门例会、校际联动、品牌活动策划', '2022年春季主题活动周；2023年校园联合交流计划；2024年品牌项目‘逐浪城市观察社季’', '177人', '每月2次常规活动，每学期1次品牌活动', '微信公众号、QQ群/微信群');
INSERT INTO recruitment_job (id, club_id, club_name, category, title, description, requirement_tags, slots, established_year, org_level, guidance_unit, main_activities, representative_activities, member_size, activity_frequency, publicity_channels) VALUES (135, 2135, '明理创客社研究会', '学术科技类', '明理创客社研究会核心成员招募', '组织创客工具学习、原型设计与展示交流。 社团注重项目化运作与成员梯队培养，兼顾入门体验和品牌活动沉淀。', '[]', 10, '2011', '院级精品社团', '计算机学院', '常规训练、公开招募、成果汇报、志愿协作', '2022年春季主题活动周；2023年校园联合交流计划；2024年品牌项目‘明理创客社季’', '186人', '每周技术例会，每学期1次集训', '微信公众号、技术群、飞书');
INSERT INTO recruitment_job (id, club_id, club_name, category, title, description, requirement_tags, slots, established_year, org_level, guidance_unit, main_activities, representative_activities, member_size, activity_frequency, publicity_channels) VALUES (136, 2136, '知新支教社联盟', '公益服务类', '知新支教社联盟核心成员招募', '组织课业辅导、阅读推广与社区教育志愿服务。 社团注重项目化运作与成员梯队培养，兼顾入门体验和品牌活动沉淀。', '[]', 10, '2014', '院级社团', '校团委', '主题实践、跨社团联动、线上宣传、学期总结', '2022年春季主题活动周；2023年校园联合交流计划；2024年品牌项目‘知新支教社季’', '195人', '每周或双周服务活动，每学期1次专题月', '微信公众号、QQ群/微信群');
INSERT INTO recruitment_job (id, club_id, club_name, category, title, description, requirement_tags, slots, established_year, org_level, guidance_unit, main_activities, representative_activities, member_size, activity_frequency, publicity_channels) VALUES (137, 2137, '沐光茶文化社协会', '传统文化类', '沐光茶文化社协会核心成员招募', '传播茶文化、审美体验与节气雅集活动。 社团注重项目化运作与成员梯队培养，兼顾入门体验和品牌活动沉淀。', '[]', 10, '2017', '校级重点社团', '人文学院', '专题讲座、技能工作坊、主题交流、成果展示', '2022年春季主题活动周；2023年校园联合交流计划；2024年品牌项目‘沐光茶文化社季’', '44人', '每月2次常规活动，每学期1次品牌活动', '微信公众号、QQ群/微信群');
INSERT INTO recruitment_job (id, club_id, club_name, category, title, description, requirement_tags, slots, established_year, org_level, guidance_unit, main_activities, representative_activities, member_size, activity_frequency, publicity_channels) VALUES (138, 2138, '长风美育手作社社', '生活美育类', '长风美育手作社社核心成员招募', '开展手作体验、材料认知与美学共创。 社团注重项目化运作与成员梯队培养，兼顾入门体验和品牌活动沉淀。', '[]', 10, '2020', '校级社团', '劳动教育中心', '新生培训、部门例会、校际联动、品牌活动策划', '2022年春季主题活动周；2023年校园联合交流计划；2024年品牌项目‘长风美育手作社季’', '53人', '每月2次常规活动，每学期1次品牌活动', '微信公众号、QQ群/微信群');
INSERT INTO recruitment_job (id, club_id, club_name, category, title, description, requirement_tags, slots, established_year, org_level, guidance_unit, main_activities, representative_activities, member_size, activity_frequency, publicity_channels) VALUES (139, 2139, '栖舟金融观察社研究会', '经管实践类', '栖舟金融观察社研究会核心成员招募', '关注宏观经济、投资研究与商业信息分析。 社团注重项目化运作与成员梯队培养，兼顾入门体验和品牌活动沉淀。', '[]', 10, '2023', '院级精品社团', '经济管理学院', '常规训练、公开招募、成果汇报、志愿协作', '2022年春季主题活动周；2023年校园联合交流计划；2024年品牌项目‘栖舟金融观察社季’', '62人', '每月2次常规活动，每学期1次品牌活动', '微信公众号、QQ群/微信群');
INSERT INTO recruitment_job (id, club_id, club_name, category, title, description, requirement_tags, slots, established_year, org_level, guidance_unit, main_activities, representative_activities, member_size, activity_frequency, publicity_channels) VALUES (140, 2140, '霁川园艺社联盟', '生活美育类', '霁川园艺社联盟核心成员招募', '参与植物养护、花圃共建与自然观察。 社团注重项目化运作与成员梯队培养，兼顾入门体验和品牌活动沉淀。', '[]', 10, '1997', '院级社团', '劳动教育中心', '主题实践、跨社团联动、线上宣传、学期总结', '2022年春季主题活动周；2023年校园联合交流计划；2024年品牌项目‘霁川园艺社季’', '71人', '每月2次常规活动，每学期1次品牌活动', '微信公众号、QQ群/微信群');
INSERT INTO recruitment_job (id, club_id, club_name, category, title, description, requirement_tags, slots, established_year, org_level, guidance_unit, main_activities, representative_activities, member_size, activity_frequency, publicity_channels) VALUES (141, 2141, '观澜读书会协会', '人文艺术类', '观澜读书会协会核心成员招募', '围绕经典阅读、主题共读与书评写作开展活动。 社团注重项目化运作与成员梯队培养，兼顾入门体验和品牌活动沉淀。', '[]', 10, '2000', '校级重点社团', '文学院', '专题讲座、技能工作坊、主题交流、成果展示', '2022年春季主题活动周；2023年校园联合交流计划；2024年品牌项目‘观澜读书会季’', '80人', '每月2次常规活动，每学期1次品牌活动', '微信公众号、QQ群/微信群');
INSERT INTO recruitment_job (id, club_id, club_name, category, title, description, requirement_tags, slots, established_year, org_level, guidance_unit, main_activities, representative_activities, member_size, activity_frequency, publicity_channels) VALUES (142, 2142, '墨林城市观察社社', '学术研究类', '墨林城市观察社社核心成员招募', '关注城市空间、社区文化与公共议题调研。 社团注重项目化运作与成员梯队培养，兼顾入门体验和品牌活动沉淀。', '[]', 10, '2003', '校级社团', '人文与社会科学学院', '新生培训、部门例会、校际联动、品牌活动策划', '2022年春季主题活动周；2023年校园联合交流计划；2024年品牌项目‘墨林城市观察社季’', '89人', '每月2次常规活动，每学期1次品牌活动', '微信公众号、QQ群/微信群');
INSERT INTO recruitment_job (id, club_id, club_name, category, title, description, requirement_tags, slots, established_year, org_level, guidance_unit, main_activities, representative_activities, member_size, activity_frequency, publicity_channels) VALUES (143, 2143, '言蹊桌游社研究会', '兴趣休闲类', '言蹊桌游社研究会核心成员招募', '以桌游教学、逻辑推理和社交破冰活动为主。 社团注重项目化运作与成员梯队培养，兼顾入门体验和品牌活动沉淀。', '[]', 10, '2006', '院级精品社团', '学生社团管理中心', '常规训练、公开招募、成果汇报、志愿协作', '2022年春季主题活动周；2023年校园联合交流计划；2024年品牌项目‘言蹊桌游社季’', '98人', '每月2次常规活动，每学期1次品牌活动', '微信公众号、QQ群/微信群');
INSERT INTO recruitment_job (id, club_id, club_name, category, title, description, requirement_tags, slots, established_year, org_level, guidance_unit, main_activities, representative_activities, member_size, activity_frequency, publicity_channels) VALUES (144, 2144, '鸣沙支教社联盟', '公益服务类', '鸣沙支教社联盟核心成员招募', '组织课业辅导、阅读推广与社区教育志愿服务。 社团注重项目化运作与成员梯队培养，兼顾入门体验和品牌活动沉淀。', '[]', 10, '2009', '院级社团', '校团委', '主题实践、跨社团联动、线上宣传、学期总结', '2022年春季主题活动周；2023年校园联合交流计划；2024年品牌项目‘鸣沙支教社季’', '107人', '每周或双周服务活动，每学期1次专题月', '微信公众号、QQ群/微信群');
INSERT INTO recruitment_job (id, club_id, club_name, category, title, description, requirement_tags, slots, established_year, org_level, guidance_unit, main_activities, representative_activities, member_size, activity_frequency, publicity_channels) VALUES (145, 2145, '怀远茶文化社协会', '传统文化类', '怀远茶文化社协会核心成员招募', '传播茶文化、审美体验与节气雅集活动。 社团注重项目化运作与成员梯队培养，兼顾入门体验和品牌活动沉淀。', '[]', 10, '2012', '校级重点社团', '人文学院', '专题讲座、技能工作坊、主题交流、成果展示', '2022年春季主题活动周；2023年校园联合交流计划；2024年品牌项目‘怀远茶文化社季’', '116人', '每月2次常规活动，每学期1次品牌活动', '微信公众号、QQ群/微信群');
INSERT INTO recruitment_job (id, club_id, club_name, category, title, description, requirement_tags, slots, established_year, org_level, guidance_unit, main_activities, representative_activities, member_size, activity_frequency, publicity_channels) VALUES (146, 2146, '拾光美育手作社社', '生活美育类', '拾光美育手作社社核心成员招募', '开展手作体验、材料认知与美学共创。 社团注重项目化运作与成员梯队培养，兼顾入门体验和品牌活动沉淀。', '[]', 10, '2015', '校级社团', '劳动教育中心', '新生培训、部门例会、校际联动、品牌活动策划', '2022年春季主题活动周；2023年校园联合交流计划；2024年品牌项目‘拾光美育手作社季’', '125人', '每月2次常规活动，每学期1次品牌活动', '微信公众号、QQ群/微信群');
INSERT INTO recruitment_job (id, club_id, club_name, category, title, description, requirement_tags, slots, established_year, org_level, guidance_unit, main_activities, representative_activities, member_size, activity_frequency, publicity_channels) VALUES (147, 2147, '凌霄金融观察社研究会', '经管实践类', '凌霄金融观察社研究会核心成员招募', '关注宏观经济、投资研究与商业信息分析。 社团注重项目化运作与成员梯队培养，兼顾入门体验和品牌活动沉淀。', '[]', 10, '2018', '院级精品社团', '经济管理学院', '常规训练、公开招募、成果汇报、志愿协作', '2022年春季主题活动周；2023年校园联合交流计划；2024年品牌项目‘凌霄金融观察社季’', '134人', '每月2次常规活动，每学期1次品牌活动', '微信公众号、QQ群/微信群');
INSERT INTO recruitment_job (id, club_id, club_name, category, title, description, requirement_tags, slots, established_year, org_level, guidance_unit, main_activities, representative_activities, member_size, activity_frequency, publicity_channels) VALUES (148, 2148, '未央园艺社联盟', '生活美育类', '未央园艺社联盟核心成员招募', '参与植物养护、花圃共建与自然观察。 社团注重项目化运作与成员梯队培养，兼顾入门体验和品牌活动沉淀。', '[]', 10, '2021', '院级社团', '劳动教育中心', '主题实践、跨社团联动、线上宣传、学期总结', '2022年春季主题活动周；2023年校园联合交流计划；2024年品牌项目‘未央园艺社季’', '143人', '每月2次常规活动，每学期1次品牌活动', '微信公众号、QQ群/微信群');
INSERT INTO recruitment_job (id, club_id, club_name, category, title, description, requirement_tags, slots, established_year, org_level, guidance_unit, main_activities, representative_activities, member_size, activity_frequency, publicity_channels) VALUES (149, 2149, '归舟读书会协会', '人文艺术类', '归舟读书会协会核心成员招募', '围绕经典阅读、主题共读与书评写作开展活动。 社团注重项目化运作与成员梯队培养，兼顾入门体验和品牌活动沉淀。', '[]', 10, '2024', '校级重点社团', '文学院', '专题讲座、技能工作坊、主题交流、成果展示', '2022年春季主题活动周；2023年校园联合交流计划；2024年品牌项目‘归舟读书会季’', '152人', '每月2次常规活动，每学期1次品牌活动', '微信公众号、QQ群/微信群');
INSERT INTO recruitment_job (id, club_id, club_name, category, title, description, requirement_tags, slots, established_year, org_level, guidance_unit, main_activities, representative_activities, member_size, activity_frequency, publicity_channels) VALUES (150, 2150, '星野非遗研习社社', '传统文化类', '星野非遗研习社社核心成员招募', '聚焦非遗技艺体验、田野记录与校园传播。 社团注重项目化运作与成员梯队培养，兼顾入门体验和品牌活动沉淀。', '[]', 10, '1998', '校级社团', '人文学院', '新生培训、部门例会、校际联动、品牌活动策划', '2022年春季主题活动周；2023年校园联合交流计划；2024年品牌项目‘星野非遗研习社季’', '161人', '每月2次常规活动，每学期1次品牌活动', '微信公众号、QQ群/微信群');
INSERT INTO recruitment_job (id, club_id, club_name, category, title, description, requirement_tags, slots, established_year, org_level, guidance_unit, main_activities, representative_activities, member_size, activity_frequency, publicity_channels) VALUES (151, 2151, '晨曦桌游社研究会', '兴趣休闲类', '晨曦桌游社研究会核心成员招募', '以桌游教学、逻辑推理和社交破冰活动为主。 社团注重项目化运作与成员梯队培养，兼顾入门体验和品牌活动沉淀。', '[]', 10, '2001', '院级精品社团', '学生社团管理中心', '常规训练、公开招募、成果汇报、志愿协作', '2022年春季主题活动周；2023年校园联合交流计划；2024年品牌项目‘晨曦桌游社季’', '170人', '每月2次常规活动，每学期1次品牌活动', '微信公众号、QQ群/微信群');
INSERT INTO recruitment_job (id, club_id, club_name, category, title, description, requirement_tags, slots, established_year, org_level, guidance_unit, main_activities, representative_activities, member_size, activity_frequency, publicity_channels) VALUES (152, 2152, '远山支教社联盟', '公益服务类', '远山支教社联盟核心成员招募', '组织课业辅导、阅读推广与社区教育志愿服务。 社团注重项目化运作与成员梯队培养，兼顾入门体验和品牌活动沉淀。', '[]', 10, '2004', '院级社团', '校团委', '主题实践、跨社团联动、线上宣传、学期总结', '2022年春季主题活动周；2023年校园联合交流计划；2024年品牌项目‘远山支教社季’', '179人', '每周或双周服务活动，每学期1次专题月', '微信公众号、QQ群/微信群');
INSERT INTO recruitment_job (id, club_id, club_name, category, title, description, requirement_tags, slots, established_year, org_level, guidance_unit, main_activities, representative_activities, member_size, activity_frequency, publicity_channels) VALUES (153, 2153, '青禾茶文化社协会', '传统文化类', '青禾茶文化社协会核心成员招募', '传播茶文化、审美体验与节气雅集活动。 社团注重项目化运作与成员梯队培养，兼顾入门体验和品牌活动沉淀。', '[]', 10, '2007', '校级重点社团', '人文学院', '专题讲座、技能工作坊、主题交流、成果展示', '2022年春季主题活动周；2023年校园联合交流计划；2024年品牌项目‘青禾茶文化社季’', '188人', '每月2次常规活动，每学期1次品牌活动', '微信公众号、QQ群/微信群');
INSERT INTO recruitment_job (id, club_id, club_name, category, title, description, requirement_tags, slots, established_year, org_level, guidance_unit, main_activities, representative_activities, member_size, activity_frequency, publicity_channels) VALUES (154, 2154, '北辰美育手作社社', '生活美育类', '北辰美育手作社社核心成员招募', '开展手作体验、材料认知与美学共创。 社团注重项目化运作与成员梯队培养，兼顾入门体验和品牌活动沉淀。', '[]', 10, '2010', '校级社团', '劳动教育中心', '新生培训、部门例会、校际联动、品牌活动策划', '2022年春季主题活动周；2023年校园联合交流计划；2024年品牌项目‘北辰美育手作社季’', '197人', '每月2次常规活动，每学期1次品牌活动', '微信公众号、QQ群/微信群');
INSERT INTO recruitment_job (id, club_id, club_name, category, title, description, requirement_tags, slots, established_year, org_level, guidance_unit, main_activities, representative_activities, member_size, activity_frequency, publicity_channels) VALUES (155, 2155, '星河金融观察社研究会', '经管实践类', '星河金融观察社研究会核心成员招募', '关注宏观经济、投资研究与商业信息分析。 社团注重项目化运作与成员梯队培养，兼顾入门体验和品牌活动沉淀。', '[]', 10, '2013', '院级精品社团', '经济管理学院', '常规训练、公开招募、成果汇报、志愿协作', '2022年春季主题活动周；2023年校园联合交流计划；2024年品牌项目‘星河金融观察社季’', '46人', '每月2次常规活动，每学期1次品牌活动', '微信公众号、QQ群/微信群');
INSERT INTO recruitment_job (id, club_id, club_name, category, title, description, requirement_tags, slots, established_year, org_level, guidance_unit, main_activities, representative_activities, member_size, activity_frequency, publicity_channels) VALUES (156, 2156, '云岚园艺社联盟', '生活美育类', '云岚园艺社联盟核心成员招募', '参与植物养护、花圃共建与自然观察。 社团注重项目化运作与成员梯队培养，兼顾入门体验和品牌活动沉淀。', '[]', 10, '2016', '院级社团', '劳动教育中心', '主题实践、跨社团联动、线上宣传、学期总结', '2022年春季主题活动周；2023年校园联合交流计划；2024年品牌项目‘云岚园艺社季’', '55人', '每月2次常规活动，每学期1次品牌活动', '微信公众号、QQ群/微信群');
INSERT INTO recruitment_job (id, club_id, club_name, category, title, description, requirement_tags, slots, established_year, org_level, guidance_unit, main_activities, representative_activities, member_size, activity_frequency, publicity_channels) VALUES (157, 2157, '听雨演讲社协会', '语言交流类', '听雨演讲社协会核心成员招募', '以公众表达、即兴演讲与主持训练为核心。 社团注重项目化运作与成员梯队培养，兼顾入门体验和品牌活动沉淀。', '[]', 10, '2019', '校级重点社团', '外国语学院', '专题讲座、技能工作坊、主题交流、成果展示', '2022年春季主题活动周；2023年校园联合交流计划；2024年品牌项目‘听雨演讲社季’', '64人', '每月2次常规活动，每学期1次品牌活动', '微信公众号、QQ群/微信群');
INSERT INTO recruitment_job (id, club_id, club_name, category, title, description, requirement_tags, slots, established_year, org_level, guidance_unit, main_activities, representative_activities, member_size, activity_frequency, publicity_channels) VALUES (158, 2158, '澄明非遗研习社社', '传统文化类', '澄明非遗研习社社核心成员招募', '聚焦非遗技艺体验、田野记录与校园传播。 社团注重项目化运作与成员梯队培养，兼顾入门体验和品牌活动沉淀。', '[]', 10, '2022', '校级社团', '人文学院', '新生培训、部门例会、校际联动、品牌活动策划', '2022年春季主题活动周；2023年校园联合交流计划；2024年品牌项目‘澄明非遗研习社季’', '73人', '每月2次常规活动，每学期1次品牌活动', '微信公众号、QQ群/微信群');
INSERT INTO recruitment_job (id, club_id, club_name, category, title, description, requirement_tags, slots, established_year, org_level, guidance_unit, main_activities, representative_activities, member_size, activity_frequency, publicity_channels) VALUES (159, 2159, '逐浪桌游社研究会', '兴趣休闲类', '逐浪桌游社研究会核心成员招募', '以桌游教学、逻辑推理和社交破冰活动为主。 社团注重项目化运作与成员梯队培养，兼顾入门体验和品牌活动沉淀。', '[]', 10, '1996', '院级精品社团', '学生社团管理中心', '常规训练、公开招募、成果汇报、志愿协作', '2022年春季主题活动周；2023年校园联合交流计划；2024年品牌项目‘逐浪桌游社季’', '82人', '每月2次常规活动，每学期1次品牌活动', '微信公众号、QQ群/微信群');
INSERT INTO recruitment_job (id, club_id, club_name, category, title, description, requirement_tags, slots, established_year, org_level, guidance_unit, main_activities, representative_activities, member_size, activity_frequency, publicity_channels) VALUES (160, 2160, '明理支教社联盟', '公益服务类', '明理支教社联盟核心成员招募', '组织课业辅导、阅读推广与社区教育志愿服务。 社团注重项目化运作与成员梯队培养，兼顾入门体验和品牌活动沉淀。', '[]', 10, '1999', '院级社团', '校团委', '主题实践、跨社团联动、线上宣传、学期总结', '2022年春季主题活动周；2023年校园联合交流计划；2024年品牌项目‘明理支教社季’', '91人', '每周或双周服务活动，每学期1次专题月', '微信公众号、QQ群/微信群');
INSERT INTO recruitment_job (id, club_id, club_name, category, title, description, requirement_tags, slots, established_year, org_level, guidance_unit, main_activities, representative_activities, member_size, activity_frequency, publicity_channels) VALUES (161, 2161, '知新茶文化社协会', '传统文化类', '知新茶文化社协会核心成员招募', '传播茶文化、审美体验与节气雅集活动。 社团注重项目化运作与成员梯队培养，兼顾入门体验和品牌活动沉淀。', '[]', 10, '2002', '校级重点社团', '人文学院', '专题讲座、技能工作坊、主题交流、成果展示', '2022年春季主题活动周；2023年校园联合交流计划；2024年品牌项目‘知新茶文化社季’', '100人', '每月2次常规活动，每学期1次品牌活动', '微信公众号、QQ群/微信群');
INSERT INTO recruitment_job (id, club_id, club_name, category, title, description, requirement_tags, slots, established_year, org_level, guidance_unit, main_activities, representative_activities, member_size, activity_frequency, publicity_channels) VALUES (162, 2162, '沐光美育手作社社', '生活美育类', '沐光美育手作社社核心成员招募', '开展手作体验、材料认知与美学共创。 社团注重项目化运作与成员梯队培养，兼顾入门体验和品牌活动沉淀。', '[]', 10, '2005', '校级社团', '劳动教育中心', '新生培训、部门例会、校际联动、品牌活动策划', '2022年春季主题活动周；2023年校园联合交流计划；2024年品牌项目‘沐光美育手作社季’', '109人', '每月2次常规活动，每学期1次品牌活动', '微信公众号、QQ群/微信群');
INSERT INTO recruitment_job (id, club_id, club_name, category, title, description, requirement_tags, slots, established_year, org_level, guidance_unit, main_activities, representative_activities, member_size, activity_frequency, publicity_channels) VALUES (163, 2163, '长风金融观察社研究会', '经管实践类', '长风金融观察社研究会核心成员招募', '关注宏观经济、投资研究与商业信息分析。 社团注重项目化运作与成员梯队培养，兼顾入门体验和品牌活动沉淀。', '[]', 10, '2008', '院级精品社团', '经济管理学院', '常规训练、公开招募、成果汇报、志愿协作', '2022年春季主题活动周；2023年校园联合交流计划；2024年品牌项目‘长风金融观察社季’', '118人', '每月2次常规活动，每学期1次品牌活动', '微信公众号、QQ群/微信群');
INSERT INTO recruitment_job (id, club_id, club_name, category, title, description, requirement_tags, slots, established_year, org_level, guidance_unit, main_activities, representative_activities, member_size, activity_frequency, publicity_channels) VALUES (164, 2164, '栖舟历史行走社联盟', '学术研究类', '栖舟历史行走社联盟核心成员招募', '以历史阅读、口述采访与遗址参访为特色。 社团注重项目化运作与成员梯队培养，兼顾入门体验和品牌活动沉淀。', '[]', 10, '2011', '院级社团', '人文与社会科学学院', '主题实践、跨社团联动、线上宣传、学期总结', '2022年春季主题活动周；2023年校园联合交流计划；2024年品牌项目‘栖舟历史行走社季’', '127人', '每月2次常规活动，每学期1次品牌活动', '微信公众号、QQ群/微信群');
INSERT INTO recruitment_job (id, club_id, club_name, category, title, description, requirement_tags, slots, established_year, org_level, guidance_unit, main_activities, representative_activities, member_size, activity_frequency, publicity_channels) VALUES (165, 2165, '霁川演讲社协会', '语言交流类', '霁川演讲社协会核心成员招募', '以公众表达、即兴演讲与主持训练为核心。 社团注重项目化运作与成员梯队培养，兼顾入门体验和品牌活动沉淀。', '[]', 10, '2014', '校级重点社团', '外国语学院', '专题讲座、技能工作坊、主题交流、成果展示', '2022年春季主题活动周；2023年校园联合交流计划；2024年品牌项目‘霁川演讲社季’', '136人', '每月2次常规活动，每学期1次品牌活动', '微信公众号、QQ群/微信群');
INSERT INTO recruitment_job (id, club_id, club_name, category, title, description, requirement_tags, slots, established_year, org_level, guidance_unit, main_activities, representative_activities, member_size, activity_frequency, publicity_channels) VALUES (166, 2166, '观澜非遗研习社社', '传统文化类', '观澜非遗研习社社核心成员招募', '聚焦非遗技艺体验、田野记录与校园传播。 社团注重项目化运作与成员梯队培养，兼顾入门体验和品牌活动沉淀。', '[]', 10, '2017', '校级社团', '人文学院', '新生培训、部门例会、校际联动、品牌活动策划', '2022年春季主题活动周；2023年校园联合交流计划；2024年品牌项目‘观澜非遗研习社季’', '145人', '每月2次常规活动，每学期1次品牌活动', '微信公众号、QQ群/微信群');
INSERT INTO recruitment_job (id, club_id, club_name, category, title, description, requirement_tags, slots, established_year, org_level, guidance_unit, main_activities, representative_activities, member_size, activity_frequency, publicity_channels) VALUES (167, 2167, '墨林桌游社研究会', '兴趣休闲类', '墨林桌游社研究会核心成员招募', '以桌游教学、逻辑推理和社交破冰活动为主。 社团注重项目化运作与成员梯队培养，兼顾入门体验和品牌活动沉淀。', '[]', 10, '2020', '院级精品社团', '学生社团管理中心', '常规训练、公开招募、成果汇报、志愿协作', '2022年春季主题活动周；2023年校园联合交流计划；2024年品牌项目‘墨林桌游社季’', '154人', '每月2次常规活动，每学期1次品牌活动', '微信公众号、QQ群/微信群');
INSERT INTO recruitment_job (id, club_id, club_name, category, title, description, requirement_tags, slots, established_year, org_level, guidance_unit, main_activities, representative_activities, member_size, activity_frequency, publicity_channels) VALUES (168, 2168, '言蹊支教社联盟', '公益服务类', '言蹊支教社联盟核心成员招募', '组织课业辅导、阅读推广与社区教育志愿服务。 社团注重项目化运作与成员梯队培养，兼顾入门体验和品牌活动沉淀。', '[]', 10, '2023', '院级社团', '校团委', '主题实践、跨社团联动、线上宣传、学期总结', '2022年春季主题活动周；2023年校园联合交流计划；2024年品牌项目‘言蹊支教社季’', '163人', '每周或双周服务活动，每学期1次专题月', '微信公众号、QQ群/微信群');
INSERT INTO recruitment_job (id, club_id, club_name, category, title, description, requirement_tags, slots, established_year, org_level, guidance_unit, main_activities, representative_activities, member_size, activity_frequency, publicity_channels) VALUES (169, 2169, '鸣沙茶文化社协会', '传统文化类', '鸣沙茶文化社协会核心成员招募', '传播茶文化、审美体验与节气雅集活动。 社团注重项目化运作与成员梯队培养，兼顾入门体验和品牌活动沉淀。', '[]', 10, '1997', '校级重点社团', '人文学院', '专题讲座、技能工作坊、主题交流、成果展示', '2022年春季主题活动周；2023年校园联合交流计划；2024年品牌项目‘鸣沙茶文化社季’', '172人', '每月2次常规活动，每学期1次品牌活动', '微信公众号、QQ群/微信群');
INSERT INTO recruitment_job (id, club_id, club_name, category, title, description, requirement_tags, slots, established_year, org_level, guidance_unit, main_activities, representative_activities, member_size, activity_frequency, publicity_channels) VALUES (170, 2170, '怀远美育手作社社', '生活美育类', '怀远美育手作社社核心成员招募', '开展手作体验、材料认知与美学共创。 社团注重项目化运作与成员梯队培养，兼顾入门体验和品牌活动沉淀。', '[]', 10, '2000', '校级社团', '劳动教育中心', '新生培训、部门例会、校际联动、品牌活动策划', '2022年春季主题活动周；2023年校园联合交流计划；2024年品牌项目‘怀远美育手作社季’', '181人', '每月2次常规活动，每学期1次品牌活动', '微信公众号、QQ群/微信群');
INSERT INTO recruitment_job (id, club_id, club_name, category, title, description, requirement_tags, slots, established_year, org_level, guidance_unit, main_activities, representative_activities, member_size, activity_frequency, publicity_channels) VALUES (171, 2171, '拾光心理互助社研究会', '公益服务类', '拾光心理互助社研究会核心成员招募', '开展心理科普、朋辈支持与减压活动。 社团注重项目化运作与成员梯队培养，兼顾入门体验和品牌活动沉淀。', '[]', 10, '2003', '院级精品社团', '校团委', '常规训练、公开招募、成果汇报、志愿协作', '2022年春季主题活动周；2023年校园联合交流计划；2024年品牌项目‘拾光心理互助社季’', '190人', '每周或双周服务活动，每学期1次专题月', '微信公众号、QQ群/微信群');
INSERT INTO recruitment_job (id, club_id, club_name, category, title, description, requirement_tags, slots, established_year, org_level, guidance_unit, main_activities, representative_activities, member_size, activity_frequency, publicity_channels) VALUES (172, 2172, '凌霄历史行走社联盟', '学术研究类', '凌霄历史行走社联盟核心成员招募', '以历史阅读、口述采访与遗址参访为特色。 社团注重项目化运作与成员梯队培养，兼顾入门体验和品牌活动沉淀。', '[]', 10, '2006', '院级社团', '人文与社会科学学院', '主题实践、跨社团联动、线上宣传、学期总结', '2022年春季主题活动周；2023年校园联合交流计划；2024年品牌项目‘凌霄历史行走社季’', '199人', '每月2次常规活动，每学期1次品牌活动', '微信公众号、QQ群/微信群');
INSERT INTO recruitment_job (id, club_id, club_name, category, title, description, requirement_tags, slots, established_year, org_level, guidance_unit, main_activities, representative_activities, member_size, activity_frequency, publicity_channels) VALUES (173, 2173, '未央演讲社协会', '语言交流类', '未央演讲社协会核心成员招募', '以公众表达、即兴演讲与主持训练为核心。 社团注重项目化运作与成员梯队培养，兼顾入门体验和品牌活动沉淀。', '[]', 10, '2009', '校级重点社团', '外国语学院', '专题讲座、技能工作坊、主题交流、成果展示', '2022年春季主题活动周；2023年校园联合交流计划；2024年品牌项目‘未央演讲社季’', '48人', '每月2次常规活动，每学期1次品牌活动', '微信公众号、QQ群/微信群');
INSERT INTO recruitment_job (id, club_id, club_name, category, title, description, requirement_tags, slots, established_year, org_level, guidance_unit, main_activities, representative_activities, member_size, activity_frequency, publicity_channels) VALUES (174, 2174, '归舟非遗研习社社', '传统文化类', '归舟非遗研习社社核心成员招募', '聚焦非遗技艺体验、田野记录与校园传播。 社团注重项目化运作与成员梯队培养，兼顾入门体验和品牌活动沉淀。', '[]', 10, '2012', '校级社团', '人文学院', '新生培训、部门例会、校际联动、品牌活动策划', '2022年春季主题活动周；2023年校园联合交流计划；2024年品牌项目‘归舟非遗研习社季’', '57人', '每月2次常规活动，每学期1次品牌活动', '微信公众号、QQ群/微信群');
INSERT INTO recruitment_job (id, club_id, club_name, category, title, description, requirement_tags, slots, established_year, org_level, guidance_unit, main_activities, representative_activities, member_size, activity_frequency, publicity_channels) VALUES (175, 2175, '星野桌游社研究会', '兴趣休闲类', '星野桌游社研究会核心成员招募', '以桌游教学、逻辑推理和社交破冰活动为主。 社团注重项目化运作与成员梯队培养，兼顾入门体验和品牌活动沉淀。', '[]', 10, '2015', '院级精品社团', '学生社团管理中心', '常规训练、公开招募、成果汇报、志愿协作', '2022年春季主题活动周；2023年校园联合交流计划；2024年品牌项目‘星野桌游社季’', '66人', '每月2次常规活动，每学期1次品牌活动', '微信公众号、QQ群/微信群');
INSERT INTO recruitment_job (id, club_id, club_name, category, title, description, requirement_tags, slots, established_year, org_level, guidance_unit, main_activities, representative_activities, member_size, activity_frequency, publicity_channels) VALUES (176, 2176, '晨曦支教社联盟', '公益服务类', '晨曦支教社联盟核心成员招募', '组织课业辅导、阅读推广与社区教育志愿服务。 社团注重项目化运作与成员梯队培养，兼顾入门体验和品牌活动沉淀。', '[]', 10, '2018', '院级社团', '校团委', '主题实践、跨社团联动、线上宣传、学期总结', '2022年春季主题活动周；2023年校园联合交流计划；2024年品牌项目‘晨曦支教社季’', '75人', '每周或双周服务活动，每学期1次专题月', '微信公众号、QQ群/微信群');
INSERT INTO recruitment_job (id, club_id, club_name, category, title, description, requirement_tags, slots, established_year, org_level, guidance_unit, main_activities, representative_activities, member_size, activity_frequency, publicity_channels) VALUES (177, 2177, '远山茶文化社协会', '传统文化类', '远山茶文化社协会核心成员招募', '传播茶文化、审美体验与节气雅集活动。 社团注重项目化运作与成员梯队培养，兼顾入门体验和品牌活动沉淀。', '[]', 10, '2021', '校级重点社团', '人文学院', '专题讲座、技能工作坊、主题交流、成果展示', '2022年春季主题活动周；2023年校园联合交流计划；2024年品牌项目‘远山茶文化社季’', '84人', '每月2次常规活动，每学期1次品牌活动', '微信公众号、QQ群/微信群');
INSERT INTO recruitment_job (id, club_id, club_name, category, title, description, requirement_tags, slots, established_year, org_level, guidance_unit, main_activities, representative_activities, member_size, activity_frequency, publicity_channels) VALUES (178, 2178, '青禾国风舞社社', '艺术表演类', '青禾国风舞社社核心成员招募', '结合古典舞、身韵训练和国风舞台展示。 社团注重项目化运作与成员梯队培养，兼顾入门体验和品牌活动沉淀。', '[]', 10, '2024', '校级社团', '艺术学院', '新生培训、部门例会、校际联动、品牌活动策划', '2022年春季主题活动周；2023年校园联合交流计划；2024年品牌项目‘青禾国风舞社季’', '93人', '每月2次常规活动，每学期1次品牌活动', '微信公众号、QQ群/微信群');
INSERT INTO recruitment_job (id, club_id, club_name, category, title, description, requirement_tags, slots, established_year, org_level, guidance_unit, main_activities, representative_activities, member_size, activity_frequency, publicity_channels) VALUES (179, 2179, '北辰心理互助社研究会', '公益服务类', '北辰心理互助社研究会核心成员招募', '开展心理科普、朋辈支持与减压活动。 社团注重项目化运作与成员梯队培养，兼顾入门体验和品牌活动沉淀。', '[]', 10, '1998', '院级精品社团', '校团委', '常规训练、公开招募、成果汇报、志愿协作', '2022年春季主题活动周；2023年校园联合交流计划；2024年品牌项目‘北辰心理互助社季’', '102人', '每周或双周服务活动，每学期1次专题月', '微信公众号、QQ群/微信群');
INSERT INTO recruitment_job (id, club_id, club_name, category, title, description, requirement_tags, slots, established_year, org_level, guidance_unit, main_activities, representative_activities, member_size, activity_frequency, publicity_channels) VALUES (180, 2180, '星河历史行走社联盟', '学术研究类', '星河历史行走社联盟核心成员招募', '以历史阅读、口述采访与遗址参访为特色。 社团注重项目化运作与成员梯队培养，兼顾入门体验和品牌活动沉淀。', '[]', 10, '2001', '院级社团', '人文与社会科学学院', '主题实践、跨社团联动、线上宣传、学期总结', '2022年春季主题活动周；2023年校园联合交流计划；2024年品牌项目‘星河历史行走社季’', '111人', '每月2次常规活动，每学期1次品牌活动', '微信公众号、QQ群/微信群');
INSERT INTO recruitment_job (id, club_id, club_name, category, title, description, requirement_tags, slots, established_year, org_level, guidance_unit, main_activities, representative_activities, member_size, activity_frequency, publicity_channels) VALUES (181, 2181, '云岚演讲社协会', '语言交流类', '云岚演讲社协会核心成员招募', '以公众表达、即兴演讲与主持训练为核心。 社团注重项目化运作与成员梯队培养，兼顾入门体验和品牌活动沉淀。', '[]', 10, '2004', '校级重点社团', '外国语学院', '专题讲座、技能工作坊、主题交流、成果展示', '2022年春季主题活动周；2023年校园联合交流计划；2024年品牌项目‘云岚演讲社季’', '120人', '每月2次常规活动，每学期1次品牌活动', '微信公众号、QQ群/微信群');
INSERT INTO recruitment_job (id, club_id, club_name, category, title, description, requirement_tags, slots, established_year, org_level, guidance_unit, main_activities, representative_activities, member_size, activity_frequency, publicity_channels) VALUES (182, 2182, '听雨非遗研习社社', '传统文化类', '听雨非遗研习社社核心成员招募', '聚焦非遗技艺体验、田野记录与校园传播。 社团注重项目化运作与成员梯队培养，兼顾入门体验和品牌活动沉淀。', '[]', 10, '2007', '校级社团', '人文学院', '新生培训、部门例会、校际联动、品牌活动策划', '2022年春季主题活动周；2023年校园联合交流计划；2024年品牌项目‘听雨非遗研习社季’', '129人', '每月2次常规活动，每学期1次品牌活动', '微信公众号、QQ群/微信群');
INSERT INTO recruitment_job (id, club_id, club_name, category, title, description, requirement_tags, slots, established_year, org_level, guidance_unit, main_activities, representative_activities, member_size, activity_frequency, publicity_channels) VALUES (183, 2183, '澄明桌游社研究会', '兴趣休闲类', '澄明桌游社研究会核心成员招募', '以桌游教学、逻辑推理和社交破冰活动为主。 社团注重项目化运作与成员梯队培养，兼顾入门体验和品牌活动沉淀。', '[]', 10, '2010', '院级精品社团', '学生社团管理中心', '常规训练、公开招募、成果汇报、志愿协作', '2022年春季主题活动周；2023年校园联合交流计划；2024年品牌项目‘澄明桌游社季’', '138人', '每月2次常规活动，每学期1次品牌活动', '微信公众号、QQ群/微信群');
INSERT INTO recruitment_job (id, club_id, club_name, category, title, description, requirement_tags, slots, established_year, org_level, guidance_unit, main_activities, representative_activities, member_size, activity_frequency, publicity_channels) VALUES (184, 2184, '逐浪支教社联盟', '公益服务类', '逐浪支教社联盟核心成员招募', '组织课业辅导、阅读推广与社区教育志愿服务。 社团注重项目化运作与成员梯队培养，兼顾入门体验和品牌活动沉淀。', '[]', 10, '2013', '院级社团', '校团委', '主题实践、跨社团联动、线上宣传、学期总结', '2022年春季主题活动周；2023年校园联合交流计划；2024年品牌项目‘逐浪支教社季’', '147人', '每周或双周服务活动，每学期1次专题月', '微信公众号、QQ群/微信群');
INSERT INTO recruitment_job (id, club_id, club_name, category, title, description, requirement_tags, slots, established_year, org_level, guidance_unit, main_activities, representative_activities, member_size, activity_frequency, publicity_channels) VALUES (185, 2185, '明理创业研习社协会', '创新创业类', '明理创业研习社协会核心成员招募', '服务商业计划打磨、路演训练与案例复盘。 社团注重项目化运作与成员梯队培养，兼顾入门体验和品牌活动沉淀。', '[]', 10, '2016', '校级重点社团', '创新创业学院', '专题讲座、技能工作坊、主题交流、成果展示', '2022年春季主题活动周；2023年校园联合交流计划；2024年品牌项目‘明理创业研习社季’', '156人', '每月2次常规活动，每学期1次品牌活动', '微信公众号、QQ群/微信群');
INSERT INTO recruitment_job (id, club_id, club_name, category, title, description, requirement_tags, slots, established_year, org_level, guidance_unit, main_activities, representative_activities, member_size, activity_frequency, publicity_channels) VALUES (186, 2186, '知新国风舞社社', '艺术表演类', '知新国风舞社社核心成员招募', '结合古典舞、身韵训练和国风舞台展示。 社团注重项目化运作与成员梯队培养，兼顾入门体验和品牌活动沉淀。', '[]', 10, '2019', '校级社团', '艺术学院', '新生培训、部门例会、校际联动、品牌活动策划', '2022年春季主题活动周；2023年校园联合交流计划；2024年品牌项目‘知新国风舞社季’', '165人', '每月2次常规活动，每学期1次品牌活动', '微信公众号、QQ群/微信群');
INSERT INTO recruitment_job (id, club_id, club_name, category, title, description, requirement_tags, slots, established_year, org_level, guidance_unit, main_activities, representative_activities, member_size, activity_frequency, publicity_channels) VALUES (187, 2187, '沐光心理互助社研究会', '公益服务类', '沐光心理互助社研究会核心成员招募', '开展心理科普、朋辈支持与减压活动。 社团注重项目化运作与成员梯队培养，兼顾入门体验和品牌活动沉淀。', '[]', 10, '2022', '院级精品社团', '校团委', '常规训练、公开招募、成果汇报、志愿协作', '2022年春季主题活动周；2023年校园联合交流计划；2024年品牌项目‘沐光心理互助社季’', '174人', '每周或双周服务活动，每学期1次专题月', '微信公众号、QQ群/微信群');
INSERT INTO recruitment_job (id, club_id, club_name, category, title, description, requirement_tags, slots, established_year, org_level, guidance_unit, main_activities, representative_activities, member_size, activity_frequency, publicity_channels) VALUES (188, 2188, '长风历史行走社联盟', '学术研究类', '长风历史行走社联盟核心成员招募', '以历史阅读、口述采访与遗址参访为特色。 社团注重项目化运作与成员梯队培养，兼顾入门体验和品牌活动沉淀。', '[]', 10, '1996', '院级社团', '人文与社会科学学院', '主题实践、跨社团联动、线上宣传、学期总结', '2022年春季主题活动周；2023年校园联合交流计划；2024年品牌项目‘长风历史行走社季’', '183人', '每月2次常规活动，每学期1次品牌活动', '微信公众号、QQ群/微信群');
INSERT INTO recruitment_job (id, club_id, club_name, category, title, description, requirement_tags, slots, established_year, org_level, guidance_unit, main_activities, representative_activities, member_size, activity_frequency, publicity_channels) VALUES (189, 2189, '栖舟演讲社协会', '语言交流类', '栖舟演讲社协会核心成员招募', '以公众表达、即兴演讲与主持训练为核心。 社团注重项目化运作与成员梯队培养，兼顾入门体验和品牌活动沉淀。', '[]', 10, '1999', '校级重点社团', '外国语学院', '专题讲座、技能工作坊、主题交流、成果展示', '2022年春季主题活动周；2023年校园联合交流计划；2024年品牌项目‘栖舟演讲社季’', '192人', '每月2次常规活动，每学期1次品牌活动', '微信公众号、QQ群/微信群');
INSERT INTO recruitment_job (id, club_id, club_name, category, title, description, requirement_tags, slots, established_year, org_level, guidance_unit, main_activities, representative_activities, member_size, activity_frequency, publicity_channels) VALUES (190, 2190, '霁川非遗研习社社', '传统文化类', '霁川非遗研习社社核心成员招募', '聚焦非遗技艺体验、田野记录与校园传播。 社团注重项目化运作与成员梯队培养，兼顾入门体验和品牌活动沉淀。', '[]', 10, '2002', '校级社团', '人文学院', '新生培训、部门例会、校际联动、品牌活动策划', '2022年春季主题活动周；2023年校园联合交流计划；2024年品牌项目‘霁川非遗研习社季’', '41人', '每月2次常规活动，每学期1次品牌活动', '微信公众号、QQ群/微信群');
INSERT INTO recruitment_job (id, club_id, club_name, category, title, description, requirement_tags, slots, established_year, org_level, guidance_unit, main_activities, representative_activities, member_size, activity_frequency, publicity_channels) VALUES (191, 2191, '观澜桌游社研究会', '兴趣休闲类', '观澜桌游社研究会核心成员招募', '以桌游教学、逻辑推理和社交破冰活动为主。 社团注重项目化运作与成员梯队培养，兼顾入门体验和品牌活动沉淀。', '[]', 10, '2005', '院级精品社团', '学生社团管理中心', '常规训练、公开招募、成果汇报、志愿协作', '2022年春季主题活动周；2023年校园联合交流计划；2024年品牌项目‘观澜桌游社季’', '50人', '每月2次常规活动，每学期1次品牌活动', '微信公众号、QQ群/微信群');
INSERT INTO recruitment_job (id, club_id, club_name, category, title, description, requirement_tags, slots, established_year, org_level, guidance_unit, main_activities, representative_activities, member_size, activity_frequency, publicity_channels) VALUES (192, 2192, '墨林法治传播社联盟', '学术服务类', '墨林法治传播社联盟核心成员招募', '开展普法宣传、案例讨论与法治主题策划。 社团注重项目化运作与成员梯队培养，兼顾入门体验和品牌活动沉淀。', '[]', 10, '2008', '院级社团', '法学院', '主题实践、跨社团联动、线上宣传、学期总结', '2022年春季主题活动周；2023年校园联合交流计划；2024年品牌项目‘墨林法治传播社季’', '59人', '每月2次常规活动，每学期1次品牌活动', '微信公众号、QQ群/微信群');
INSERT INTO recruitment_job (id, club_id, club_name, category, title, description, requirement_tags, slots, established_year, org_level, guidance_unit, main_activities, representative_activities, member_size, activity_frequency, publicity_channels) VALUES (193, 2193, '言蹊创业研习社协会', '创新创业类', '言蹊创业研习社协会核心成员招募', '服务商业计划打磨、路演训练与案例复盘。 社团注重项目化运作与成员梯队培养，兼顾入门体验和品牌活动沉淀。', '[]', 10, '2011', '校级重点社团', '创新创业学院', '专题讲座、技能工作坊、主题交流、成果展示', '2022年春季主题活动周；2023年校园联合交流计划；2024年品牌项目‘言蹊创业研习社季’', '68人', '每月2次常规活动，每学期1次品牌活动', '微信公众号、QQ群/微信群');
INSERT INTO recruitment_job (id, club_id, club_name, category, title, description, requirement_tags, slots, established_year, org_level, guidance_unit, main_activities, representative_activities, member_size, activity_frequency, publicity_channels) VALUES (194, 2194, '鸣沙国风舞社社', '艺术表演类', '鸣沙国风舞社社核心成员招募', '结合古典舞、身韵训练和国风舞台展示。 社团注重项目化运作与成员梯队培养，兼顾入门体验和品牌活动沉淀。', '[]', 10, '2014', '校级社团', '艺术学院', '新生培训、部门例会、校际联动、品牌活动策划', '2022年春季主题活动周；2023年校园联合交流计划；2024年品牌项目‘鸣沙国风舞社季’', '77人', '每月2次常规活动，每学期1次品牌活动', '微信公众号、QQ群/微信群');
INSERT INTO recruitment_job (id, club_id, club_name, category, title, description, requirement_tags, slots, established_year, org_level, guidance_unit, main_activities, representative_activities, member_size, activity_frequency, publicity_channels) VALUES (195, 2195, '怀远心理互助社研究会', '公益服务类', '怀远心理互助社研究会核心成员招募', '开展心理科普、朋辈支持与减压活动。 社团注重项目化运作与成员梯队培养，兼顾入门体验和品牌活动沉淀。', '[]', 10, '2017', '院级精品社团', '校团委', '常规训练、公开招募、成果汇报、志愿协作', '2022年春季主题活动周；2023年校园联合交流计划；2024年品牌项目‘怀远心理互助社季’', '86人', '每周或双周服务活动，每学期1次专题月', '微信公众号、QQ群/微信群');
INSERT INTO recruitment_job (id, club_id, club_name, category, title, description, requirement_tags, slots, established_year, org_level, guidance_unit, main_activities, representative_activities, member_size, activity_frequency, publicity_channels) VALUES (196, 2196, '拾光历史行走社联盟', '学术研究类', '拾光历史行走社联盟核心成员招募', '以历史阅读、口述采访与遗址参访为特色。 社团注重项目化运作与成员梯队培养，兼顾入门体验和品牌活动沉淀。', '[]', 10, '2020', '院级社团', '人文与社会科学学院', '主题实践、跨社团联动、线上宣传、学期总结', '2022年春季主题活动周；2023年校园联合交流计划；2024年品牌项目‘拾光历史行走社季’', '95人', '每月2次常规活动，每学期1次品牌活动', '微信公众号、QQ群/微信群');
INSERT INTO recruitment_job (id, club_id, club_name, category, title, description, requirement_tags, slots, established_year, org_level, guidance_unit, main_activities, representative_activities, member_size, activity_frequency, publicity_channels) VALUES (197, 2197, '凌霄演讲社协会', '语言交流类', '凌霄演讲社协会核心成员招募', '以公众表达、即兴演讲与主持训练为核心。 社团注重项目化运作与成员梯队培养，兼顾入门体验和品牌活动沉淀。', '[]', 10, '2023', '校级重点社团', '外国语学院', '专题讲座、技能工作坊、主题交流、成果展示', '2022年春季主题活动周；2023年校园联合交流计划；2024年品牌项目‘凌霄演讲社季’', '104人', '每月2次常规活动，每学期1次品牌活动', '微信公众号、QQ群/微信群');
INSERT INTO recruitment_job (id, club_id, club_name, category, title, description, requirement_tags, slots, established_year, org_level, guidance_unit, main_activities, representative_activities, member_size, activity_frequency, publicity_channels) VALUES (198, 2198, '未央非遗研习社社', '传统文化类', '未央非遗研习社社核心成员招募', '聚焦非遗技艺体验、田野记录与校园传播。 社团注重项目化运作与成员梯队培养，兼顾入门体验和品牌活动沉淀。', '[]', 10, '1997', '校级社团', '人文学院', '新生培训、部门例会、校际联动、品牌活动策划', '2022年春季主题活动周；2023年校园联合交流计划；2024年品牌项目‘未央非遗研习社季’', '113人', '每月2次常规活动，每学期1次品牌活动', '微信公众号、QQ群/微信群');
INSERT INTO recruitment_job (id, club_id, club_name, category, title, description, requirement_tags, slots, established_year, org_level, guidance_unit, main_activities, representative_activities, member_size, activity_frequency, publicity_channels) VALUES (199, 2199, '归舟民谣社研究会', '音乐表演类', '归舟民谣社研究会核心成员招募', '以弹唱、原创分享和小型路演为主要形式。 社团注重项目化运作与成员梯队培养，兼顾入门体验和品牌活动沉淀。', '[]', 10, '2000', '院级精品社团', '艺术学院', '常规训练、公开招募、成果汇报、志愿协作', '2022年春季主题活动周；2023年校园联合交流计划；2024年品牌项目‘归舟民谣社季’', '122人', '每月2次常规活动，每学期1次品牌活动', '微信公众号、QQ群/微信群');
INSERT INTO recruitment_job (id, club_id, club_name, category, title, description, requirement_tags, slots, established_year, org_level, guidance_unit, main_activities, representative_activities, member_size, activity_frequency, publicity_channels) VALUES (200, 2200, '星野法治传播社联盟', '学术服务类', '星野法治传播社联盟核心成员招募', '开展普法宣传、案例讨论与法治主题策划。 社团注重项目化运作与成员梯队培养，兼顾入门体验和品牌活动沉淀。', '[]', 10, '2003', '院级社团', '法学院', '主题实践、跨社团联动、线上宣传、学期总结', '2022年春季主题活动周；2023年校园联合交流计划；2024年品牌项目‘星野法治传播社季’', '131人', '每月2次常规活动，每学期1次品牌活动', '微信公众号、QQ群/微信群');
INSERT INTO recruitment_job (id, club_id, club_name, category, title, description, requirement_tags, slots, established_year, org_level, guidance_unit, main_activities, representative_activities, member_size, activity_frequency, publicity_channels) VALUES (201, 2201, '晨曦创业研习社协会', '创新创业类', '晨曦创业研习社协会核心成员招募', '服务商业计划打磨、路演训练与案例复盘。 社团注重项目化运作与成员梯队培养，兼顾入门体验和品牌活动沉淀。', '[]', 10, '2006', '校级重点社团', '创新创业学院', '专题讲座、技能工作坊、主题交流、成果展示', '2022年春季主题活动周；2023年校园联合交流计划；2024年品牌项目‘晨曦创业研习社季’', '140人', '每月2次常规活动，每学期1次品牌活动', '微信公众号、QQ群/微信群');
INSERT INTO recruitment_job (id, club_id, club_name, category, title, description, requirement_tags, slots, established_year, org_level, guidance_unit, main_activities, representative_activities, member_size, activity_frequency, publicity_channels) VALUES (202, 2202, '远山国风舞社社', '艺术表演类', '远山国风舞社社核心成员招募', '结合古典舞、身韵训练和国风舞台展示。 社团注重项目化运作与成员梯队培养，兼顾入门体验和品牌活动沉淀。', '[]', 10, '2009', '校级社团', '艺术学院', '新生培训、部门例会、校际联动、品牌活动策划', '2022年春季主题活动周；2023年校园联合交流计划；2024年品牌项目‘远山国风舞社季’', '149人', '每月2次常规活动，每学期1次品牌活动', '微信公众号、QQ群/微信群');
INSERT INTO recruitment_job (id, club_id, club_name, category, title, description, requirement_tags, slots, established_year, org_level, guidance_unit, main_activities, representative_activities, member_size, activity_frequency, publicity_channels) VALUES (203, 2203, '青禾心理互助社研究会', '公益服务类', '青禾心理互助社研究会核心成员招募', '开展心理科普、朋辈支持与减压活动。 社团注重项目化运作与成员梯队培养，兼顾入门体验和品牌活动沉淀。', '[]', 10, '2012', '院级精品社团', '校团委', '常规训练、公开招募、成果汇报、志愿协作', '2022年春季主题活动周；2023年校园联合交流计划；2024年品牌项目‘青禾心理互助社季’', '158人', '每周或双周服务活动，每学期1次专题月', '微信公众号、QQ群/微信群');
INSERT INTO recruitment_job (id, club_id, club_name, category, title, description, requirement_tags, slots, established_year, org_level, guidance_unit, main_activities, representative_activities, member_size, activity_frequency, publicity_channels) VALUES (204, 2204, '北辰历史行走社联盟', '学术研究类', '北辰历史行走社联盟核心成员招募', '以历史阅读、口述采访与遗址参访为特色。 社团注重项目化运作与成员梯队培养，兼顾入门体验和品牌活动沉淀。', '[]', 10, '2015', '院级社团', '人文与社会科学学院', '主题实践、跨社团联动、线上宣传、学期总结', '2022年春季主题活动周；2023年校园联合交流计划；2024年品牌项目‘北辰历史行走社季’', '167人', '每月2次常规活动，每学期1次品牌活动', '微信公众号、QQ群/微信群');
INSERT INTO recruitment_job (id, club_id, club_name, category, title, description, requirement_tags, slots, established_year, org_level, guidance_unit, main_activities, representative_activities, member_size, activity_frequency, publicity_channels) VALUES (205, 2205, '星河演讲社协会', '语言交流类', '星河演讲社协会核心成员招募', '以公众表达、即兴演讲与主持训练为核心。 社团注重项目化运作与成员梯队培养，兼顾入门体验和品牌活动沉淀。', '[]', 10, '2018', '校级重点社团', '外国语学院', '专题讲座、技能工作坊、主题交流、成果展示', '2022年春季主题活动周；2023年校园联合交流计划；2024年品牌项目‘星河演讲社季’', '176人', '每月2次常规活动，每学期1次品牌活动', '微信公众号、QQ群/微信群');
INSERT INTO recruitment_job (id, club_id, club_name, category, title, description, requirement_tags, slots, established_year, org_level, guidance_unit, main_activities, representative_activities, member_size, activity_frequency, publicity_channels) VALUES (206, 2206, '云岚纪录片社社', '艺术传媒类', '云岚纪录片社社核心成员招募', '开展纪录影像观看、策划拍摄与映后讨论。 社团注重项目化运作与成员梯队培养，兼顾入门体验和品牌活动沉淀。', '[]', 10, '2021', '校级社团', '新闻与传播学院', '新生培训、部门例会、校际联动、品牌活动策划', '2022年春季主题活动周；2023年校园联合交流计划；2024年品牌项目‘云岚纪录片社季’', '185人', '每周例会，每月1次采风/展映', '微信公众号、视频号、小红书');
INSERT INTO recruitment_job (id, club_id, club_name, category, title, description, requirement_tags, slots, established_year, org_level, guidance_unit, main_activities, representative_activities, member_size, activity_frequency, publicity_channels) VALUES (207, 2207, '听雨民谣社研究会', '音乐表演类', '听雨民谣社研究会核心成员招募', '以弹唱、原创分享和小型路演为主要形式。 社团注重项目化运作与成员梯队培养，兼顾入门体验和品牌活动沉淀。', '[]', 10, '2024', '院级精品社团', '艺术学院', '常规训练、公开招募、成果汇报、志愿协作', '2022年春季主题活动周；2023年校园联合交流计划；2024年品牌项目‘听雨民谣社季’', '194人', '每月2次常规活动，每学期1次品牌活动', '微信公众号、QQ群/微信群');
INSERT INTO recruitment_job (id, club_id, club_name, category, title, description, requirement_tags, slots, established_year, org_level, guidance_unit, main_activities, representative_activities, member_size, activity_frequency, publicity_channels) VALUES (208, 2208, '澄明法治传播社联盟', '学术服务类', '澄明法治传播社联盟核心成员招募', '开展普法宣传、案例讨论与法治主题策划。 社团注重项目化运作与成员梯队培养，兼顾入门体验和品牌活动沉淀。', '[]', 10, '1998', '院级社团', '法学院', '主题实践、跨社团联动、线上宣传、学期总结', '2022年春季主题活动周；2023年校园联合交流计划；2024年品牌项目‘澄明法治传播社季’', '43人', '每月2次常规活动，每学期1次品牌活动', '微信公众号、QQ群/微信群');
INSERT INTO recruitment_job (id, club_id, club_name, category, title, description, requirement_tags, slots, established_year, org_level, guidance_unit, main_activities, representative_activities, member_size, activity_frequency, publicity_channels) VALUES (209, 2209, '逐浪创业研习社协会', '创新创业类', '逐浪创业研习社协会核心成员招募', '服务商业计划打磨、路演训练与案例复盘。 社团注重项目化运作与成员梯队培养，兼顾入门体验和品牌活动沉淀。', '[]', 10, '2001', '校级重点社团', '创新创业学院', '专题讲座、技能工作坊、主题交流、成果展示', '2022年春季主题活动周；2023年校园联合交流计划；2024年品牌项目‘逐浪创业研习社季’', '52人', '每月2次常规活动，每学期1次品牌活动', '微信公众号、QQ群/微信群');
INSERT INTO recruitment_job (id, club_id, club_name, category, title, description, requirement_tags, slots, established_year, org_level, guidance_unit, main_activities, representative_activities, member_size, activity_frequency, publicity_channels) VALUES (210, 2210, '明理国风舞社社', '艺术表演类', '明理国风舞社社核心成员招募', '结合古典舞、身韵训练和国风舞台展示。 社团注重项目化运作与成员梯队培养，兼顾入门体验和品牌活动沉淀。', '[]', 10, '2004', '校级社团', '艺术学院', '新生培训、部门例会、校际联动、品牌活动策划', '2022年春季主题活动周；2023年校园联合交流计划；2024年品牌项目‘明理国风舞社季’', '61人', '每月2次常规活动，每学期1次品牌活动', '微信公众号、QQ群/微信群');
INSERT INTO recruitment_job (id, club_id, club_name, category, title, description, requirement_tags, slots, established_year, org_level, guidance_unit, main_activities, representative_activities, member_size, activity_frequency, publicity_channels) VALUES (211, 2211, '知新心理互助社研究会', '公益服务类', '知新心理互助社研究会核心成员招募', '开展心理科普、朋辈支持与减压活动。 社团注重项目化运作与成员梯队培养，兼顾入门体验和品牌活动沉淀。', '[]', 10, '2007', '院级精品社团', '校团委', '常规训练、公开招募、成果汇报、志愿协作', '2022年春季主题活动周；2023年校园联合交流计划；2024年品牌项目‘知新心理互助社季’', '70人', '每周或双周服务活动，每学期1次专题月', '微信公众号、QQ群/微信群');
INSERT INTO recruitment_job (id, club_id, club_name, category, title, description, requirement_tags, slots, established_year, org_level, guidance_unit, main_activities, representative_activities, member_size, activity_frequency, publicity_channels) VALUES (212, 2212, '沐光历史行走社联盟', '学术研究类', '沐光历史行走社联盟核心成员招募', '以历史阅读、口述采访与遗址参访为特色。 社团注重项目化运作与成员梯队培养，兼顾入门体验和品牌活动沉淀。', '[]', 10, '2010', '院级社团', '人文与社会科学学院', '主题实践、跨社团联动、线上宣传、学期总结', '2022年春季主题活动周；2023年校园联合交流计划；2024年品牌项目‘沐光历史行走社季’', '79人', '每月2次常规活动，每学期1次品牌活动', '微信公众号、QQ群/微信群');
INSERT INTO recruitment_job (id, club_id, club_name, category, title, description, requirement_tags, slots, established_year, org_level, guidance_unit, main_activities, representative_activities, member_size, activity_frequency, publicity_channels) VALUES (213, 2213, '长风数据实践社协会', '学术科技类', '长风数据实践社协会核心成员招募', '面向数据分析、可视化与项目实践爱好者。 社团注重项目化运作与成员梯队培养，兼顾入门体验和品牌活动沉淀。', '[]', 10, '2013', '校级重点社团', '计算机学院', '专题讲座、技能工作坊、主题交流、成果展示', '2022年春季主题活动周；2023年校园联合交流计划；2024年品牌项目‘长风数据实践社季’', '88人', '每周技术例会，每学期1次集训', '微信公众号、技术群、飞书');
INSERT INTO recruitment_job (id, club_id, club_name, category, title, description, requirement_tags, slots, established_year, org_level, guidance_unit, main_activities, representative_activities, member_size, activity_frequency, publicity_channels) VALUES (214, 2214, '栖舟纪录片社社', '艺术传媒类', '栖舟纪录片社社核心成员招募', '开展纪录影像观看、策划拍摄与映后讨论。 社团注重项目化运作与成员梯队培养，兼顾入门体验和品牌活动沉淀。', '[]', 10, '2016', '校级社团', '新闻与传播学院', '新生培训、部门例会、校际联动、品牌活动策划', '2022年春季主题活动周；2023年校园联合交流计划；2024年品牌项目‘栖舟纪录片社季’', '97人', '每周例会，每月1次采风/展映', '微信公众号、视频号、小红书');
INSERT INTO recruitment_job (id, club_id, club_name, category, title, description, requirement_tags, slots, established_year, org_level, guidance_unit, main_activities, representative_activities, member_size, activity_frequency, publicity_channels) VALUES (215, 2215, '霁川民谣社研究会', '音乐表演类', '霁川民谣社研究会核心成员招募', '以弹唱、原创分享和小型路演为主要形式。 社团注重项目化运作与成员梯队培养，兼顾入门体验和品牌活动沉淀。', '[]', 10, '2019', '院级精品社团', '艺术学院', '常规训练、公开招募、成果汇报、志愿协作', '2022年春季主题活动周；2023年校园联合交流计划；2024年品牌项目‘霁川民谣社季’', '106人', '每月2次常规活动，每学期1次品牌活动', '微信公众号、QQ群/微信群');
INSERT INTO recruitment_job (id, club_id, club_name, category, title, description, requirement_tags, slots, established_year, org_level, guidance_unit, main_activities, representative_activities, member_size, activity_frequency, publicity_channels) VALUES (216, 2216, '观澜法治传播社联盟', '学术服务类', '观澜法治传播社联盟核心成员招募', '开展普法宣传、案例讨论与法治主题策划。 社团注重项目化运作与成员梯队培养，兼顾入门体验和品牌活动沉淀。', '[]', 10, '2022', '院级社团', '法学院', '主题实践、跨社团联动、线上宣传、学期总结', '2022年春季主题活动周；2023年校园联合交流计划；2024年品牌项目‘观澜法治传播社季’', '115人', '每月2次常规活动，每学期1次品牌活动', '微信公众号、QQ群/微信群');
INSERT INTO recruitment_job (id, club_id, club_name, category, title, description, requirement_tags, slots, established_year, org_level, guidance_unit, main_activities, representative_activities, member_size, activity_frequency, publicity_channels) VALUES (217, 2217, '墨林创业研习社协会', '创新创业类', '墨林创业研习社协会核心成员招募', '服务商业计划打磨、路演训练与案例复盘。 社团注重项目化运作与成员梯队培养，兼顾入门体验和品牌活动沉淀。', '[]', 10, '1996', '校级重点社团', '创新创业学院', '专题讲座、技能工作坊、主题交流、成果展示', '2022年春季主题活动周；2023年校园联合交流计划；2024年品牌项目‘墨林创业研习社季’', '124人', '每月2次常规活动，每学期1次品牌活动', '微信公众号、QQ群/微信群');
INSERT INTO recruitment_job (id, club_id, club_name, category, title, description, requirement_tags, slots, established_year, org_level, guidance_unit, main_activities, representative_activities, member_size, activity_frequency, publicity_channels) VALUES (218, 2218, '言蹊国风舞社社', '艺术表演类', '言蹊国风舞社社核心成员招募', '结合古典舞、身韵训练和国风舞台展示。 社团注重项目化运作与成员梯队培养，兼顾入门体验和品牌活动沉淀。', '[]', 10, '1999', '校级社团', '艺术学院', '新生培训、部门例会、校际联动、品牌活动策划', '2022年春季主题活动周；2023年校园联合交流计划；2024年品牌项目‘言蹊国风舞社季’', '133人', '每月2次常规活动，每学期1次品牌活动', '微信公众号、QQ群/微信群');
INSERT INTO recruitment_job (id, club_id, club_name, category, title, description, requirement_tags, slots, established_year, org_level, guidance_unit, main_activities, representative_activities, member_size, activity_frequency, publicity_channels) VALUES (219, 2219, '鸣沙心理互助社研究会', '公益服务类', '鸣沙心理互助社研究会核心成员招募', '开展心理科普、朋辈支持与减压活动。 社团注重项目化运作与成员梯队培养，兼顾入门体验和品牌活动沉淀。', '[]', 10, '2002', '院级精品社团', '校团委', '常规训练、公开招募、成果汇报、志愿协作', '2022年春季主题活动周；2023年校园联合交流计划；2024年品牌项目‘鸣沙心理互助社季’', '142人', '每周或双周服务活动，每学期1次专题月', '微信公众号、QQ群/微信群');
INSERT INTO recruitment_job (id, club_id, club_name, category, title, description, requirement_tags, slots, established_year, org_level, guidance_unit, main_activities, representative_activities, member_size, activity_frequency, publicity_channels) VALUES (220, 2220, '怀远辩策社联盟', '学术思辨类', '怀远辩策社联盟核心成员招募', '组织议题训练、政策辩论与赛会复盘。 社团注重项目化运作与成员梯队培养，兼顾入门体验和品牌活动沉淀。', '[]', 10, '2005', '院级社团', '马克思主义学院', '主题实践、跨社团联动、线上宣传、学期总结', '2022年春季主题活动周；2023年校园联合交流计划；2024年品牌项目‘怀远辩策社季’', '151人', '每周训练，每学期2场公开赛', '微信公众号、QQ群/微信群');
INSERT INTO recruitment_job (id, club_id, club_name, category, title, description, requirement_tags, slots, established_year, org_level, guidance_unit, main_activities, representative_activities, member_size, activity_frequency, publicity_channels) VALUES (221, 2221, '拾光数据实践社协会', '学术科技类', '拾光数据实践社协会核心成员招募', '面向数据分析、可视化与项目实践爱好者。 社团注重项目化运作与成员梯队培养，兼顾入门体验和品牌活动沉淀。', '[]', 10, '2008', '校级重点社团', '计算机学院', '专题讲座、技能工作坊、主题交流、成果展示', '2022年春季主题活动周；2023年校园联合交流计划；2024年品牌项目‘拾光数据实践社季’', '160人', '每周技术例会，每学期1次集训', '微信公众号、技术群、飞书');
INSERT INTO recruitment_job (id, club_id, club_name, category, title, description, requirement_tags, slots, established_year, org_level, guidance_unit, main_activities, representative_activities, member_size, activity_frequency, publicity_channels) VALUES (222, 2222, '凌霄纪录片社社', '艺术传媒类', '凌霄纪录片社社核心成员招募', '开展纪录影像观看、策划拍摄与映后讨论。 社团注重项目化运作与成员梯队培养，兼顾入门体验和品牌活动沉淀。', '[]', 10, '2011', '校级社团', '新闻与传播学院', '新生培训、部门例会、校际联动、品牌活动策划', '2022年春季主题活动周；2023年校园联合交流计划；2024年品牌项目‘凌霄纪录片社季’', '169人', '每周例会，每月1次采风/展映', '微信公众号、视频号、小红书');
INSERT INTO recruitment_job (id, club_id, club_name, category, title, description, requirement_tags, slots, established_year, org_level, guidance_unit, main_activities, representative_activities, member_size, activity_frequency, publicity_channels) VALUES (223, 2223, '未央民谣社研究会', '音乐表演类', '未央民谣社研究会核心成员招募', '以弹唱、原创分享和小型路演为主要形式。 社团注重项目化运作与成员梯队培养，兼顾入门体验和品牌活动沉淀。', '[]', 10, '2014', '院级精品社团', '艺术学院', '常规训练、公开招募、成果汇报、志愿协作', '2022年春季主题活动周；2023年校园联合交流计划；2024年品牌项目‘未央民谣社季’', '178人', '每月2次常规活动，每学期1次品牌活动', '微信公众号、QQ群/微信群');
INSERT INTO recruitment_job (id, club_id, club_name, category, title, description, requirement_tags, slots, established_year, org_level, guidance_unit, main_activities, representative_activities, member_size, activity_frequency, publicity_channels) VALUES (224, 2224, '归舟法治传播社联盟', '学术服务类', '归舟法治传播社联盟核心成员招募', '开展普法宣传、案例讨论与法治主题策划。 社团注重项目化运作与成员梯队培养，兼顾入门体验和品牌活动沉淀。', '[]', 10, '2017', '院级社团', '法学院', '主题实践、跨社团联动、线上宣传、学期总结', '2022年春季主题活动周；2023年校园联合交流计划；2024年品牌项目‘归舟法治传播社季’', '187人', '每月2次常规活动，每学期1次品牌活动', '微信公众号、QQ群/微信群');
INSERT INTO recruitment_job (id, club_id, club_name, category, title, description, requirement_tags, slots, established_year, org_level, guidance_unit, main_activities, representative_activities, member_size, activity_frequency, publicity_channels) VALUES (225, 2225, '星野创业研习社协会', '创新创业类', '星野创业研习社协会核心成员招募', '服务商业计划打磨、路演训练与案例复盘。 社团注重项目化运作与成员梯队培养，兼顾入门体验和品牌活动沉淀。', '[]', 10, '2020', '校级重点社团', '创新创业学院', '专题讲座、技能工作坊、主题交流、成果展示', '2022年春季主题活动周；2023年校园联合交流计划；2024年品牌项目‘星野创业研习社季’', '196人', '每月2次常规活动，每学期1次品牌活动', '微信公众号、QQ群/微信群');
INSERT INTO recruitment_job (id, club_id, club_name, category, title, description, requirement_tags, slots, established_year, org_level, guidance_unit, main_activities, representative_activities, member_size, activity_frequency, publicity_channels) VALUES (226, 2226, '晨曦国风舞社社', '艺术表演类', '晨曦国风舞社社核心成员招募', '结合古典舞、身韵训练和国风舞台展示。 社团注重项目化运作与成员梯队培养，兼顾入门体验和品牌活动沉淀。', '[]', 10, '2023', '校级社团', '艺术学院', '新生培训、部门例会、校际联动、品牌活动策划', '2022年春季主题活动周；2023年校园联合交流计划；2024年品牌项目‘晨曦国风舞社季’', '45人', '每月2次常规活动，每学期1次品牌活动', '微信公众号、QQ群/微信群');
INSERT INTO recruitment_job (id, club_id, club_name, category, title, description, requirement_tags, slots, established_year, org_level, guidance_unit, main_activities, representative_activities, member_size, activity_frequency, publicity_channels) VALUES (227, 2227, '远山模型制作社研究会', '兴趣竞技类', '远山模型制作社研究会核心成员招募', '围绕模型制作、涂装展示和赛事交流。 社团注重项目化运作与成员梯队培养，兼顾入门体验和品牌活动沉淀。', '[]', 10, '1997', '院级精品社团', '工程训练中心', '常规训练、公开招募、成果汇报、志愿协作', '2022年春季主题活动周；2023年校园联合交流计划；2024年品牌项目‘远山模型制作社季’', '54人', '每月2次常规活动，每学期1次品牌活动', 'QQ群/微信群、B站动态');
INSERT INTO recruitment_job (id, club_id, club_name, category, title, description, requirement_tags, slots, established_year, org_level, guidance_unit, main_activities, representative_activities, member_size, activity_frequency, publicity_channels) VALUES (228, 2228, '青禾辩策社联盟', '学术思辨类', '青禾辩策社联盟核心成员招募', '组织议题训练、政策辩论与赛会复盘。 社团注重项目化运作与成员梯队培养，兼顾入门体验和品牌活动沉淀。', '[]', 10, '2000', '院级社团', '马克思主义学院', '主题实践、跨社团联动、线上宣传、学期总结', '2022年春季主题活动周；2023年校园联合交流计划；2024年品牌项目‘青禾辩策社季’', '63人', '每周训练，每学期2场公开赛', '微信公众号、QQ群/微信群');
INSERT INTO recruitment_job (id, club_id, club_name, category, title, description, requirement_tags, slots, established_year, org_level, guidance_unit, main_activities, representative_activities, member_size, activity_frequency, publicity_channels) VALUES (229, 2229, '北辰数据实践社协会', '学术科技类', '北辰数据实践社协会核心成员招募', '面向数据分析、可视化与项目实践爱好者。 社团注重项目化运作与成员梯队培养，兼顾入门体验和品牌活动沉淀。', '[]', 10, '2003', '校级重点社团', '计算机学院', '专题讲座、技能工作坊、主题交流、成果展示', '2022年春季主题活动周；2023年校园联合交流计划；2024年品牌项目‘北辰数据实践社季’', '72人', '每周技术例会，每学期1次集训', '微信公众号、技术群、飞书');
INSERT INTO recruitment_job (id, club_id, club_name, category, title, description, requirement_tags, slots, established_year, org_level, guidance_unit, main_activities, representative_activities, member_size, activity_frequency, publicity_channels) VALUES (230, 2230, '星河纪录片社社', '艺术传媒类', '星河纪录片社社核心成员招募', '开展纪录影像观看、策划拍摄与映后讨论。 社团注重项目化运作与成员梯队培养，兼顾入门体验和品牌活动沉淀。', '[]', 10, '2006', '校级社团', '新闻与传播学院', '新生培训、部门例会、校际联动、品牌活动策划', '2022年春季主题活动周；2023年校园联合交流计划；2024年品牌项目‘星河纪录片社季’', '81人', '每周例会，每月1次采风/展映', '微信公众号、视频号、小红书');
INSERT INTO recruitment_job (id, club_id, club_name, category, title, description, requirement_tags, slots, established_year, org_level, guidance_unit, main_activities, representative_activities, member_size, activity_frequency, publicity_channels) VALUES (231, 2231, '云岚民谣社研究会', '音乐表演类', '云岚民谣社研究会核心成员招募', '以弹唱、原创分享和小型路演为主要形式。 社团注重项目化运作与成员梯队培养，兼顾入门体验和品牌活动沉淀。', '[]', 10, '2009', '院级精品社团', '艺术学院', '常规训练、公开招募、成果汇报、志愿协作', '2022年春季主题活动周；2023年校园联合交流计划；2024年品牌项目‘云岚民谣社季’', '90人', '每月2次常规活动，每学期1次品牌活动', '微信公众号、QQ群/微信群');
INSERT INTO recruitment_job (id, club_id, club_name, category, title, description, requirement_tags, slots, established_year, org_level, guidance_unit, main_activities, representative_activities, member_size, activity_frequency, publicity_channels) VALUES (232, 2232, '听雨法治传播社联盟', '学术服务类', '听雨法治传播社联盟核心成员招募', '开展普法宣传、案例讨论与法治主题策划。 社团注重项目化运作与成员梯队培养，兼顾入门体验和品牌活动沉淀。', '[]', 10, '2012', '院级社团', '法学院', '主题实践、跨社团联动、线上宣传、学期总结', '2022年春季主题活动周；2023年校园联合交流计划；2024年品牌项目‘听雨法治传播社季’', '99人', '每月2次常规活动，每学期1次品牌活动', '微信公众号、QQ群/微信群');
INSERT INTO recruitment_job (id, club_id, club_name, category, title, description, requirement_tags, slots, established_year, org_level, guidance_unit, main_activities, representative_activities, member_size, activity_frequency, publicity_channels) VALUES (233, 2233, '澄明创业研习社协会', '创新创业类', '澄明创业研习社协会核心成员招募', '服务商业计划打磨、路演训练与案例复盘。 社团注重项目化运作与成员梯队培养，兼顾入门体验和品牌活动沉淀。', '[]', 10, '2015', '校级重点社团', '创新创业学院', '专题讲座、技能工作坊、主题交流、成果展示', '2022年春季主题活动周；2023年校园联合交流计划；2024年品牌项目‘澄明创业研习社季’', '108人', '每月2次常规活动，每学期1次品牌活动', '微信公众号、QQ群/微信群');
INSERT INTO recruitment_job (id, club_id, club_name, category, title, description, requirement_tags, slots, established_year, org_level, guidance_unit, main_activities, representative_activities, member_size, activity_frequency, publicity_channels) VALUES (234, 2234, '逐浪游泳社社', '体育运动类', '逐浪游泳社社核心成员招募', '组织泳姿教学、趣味接力与安全知识培训。 社团注重项目化运作与成员梯队培养，兼顾入门体验和品牌活动沉淀。', '[]', 10, '2018', '校级社团', '体育教学部', '新生培训、部门例会、校际联动、品牌活动策划', '2022年春季主题活动周；2023年校园联合交流计划；2024年品牌项目‘逐浪游泳社季’', '117人', '每周2次训练，每学期1次比赛', '微信群、打卡小程序');
INSERT INTO recruitment_job (id, club_id, club_name, category, title, description, requirement_tags, slots, established_year, org_level, guidance_unit, main_activities, representative_activities, member_size, activity_frequency, publicity_channels) VALUES (235, 2235, '明理模型制作社研究会', '兴趣竞技类', '明理模型制作社研究会核心成员招募', '围绕模型制作、涂装展示和赛事交流。 社团注重项目化运作与成员梯队培养，兼顾入门体验和品牌活动沉淀。', '[]', 10, '2021', '院级精品社团', '工程训练中心', '常规训练、公开招募、成果汇报、志愿协作', '2022年春季主题活动周；2023年校园联合交流计划；2024年品牌项目‘明理模型制作社季’', '126人', '每月2次常规活动，每学期1次品牌活动', 'QQ群/微信群、B站动态');
INSERT INTO recruitment_job (id, club_id, club_name, category, title, description, requirement_tags, slots, established_year, org_level, guidance_unit, main_activities, representative_activities, member_size, activity_frequency, publicity_channels) VALUES (236, 2236, '知新辩策社联盟', '学术思辨类', '知新辩策社联盟核心成员招募', '组织议题训练、政策辩论与赛会复盘。 社团注重项目化运作与成员梯队培养，兼顾入门体验和品牌活动沉淀。', '[]', 10, '2024', '院级社团', '马克思主义学院', '主题实践、跨社团联动、线上宣传、学期总结', '2022年春季主题活动周；2023年校园联合交流计划；2024年品牌项目‘知新辩策社季’', '135人', '每周训练，每学期2场公开赛', '微信公众号、QQ群/微信群');
INSERT INTO recruitment_job (id, club_id, club_name, category, title, description, requirement_tags, slots, established_year, org_level, guidance_unit, main_activities, representative_activities, member_size, activity_frequency, publicity_channels) VALUES (237, 2237, '沐光数据实践社协会', '学术科技类', '沐光数据实践社协会核心成员招募', '面向数据分析、可视化与项目实践爱好者。 社团注重项目化运作与成员梯队培养，兼顾入门体验和品牌活动沉淀。', '[]', 10, '1998', '校级重点社团', '计算机学院', '专题讲座、技能工作坊、主题交流、成果展示', '2022年春季主题活动周；2023年校园联合交流计划；2024年品牌项目‘沐光数据实践社季’', '144人', '每周技术例会，每学期1次集训', '微信公众号、技术群、飞书');
INSERT INTO recruitment_job (id, club_id, club_name, category, title, description, requirement_tags, slots, established_year, org_level, guidance_unit, main_activities, representative_activities, member_size, activity_frequency, publicity_channels) VALUES (238, 2238, '长风纪录片社社', '艺术传媒类', '长风纪录片社社核心成员招募', '开展纪录影像观看、策划拍摄与映后讨论。 社团注重项目化运作与成员梯队培养，兼顾入门体验和品牌活动沉淀。', '[]', 10, '2001', '校级社团', '新闻与传播学院', '新生培训、部门例会、校际联动、品牌活动策划', '2022年春季主题活动周；2023年校园联合交流计划；2024年品牌项目‘长风纪录片社季’', '153人', '每周例会，每月1次采风/展映', '微信公众号、视频号、小红书');
INSERT INTO recruitment_job (id, club_id, club_name, category, title, description, requirement_tags, slots, established_year, org_level, guidance_unit, main_activities, representative_activities, member_size, activity_frequency, publicity_channels) VALUES (239, 2239, '栖舟民谣社研究会', '音乐表演类', '栖舟民谣社研究会核心成员招募', '以弹唱、原创分享和小型路演为主要形式。 社团注重项目化运作与成员梯队培养，兼顾入门体验和品牌活动沉淀。', '[]', 10, '2004', '院级精品社团', '艺术学院', '常规训练、公开招募、成果汇报、志愿协作', '2022年春季主题活动周；2023年校园联合交流计划；2024年品牌项目‘栖舟民谣社季’', '162人', '每月2次常规活动，每学期1次品牌活动', '微信公众号、QQ群/微信群');
INSERT INTO recruitment_job (id, club_id, club_name, category, title, description, requirement_tags, slots, established_year, org_level, guidance_unit, main_activities, representative_activities, member_size, activity_frequency, publicity_channels) VALUES (240, 2240, '霁川法治传播社联盟', '学术服务类', '霁川法治传播社联盟核心成员招募', '开展普法宣传、案例讨论与法治主题策划。 社团注重项目化运作与成员梯队培养，兼顾入门体验和品牌活动沉淀。', '[]', 10, '2007', '院级社团', '法学院', '主题实践、跨社团联动、线上宣传、学期总结', '2022年春季主题活动周；2023年校园联合交流计划；2024年品牌项目‘霁川法治传播社季’', '171人', '每月2次常规活动，每学期1次品牌活动', '微信公众号、QQ群/微信群');
INSERT INTO recruitment_job (id, club_id, club_name, category, title, description, requirement_tags, slots, established_year, org_level, guidance_unit, main_activities, representative_activities, member_size, activity_frequency, publicity_channels) VALUES (241, 2241, '观澜国际交流社协会', '国际交流类', '观澜国际交流社协会核心成员招募', '促进中外学生交流与跨文化沟通。 社团注重项目化运作与成员梯队培养，兼顾入门体验和品牌活动沉淀。', '[]', 10, '2010', '校级重点社团', '国际教育学院', '专题讲座、技能工作坊、主题交流、成果展示', '2022年春季主题活动周；2023年校园联合交流计划；2024年品牌项目‘观澜国际交流社季’', '180人', '每月2次常规活动，每学期1次品牌活动', '微信公众号、QQ群/微信群');
INSERT INTO recruitment_job (id, club_id, club_name, category, title, description, requirement_tags, slots, established_year, org_level, guidance_unit, main_activities, representative_activities, member_size, activity_frequency, publicity_channels) VALUES (242, 2242, '墨林游泳社社', '体育运动类', '墨林游泳社社核心成员招募', '组织泳姿教学、趣味接力与安全知识培训。 社团注重项目化运作与成员梯队培养，兼顾入门体验和品牌活动沉淀。', '[]', 10, '2013', '校级社团', '体育教学部', '新生培训、部门例会、校际联动、品牌活动策划', '2022年春季主题活动周；2023年校园联合交流计划；2024年品牌项目‘墨林游泳社季’', '189人', '每周2次训练，每学期1次比赛', '微信群、打卡小程序');
INSERT INTO recruitment_job (id, club_id, club_name, category, title, description, requirement_tags, slots, established_year, org_level, guidance_unit, main_activities, representative_activities, member_size, activity_frequency, publicity_channels) VALUES (243, 2243, '言蹊模型制作社研究会', '兴趣竞技类', '言蹊模型制作社研究会核心成员招募', '围绕模型制作、涂装展示和赛事交流。 社团注重项目化运作与成员梯队培养，兼顾入门体验和品牌活动沉淀。', '[]', 10, '2016', '院级精品社团', '工程训练中心', '常规训练、公开招募、成果汇报、志愿协作', '2022年春季主题活动周；2023年校园联合交流计划；2024年品牌项目‘言蹊模型制作社季’', '198人', '每月2次常规活动，每学期1次品牌活动', 'QQ群/微信群、B站动态');
INSERT INTO recruitment_job (id, club_id, club_name, category, title, description, requirement_tags, slots, established_year, org_level, guidance_unit, main_activities, representative_activities, member_size, activity_frequency, publicity_channels) VALUES (244, 2244, '鸣沙辩策社联盟', '学术思辨类', '鸣沙辩策社联盟核心成员招募', '组织议题训练、政策辩论与赛会复盘。 社团注重项目化运作与成员梯队培养，兼顾入门体验和品牌活动沉淀。', '[]', 10, '2019', '院级社团', '马克思主义学院', '主题实践、跨社团联动、线上宣传、学期总结', '2022年春季主题活动周；2023年校园联合交流计划；2024年品牌项目‘鸣沙辩策社季’', '47人', '每周训练，每学期2场公开赛', '微信公众号、QQ群/微信群');
INSERT INTO recruitment_job (id, club_id, club_name, category, title, description, requirement_tags, slots, established_year, org_level, guidance_unit, main_activities, representative_activities, member_size, activity_frequency, publicity_channels) VALUES (245, 2245, '怀远数据实践社协会', '学术科技类', '怀远数据实践社协会核心成员招募', '面向数据分析、可视化与项目实践爱好者。 社团注重项目化运作与成员梯队培养，兼顾入门体验和品牌活动沉淀。', '[]', 10, '2022', '校级重点社团', '计算机学院', '专题讲座、技能工作坊、主题交流、成果展示', '2022年春季主题活动周；2023年校园联合交流计划；2024年品牌项目‘怀远数据实践社季’', '56人', '每周技术例会，每学期1次集训', '微信公众号、技术群、飞书');
INSERT INTO recruitment_job (id, club_id, club_name, category, title, description, requirement_tags, slots, established_year, org_level, guidance_unit, main_activities, representative_activities, member_size, activity_frequency, publicity_channels) VALUES (246, 2246, '拾光纪录片社社', '艺术传媒类', '拾光纪录片社社核心成员招募', '开展纪录影像观看、策划拍摄与映后讨论。 社团注重项目化运作与成员梯队培养，兼顾入门体验和品牌活动沉淀。', '[]', 10, '1996', '校级社团', '新闻与传播学院', '新生培训、部门例会、校际联动、品牌活动策划', '2022年春季主题活动周；2023年校园联合交流计划；2024年品牌项目‘拾光纪录片社季’', '65人', '每周例会，每月1次采风/展映', '微信公众号、视频号、小红书');
INSERT INTO recruitment_job (id, club_id, club_name, category, title, description, requirement_tags, slots, established_year, org_level, guidance_unit, main_activities, representative_activities, member_size, activity_frequency, publicity_channels) VALUES (247, 2247, '凌霄民谣社研究会', '音乐表演类', '凌霄民谣社研究会核心成员招募', '以弹唱、原创分享和小型路演为主要形式。 社团注重项目化运作与成员梯队培养，兼顾入门体验和品牌活动沉淀。', '[]', 10, '1999', '院级精品社团', '艺术学院', '常规训练、公开招募、成果汇报、志愿协作', '2022年春季主题活动周；2023年校园联合交流计划；2024年品牌项目‘凌霄民谣社季’', '74人', '每月2次常规活动，每学期1次品牌活动', '微信公众号、QQ群/微信群');
INSERT INTO recruitment_job (id, club_id, club_name, category, title, description, requirement_tags, slots, established_year, org_level, guidance_unit, main_activities, representative_activities, member_size, activity_frequency, publicity_channels) VALUES (248, 2248, '未央科幻研究会联盟', '兴趣文化类', '未央科幻研究会联盟核心成员招募', '围绕科幻阅读、影视讨论与未来议题展开交流。 社团注重项目化运作与成员梯队培养，兼顾入门体验和品牌活动沉淀。', '[]', 10, '2002', '院级社团', '通识教育中心', '主题实践、跨社团联动、线上宣传、学期总结', '2022年春季主题活动周；2023年校园联合交流计划；2024年品牌项目‘未央科幻研究会季’', '83人', '每月2次常规活动，每学期1次品牌活动', '微信公众号、QQ群/微信群');
INSERT INTO recruitment_job (id, club_id, club_name, category, title, description, requirement_tags, slots, established_year, org_level, guidance_unit, main_activities, representative_activities, member_size, activity_frequency, publicity_channels) VALUES (249, 2249, '归舟国际交流社协会', '国际交流类', '归舟国际交流社协会核心成员招募', '促进中外学生交流与跨文化沟通。 社团注重项目化运作与成员梯队培养，兼顾入门体验和品牌活动沉淀。', '[]', 10, '2005', '校级重点社团', '国际教育学院', '专题讲座、技能工作坊、主题交流、成果展示', '2022年春季主题活动周；2023年校园联合交流计划；2024年品牌项目‘归舟国际交流社季’', '92人', '每月2次常规活动，每学期1次品牌活动', '微信公众号、QQ群/微信群');
INSERT INTO recruitment_job (id, club_id, club_name, category, title, description, requirement_tags, slots, established_year, org_level, guidance_unit, main_activities, representative_activities, member_size, activity_frequency, publicity_channels) VALUES (250, 2250, '星野游泳社社', '体育运动类', '星野游泳社社核心成员招募', '组织泳姿教学、趣味接力与安全知识培训。 社团注重项目化运作与成员梯队培养，兼顾入门体验和品牌活动沉淀。', '[]', 10, '2008', '校级社团', '体育教学部', '新生培训、部门例会、校际联动、品牌活动策划', '2022年春季主题活动周；2023年校园联合交流计划；2024年品牌项目‘星野游泳社季’', '101人', '每周2次训练，每学期1次比赛', '微信群、打卡小程序');
-- New Students
INSERT INTO sys_user (id, school_email, password) VALUES (1001, 'u20220001', 'Campus@20221073');
INSERT INTO student_resume (user_id, real_name, contact_phone, major, personal_statement, raw_text, structured_data) VALUES (1001, '张可菲', '157221862180', '建筑学', '来自 信息工程学院 2022级 级', 'Imported from V2 dataset', '{"skills": "["编程、音乐、绘画、创业"]"}');
INSERT INTO student_profile (user_id, interest_tags, weekly_free_hours, commitment_level, personality_type) VALUES (1001, '["编程、音乐、绘画、创业"]', 10, 'MED', 'EXPLORER');
INSERT INTO sys_user (id, school_email, password) VALUES (1002, 'u20220002', 'Campus@20221146');
INSERT INTO student_resume (user_id, real_name, contact_phone, major, personal_statement, raw_text, structured_data) VALUES (1002, '曾欣', '176243876274', '数字媒体技术', '来自 新闻传播学院 2022级 级', 'Imported from V2 dataset', '{"skills": "["短视频、旅行、编程、志愿服务"]"}');
INSERT INTO student_profile (user_id, interest_tags, weekly_free_hours, commitment_level, personality_type) VALUES (1002, '["短视频、旅行、编程、志愿服务"]', 10, 'MED', 'EXPLORER');
INSERT INTO sys_user (id, school_email, password) VALUES (1003, 'u20220003', 'Campus@20221219');
INSERT INTO student_resume (user_id, real_name, contact_phone, major, personal_statement, raw_text, structured_data) VALUES (1003, '郭乐', '174587798295', '生物工程', '来自 理学院 2022级 级', 'Imported from V2 dataset', '{"skills": "["阅读、编程、公益、创业"]"}');
INSERT INTO student_profile (user_id, interest_tags, weekly_free_hours, commitment_level, personality_type) VALUES (1003, '["阅读、编程、公益、创业"]', 10, 'MED', 'EXPLORER');
INSERT INTO sys_user (id, school_email, password) VALUES (1004, 'u20220004', 'Campus@20221292');
INSERT INTO student_resume (user_id, real_name, contact_phone, major, personal_statement, raw_text, structured_data) VALUES (1004, '陈明桐', '188976999104', '金融学', '来自 建筑工程学院 2022级 级', 'Imported from V2 dataset', '{"skills": "["羽毛球、公益、志愿服务、摄影"]"}');
INSERT INTO student_profile (user_id, interest_tags, weekly_free_hours, commitment_level, personality_type) VALUES (1004, '["羽毛球、公益、志愿服务、摄影"]', 10, 'MED', 'EXPLORER');
INSERT INTO sys_user (id, school_email, password) VALUES (1005, 'u20220005', 'Campus@20221365');
INSERT INTO student_resume (user_id, real_name, contact_phone, major, personal_statement, raw_text, structured_data) VALUES (1005, '杨清琳', '193120409618', '网络空间安全', '来自 经济管理学院 2022级 级', 'Imported from V2 dataset', '{"skills": "["跑步、阅读、编程、音乐"]"}');
INSERT INTO student_profile (user_id, interest_tags, weekly_free_hours, commitment_level, personality_type) VALUES (1005, '["跑步、阅读、编程、音乐"]', 10, 'MED', 'EXPLORER');
INSERT INTO sys_user (id, school_email, password) VALUES (1006, 'u20220006', 'Campus@20221438');
INSERT INTO student_resume (user_id, real_name, contact_phone, major, personal_statement, raw_text, structured_data) VALUES (1006, '冯乐洋', '156876506178', '土木工程', '来自 理学院 2022级 级', 'Imported from V2 dataset', '{"skills": "["阅读、设计、电影、摄影"]"}');
INSERT INTO student_profile (user_id, interest_tags, weekly_free_hours, commitment_level, personality_type) VALUES (1006, '["阅读、设计、电影、摄影"]', 10, 'MED', 'EXPLORER');
INSERT INTO sys_user (id, school_email, password) VALUES (1007, 'u20220007', 'Campus@20221511');
INSERT INTO student_resume (user_id, real_name, contact_phone, major, personal_statement, raw_text, structured_data) VALUES (1007, '陈博屿', '151386552531', '人工智能', '来自 信息工程学院 2022级 级', 'Imported from V2 dataset', '{"skills": "["编程、公益、摄影、电影"]"}');
INSERT INTO student_profile (user_id, interest_tags, weekly_free_hours, commitment_level, personality_type) VALUES (1007, '["编程、公益、摄影、电影"]', 10, 'MED', 'EXPLORER');
INSERT INTO sys_user (id, school_email, password) VALUES (1008, 'u20220008', 'Campus@20221584');
INSERT INTO student_resume (user_id, real_name, contact_phone, major, personal_statement, raw_text, structured_data) VALUES (1008, '朱泽', '138185926102', '英语', '来自 经济管理学院 2022级 级', 'Imported from V2 dataset', '{"skills": "["创业、音乐、辩论、旅行"]"}');
INSERT INTO student_profile (user_id, interest_tags, weekly_free_hours, commitment_level, personality_type) VALUES (1008, '["创业、音乐、辩论、旅行"]', 10, 'MED', 'EXPLORER');
INSERT INTO sys_user (id, school_email, password) VALUES (1009, 'u20220009', 'Campus@20221657');
INSERT INTO student_resume (user_id, real_name, contact_phone, major, personal_statement, raw_text, structured_data) VALUES (1009, '黄诺璇', '186892763221', '社会学', '来自 教育学院 2022级 级', 'Imported from V2 dataset', '{"skills": "["阅读、公益、电影、创业"]"}');
INSERT INTO student_profile (user_id, interest_tags, weekly_free_hours, commitment_level, personality_type) VALUES (1009, '["阅读、公益、电影、创业"]', 10, 'MED', 'EXPLORER');
INSERT INTO sys_user (id, school_email, password) VALUES (1010, 'u20220010', 'Campus@20221730');
INSERT INTO student_resume (user_id, real_name, contact_phone, major, personal_statement, raw_text, structured_data) VALUES (1010, '胡知', '157324102613', '教育学', '来自 理学院 2022级 级', 'Imported from V2 dataset', '{"skills": "["短视频、设计、辩论、桌游"]"}');
INSERT INTO student_profile (user_id, interest_tags, weekly_free_hours, commitment_level, personality_type) VALUES (1010, '["短视频、设计、辩论、桌游"]', 10, 'MED', 'EXPLORER');
INSERT INTO sys_user (id, school_email, password) VALUES (1011, 'u20220011', 'Campus@20221803');
INSERT INTO student_resume (user_id, real_name, contact_phone, major, personal_statement, raw_text, structured_data) VALUES (1011, '林乐川', '192916959539', '自动化', '来自 社会发展学院 2022级 级', 'Imported from V2 dataset', '{"skills": "["编程、桌游、音乐、公益"]"}');
INSERT INTO student_profile (user_id, interest_tags, weekly_free_hours, commitment_level, personality_type) VALUES (1011, '["编程、桌游、音乐、公益"]', 10, 'MED', 'EXPLORER');
INSERT INTO sys_user (id, school_email, password) VALUES (1012, 'u20220012', 'Campus@20221876');
INSERT INTO student_resume (user_id, real_name, contact_phone, major, personal_statement, raw_text, structured_data) VALUES (1012, '蒋思璇', '183283861195', '信息管理与信息系统', '来自 环境科学学院 2022级 级', 'Imported from V2 dataset', '{"skills": "["编程、辩论、阅读、志愿服务"]"}');
INSERT INTO student_profile (user_id, interest_tags, weekly_free_hours, commitment_level, personality_type) VALUES (1012, '["编程、辩论、阅读、志愿服务"]', 10, 'MED', 'EXPLORER');
INSERT INTO sys_user (id, school_email, password) VALUES (1013, 'u20220013', 'Campus@20221949');
INSERT INTO student_resume (user_id, real_name, contact_phone, major, personal_statement, raw_text, structured_data) VALUES (1013, '罗博涵', '181359727932', '人工智能', '来自 法学院 2022级 级', 'Imported from V2 dataset', '{"skills": "["音乐、创业、设计、短视频"]"}');
INSERT INTO student_profile (user_id, interest_tags, weekly_free_hours, commitment_level, personality_type) VALUES (1013, '["音乐、创业、设计、短视频"]', 10, 'MED', 'EXPLORER');
INSERT INTO sys_user (id, school_email, password) VALUES (1014, 'u20220014', 'Campus@20222022');
INSERT INTO student_resume (user_id, real_name, contact_phone, major, personal_statement, raw_text, structured_data) VALUES (1014, '周思轩', '158429204334', '网络空间安全', '来自 环境科学学院 2022级 级', 'Imported from V2 dataset', '{"skills": "["设计、辩论、音乐、公益"]"}');
INSERT INTO student_profile (user_id, interest_tags, weekly_free_hours, commitment_level, personality_type) VALUES (1014, '["设计、辩论、音乐、公益"]', 10, 'MED', 'EXPLORER');
INSERT INTO sys_user (id, school_email, password) VALUES (1015, 'u20220015', 'Campus@20222095');
INSERT INTO student_resume (user_id, real_name, contact_phone, major, personal_statement, raw_text, structured_data) VALUES (1015, '谢晨禾', '188361234433', '金融学', '来自 新闻传播学院 2022级 级', 'Imported from V2 dataset', '{"skills": "["摄影、桌游、辩论、志愿服务"]"}');
INSERT INTO student_profile (user_id, interest_tags, weekly_free_hours, commitment_level, personality_type) VALUES (1015, '["摄影、桌游、辩论、志愿服务"]', 10, 'MED', 'EXPLORER');
INSERT INTO sys_user (id, school_email, password) VALUES (1016, 'u20220016', 'Campus@20222168');
INSERT INTO student_resume (user_id, real_name, contact_phone, major, personal_statement, raw_text, structured_data) VALUES (1016, '曹浩', '155114582037', '电子信息工程', '来自 建筑工程学院 2022级 级', 'Imported from V2 dataset', '{"skills": "["编程、跑步、公益、旅行"]"}');
INSERT INTO student_profile (user_id, interest_tags, weekly_free_hours, commitment_level, personality_type) VALUES (1016, '["编程、跑步、公益、旅行"]', 10, 'MED', 'EXPLORER');
INSERT INTO sys_user (id, school_email, password) VALUES (1017, 'u20220017', 'Campus@20222241');
INSERT INTO student_resume (user_id, real_name, contact_phone, major, personal_statement, raw_text, structured_data) VALUES (1017, '刘依祺', '179991182947', '市场营销', '来自 环境科学学院 2022级 级', 'Imported from V2 dataset', '{"skills": "["志愿服务、羽毛球、创业、音乐"]"}');
INSERT INTO student_profile (user_id, interest_tags, weekly_free_hours, commitment_level, personality_type) VALUES (1017, '["志愿服务、羽毛球、创业、音乐"]', 10, 'MED', 'EXPLORER');
INSERT INTO sys_user (id, school_email, password) VALUES (1018, 'u20220018', 'Campus@20222314');
INSERT INTO student_resume (user_id, real_name, contact_phone, major, personal_statement, raw_text, structured_data) VALUES (1018, '陈宇', '159198276457', '电子信息工程', '来自 计算机学院 2022级 级', 'Imported from V2 dataset', '{"skills": "["羽毛球、短视频、电影、绘画"]"}');
INSERT INTO student_profile (user_id, interest_tags, weekly_free_hours, commitment_level, personality_type) VALUES (1018, '["羽毛球、短视频、电影、绘画"]', 10, 'MED', 'EXPLORER');
INSERT INTO sys_user (id, school_email, password) VALUES (1019, 'u20220019', 'Campus@20222387');
INSERT INTO student_resume (user_id, real_name, contact_phone, major, personal_statement, raw_text, structured_data) VALUES (1019, '徐意歌', '157275459212', '计算机科学与技术', '来自 计算机学院 2022级 级', 'Imported from V2 dataset', '{"skills": "["音乐、辩论、桌游、短视频"]"}');
INSERT INTO student_profile (user_id, interest_tags, weekly_free_hours, commitment_level, personality_type) VALUES (1019, '["音乐、辩论、桌游、短视频"]', 10, 'MED', 'EXPLORER');
INSERT INTO sys_user (id, school_email, password) VALUES (1020, 'u20220020', 'Campus@20222460');
INSERT INTO student_resume (user_id, real_name, contact_phone, major, personal_statement, raw_text, structured_data) VALUES (1020, '何乐希', '184438034163', '建筑学', '来自 社会发展学院 2022级 级', 'Imported from V2 dataset', '{"skills": "["音乐、公益、电影、绘画"]"}');
INSERT INTO student_profile (user_id, interest_tags, weekly_free_hours, commitment_level, personality_type) VALUES (1020, '["音乐、公益、电影、绘画"]', 10, 'MED', 'EXPLORER');
INSERT INTO sys_user (id, school_email, password) VALUES (1021, 'u20220021', 'Campus@20222533');
INSERT INTO student_resume (user_id, real_name, contact_phone, major, personal_statement, raw_text, structured_data) VALUES (1021, '郑浩航', '139547163223', '信息管理与信息系统', '来自 经济管理学院 2022级 级', 'Imported from V2 dataset', '{"skills": "["创业、辩论、志愿服务、音乐"]"}');
INSERT INTO student_profile (user_id, interest_tags, weekly_free_hours, commitment_level, personality_type) VALUES (1021, '["创业、辩论、志愿服务、音乐"]', 10, 'MED', 'EXPLORER');
INSERT INTO sys_user (id, school_email, password) VALUES (1022, 'u20220022', 'Campus@20222606');
INSERT INTO student_resume (user_id, real_name, contact_phone, major, personal_statement, raw_text, structured_data) VALUES (1022, '何欣宁', '158725891345', '传播学', '来自 计算机学院 2022级 级', 'Imported from V2 dataset', '{"skills": "["羽毛球、公益、音乐、阅读"]"}');
INSERT INTO student_profile (user_id, interest_tags, weekly_free_hours, commitment_level, personality_type) VALUES (1022, '["羽毛球、公益、音乐、阅读"]', 10, 'MED', 'EXPLORER');
INSERT INTO sys_user (id, school_email, password) VALUES (1023, 'u20220023', 'Campus@20222679');
INSERT INTO student_resume (user_id, real_name, contact_phone, major, personal_statement, raw_text, structured_data) VALUES (1023, '蔡柏辰', '137655422910', '计算机科学与技术', '来自 信息工程学院 2022级 级', 'Imported from V2 dataset', '{"skills": "["摄影、桌游、短视频、羽毛球"]"}');
INSERT INTO student_profile (user_id, interest_tags, weekly_free_hours, commitment_level, personality_type) VALUES (1023, '["摄影、桌游、短视频、羽毛球"]', 10, 'MED', 'EXPLORER');
INSERT INTO sys_user (id, school_email, password) VALUES (1024, 'u20220024', 'Campus@20222752');
INSERT INTO student_resume (user_id, real_name, contact_phone, major, personal_statement, raw_text, structured_data) VALUES (1024, '黄意霖', '136823369740', '土木工程', '来自 社会发展学院 2022级 级', 'Imported from V2 dataset', '{"skills": "["设计、创业、羽毛球、跑步"]"}');
INSERT INTO student_profile (user_id, interest_tags, weekly_free_hours, commitment_level, personality_type) VALUES (1024, '["设计、创业、羽毛球、跑步"]', 10, 'MED', 'EXPLORER');
INSERT INTO sys_user (id, school_email, password) VALUES (1025, 'u20220025', 'Campus@20222825');
INSERT INTO student_resume (user_id, real_name, contact_phone, major, personal_statement, raw_text, structured_data) VALUES (1025, '蒋柏辰', '131071784727', '计算机科学与技术', '来自 信息工程学院 2022级 级', 'Imported from V2 dataset', '{"skills": "["旅行、跑步、羽毛球、创业"]"}');
INSERT INTO student_profile (user_id, interest_tags, weekly_free_hours, commitment_level, personality_type) VALUES (1025, '["旅行、跑步、羽毛球、创业"]', 10, 'MED', 'EXPLORER');
INSERT INTO sys_user (id, school_email, password) VALUES (1026, 'u20220026', 'Campus@20222898');
INSERT INTO student_resume (user_id, real_name, contact_phone, major, personal_statement, raw_text, structured_data) VALUES (1026, '林思', '153163069470', '传播学', '来自 社会发展学院 2022级 级', 'Imported from V2 dataset', '{"skills": "["摄影、编程、桌游、阅读"]"}');
INSERT INTO student_profile (user_id, interest_tags, weekly_free_hours, commitment_level, personality_type) VALUES (1026, '["摄影、编程、桌游、阅读"]', 10, 'MED', 'EXPLORER');
INSERT INTO sys_user (id, school_email, password) VALUES (1027, 'u20220027', 'Campus@20222971');
INSERT INTO student_resume (user_id, real_name, contact_phone, major, personal_statement, raw_text, structured_data) VALUES (1027, '马言辰', '139454576056', '法学', '来自 法学院 2022级 级', 'Imported from V2 dataset', '{"skills": "["绘画、公益、辩论、跑步"]"}');
INSERT INTO student_profile (user_id, interest_tags, weekly_free_hours, commitment_level, personality_type) VALUES (1027, '["绘画、公益、辩论、跑步"]', 10, 'MED', 'EXPLORER');
INSERT INTO sys_user (id, school_email, password) VALUES (1028, 'u20220028', 'Campus@20223044');
INSERT INTO student_resume (user_id, real_name, contact_phone, major, personal_statement, raw_text, structured_data) VALUES (1028, '谢星歌', '196754771739', '法学', '来自 法学院 2022级 级', 'Imported from V2 dataset', '{"skills": "["志愿服务、公益、绘画、电影"]"}');
INSERT INTO student_profile (user_id, interest_tags, weekly_free_hours, commitment_level, personality_type) VALUES (1028, '["志愿服务、公益、绘画、电影"]', 10, 'MED', 'EXPLORER');
INSERT INTO sys_user (id, school_email, password) VALUES (1029, 'u20220029', 'Campus@20223117');
INSERT INTO student_resume (user_id, real_name, contact_phone, major, personal_statement, raw_text, structured_data) VALUES (1029, '林依', '186213456011', '国际经济与贸易', '来自 理学院 2022级 级', 'Imported from V2 dataset', '{"skills": "["桌游、志愿服务、绘画、电影"]"}');
INSERT INTO student_profile (user_id, interest_tags, weekly_free_hours, commitment_level, personality_type) VALUES (1029, '["桌游、志愿服务、绘画、电影"]', 10, 'MED', 'EXPLORER');
INSERT INTO sys_user (id, school_email, password) VALUES (1030, 'u20220030', 'Campus@20223190');
INSERT INTO student_resume (user_id, real_name, contact_phone, major, personal_statement, raw_text, structured_data) VALUES (1030, '徐乔朗', '153726286777', '统计学', '来自 法学院 2022级 级', 'Imported from V2 dataset', '{"skills": "["创业、摄影、旅行、桌游"]"}');
INSERT INTO student_profile (user_id, interest_tags, weekly_free_hours, commitment_level, personality_type) VALUES (1030, '["创业、摄影、旅行、桌游"]', 10, 'MED', 'EXPLORER');
INSERT INTO sys_user (id, school_email, password) VALUES (1031, 'u20220031', 'Campus@20223263');
INSERT INTO student_resume (user_id, real_name, contact_phone, major, personal_statement, raw_text, structured_data) VALUES (1031, '胡子远', '179412983583', '机械设计制造及其自动化', '来自 文学院 2022级 级', 'Imported from V2 dataset', '{"skills": "["音乐、桌游、旅行、短视频"]"}');
INSERT INTO student_profile (user_id, interest_tags, weekly_free_hours, commitment_level, personality_type) VALUES (1031, '["音乐、桌游、旅行、短视频"]', 10, 'MED', 'EXPLORER');
INSERT INTO sys_user (id, school_email, password) VALUES (1032, 'u20220032', 'Campus@20223336');
INSERT INTO student_resume (user_id, real_name, contact_phone, major, personal_statement, raw_text, structured_data) VALUES (1032, '孙晨璇', '151479228619', '机械设计制造及其自动化', '来自 理学院 2022级 级', 'Imported from V2 dataset', '{"skills": "["短视频、公益、桌游、羽毛球"]"}');
INSERT INTO student_profile (user_id, interest_tags, weekly_free_hours, commitment_level, personality_type) VALUES (1032, '["短视频、公益、桌游、羽毛球"]', 10, 'MED', 'EXPLORER');
INSERT INTO sys_user (id, school_email, password) VALUES (1033, 'u20220033', 'Campus@20223409');
INSERT INTO student_resume (user_id, real_name, contact_phone, major, personal_statement, raw_text, structured_data) VALUES (1033, '曾亦岚', '132323976721', '传播学', '来自 外国语学院 2022级 级', 'Imported from V2 dataset', '{"skills": "["公益、设计、编程、跑步"]"}');
INSERT INTO student_profile (user_id, interest_tags, weekly_free_hours, commitment_level, personality_type) VALUES (1033, '["公益、设计、编程、跑步"]', 10, 'MED', 'EXPLORER');
INSERT INTO sys_user (id, school_email, password) VALUES (1034, 'u20220034', 'Campus@20223482');
INSERT INTO student_resume (user_id, real_name, contact_phone, major, personal_statement, raw_text, structured_data) VALUES (1034, '蔡书希', '187360648369', '土木工程', '来自 社会发展学院 2022级 级', 'Imported from V2 dataset', '{"skills": "["电影、志愿服务、桌游、阅读"]"}');
INSERT INTO student_profile (user_id, interest_tags, weekly_free_hours, commitment_level, personality_type) VALUES (1034, '["电影、志愿服务、桌游、阅读"]', 10, 'MED', 'EXPLORER');
INSERT INTO sys_user (id, school_email, password) VALUES (1035, 'u20220035', 'Campus@20223555');
INSERT INTO student_resume (user_id, real_name, contact_phone, major, personal_statement, raw_text, structured_data) VALUES (1035, '何乔昊', '181856545389', '英语', '来自 经济管理学院 2022级 级', 'Imported from V2 dataset', '{"skills": "["旅行、短视频、编程、音乐"]"}');
INSERT INTO student_profile (user_id, interest_tags, weekly_free_hours, commitment_level, personality_type) VALUES (1035, '["旅行、短视频、编程、音乐"]', 10, 'MED', 'EXPLORER');
INSERT INTO sys_user (id, school_email, password) VALUES (1036, 'u20220036', 'Campus@20223628');
INSERT INTO student_resume (user_id, real_name, contact_phone, major, personal_statement, raw_text, structured_data) VALUES (1036, '韩亦沫', '154754804123', '信息管理与信息系统', '来自 新闻传播学院 2022级 级', 'Imported from V2 dataset', '{"skills": "["短视频、电影、辩论、桌游"]"}');
INSERT INTO student_profile (user_id, interest_tags, weekly_free_hours, commitment_level, personality_type) VALUES (1036, '["短视频、电影、辩论、桌游"]', 10, 'MED', 'EXPLORER');
INSERT INTO sys_user (id, school_email, password) VALUES (1037, 'u20220037', 'Campus@20223701');
INSERT INTO student_resume (user_id, real_name, contact_phone, major, personal_statement, raw_text, structured_data) VALUES (1037, '田一昊', '197098117313', '社会学', '来自 经济管理学院 2022级 级', 'Imported from V2 dataset', '{"skills": "["跑步、阅读、绘画、志愿服务"]"}');
INSERT INTO student_profile (user_id, interest_tags, weekly_free_hours, commitment_level, personality_type) VALUES (1037, '["跑步、阅读、绘画、志愿服务"]', 10, 'MED', 'EXPLORER');
INSERT INTO sys_user (id, school_email, password) VALUES (1038, 'u20220038', 'Campus@20223774');
INSERT INTO student_resume (user_id, real_name, contact_phone, major, personal_statement, raw_text, structured_data) VALUES (1038, '潘泽瑶', '191533523033', '工商管理', '来自 新闻传播学院 2022级 级', 'Imported from V2 dataset', '{"skills": "["编程、辩论、志愿服务、旅行"]"}');
INSERT INTO student_profile (user_id, interest_tags, weekly_free_hours, commitment_level, personality_type) VALUES (1038, '["编程、辩论、志愿服务、旅行"]', 10, 'MED', 'EXPLORER');
INSERT INTO sys_user (id, school_email, password) VALUES (1039, 'u20220039', 'Campus@20223847');
INSERT INTO student_resume (user_id, real_name, contact_phone, major, personal_statement, raw_text, structured_data) VALUES (1039, '杨博', '182817239729', '工商管理', '来自 理学院 2022级 级', 'Imported from V2 dataset', '{"skills": "["志愿服务、电影、旅行、摄影"]"}');
INSERT INTO student_profile (user_id, interest_tags, weekly_free_hours, commitment_level, personality_type) VALUES (1039, '["志愿服务、电影、旅行、摄影"]', 10, 'MED', 'EXPLORER');
INSERT INTO sys_user (id, school_email, password) VALUES (1040, 'u20220040', 'Campus@20223920');
INSERT INTO student_resume (user_id, real_name, contact_phone, major, personal_statement, raw_text, structured_data) VALUES (1040, '吴亦远', '151656543958', '传播学', '来自 建筑工程学院 2022级 级', 'Imported from V2 dataset', '{"skills": "["短视频、编程、摄影、跑步"]"}');
INSERT INTO student_profile (user_id, interest_tags, weekly_free_hours, commitment_level, personality_type) VALUES (1040, '["短视频、编程、摄影、跑步"]', 10, 'MED', 'EXPLORER');
INSERT INTO sys_user (id, school_email, password) VALUES (1041, 'u20220041', 'Campus@20223993');
INSERT INTO student_resume (user_id, real_name, contact_phone, major, personal_statement, raw_text, structured_data) VALUES (1041, '黄知言', '132037115903', '自动化', '来自 经济管理学院 2022级 级', 'Imported from V2 dataset', '{"skills": "["短视频、音乐、阅读、创业"]"}');
INSERT INTO student_profile (user_id, interest_tags, weekly_free_hours, commitment_level, personality_type) VALUES (1041, '["短视频、音乐、阅读、创业"]', 10, 'MED', 'EXPLORER');
INSERT INTO sys_user (id, school_email, password) VALUES (1042, 'u20220042', 'Campus@20224066');
INSERT INTO student_resume (user_id, real_name, contact_phone, major, personal_statement, raw_text, structured_data) VALUES (1042, '彭嘉航', '173583775666', '数据科学与大数据技术', '来自 社会发展学院 2022级 级', 'Imported from V2 dataset', '{"skills": "["电影、旅行、绘画、摄影"]"}');
INSERT INTO student_profile (user_id, interest_tags, weekly_free_hours, commitment_level, personality_type) VALUES (1042, '["电影、旅行、绘画、摄影"]', 10, 'MED', 'EXPLORER');
INSERT INTO sys_user (id, school_email, password) VALUES (1043, 'u20220043', 'Campus@20224139');
INSERT INTO student_resume (user_id, real_name, contact_phone, major, personal_statement, raw_text, structured_data) VALUES (1043, '唐一朗', '182425966891', '生物工程', '来自 社会发展学院 2022级 级', 'Imported from V2 dataset', '{"skills": "["设计、跑步、辩论、羽毛球"]"}');
INSERT INTO student_profile (user_id, interest_tags, weekly_free_hours, commitment_level, personality_type) VALUES (1043, '["设计、跑步、辩论、羽毛球"]', 10, 'MED', 'EXPLORER');
INSERT INTO sys_user (id, school_email, password) VALUES (1044, 'u20220044', 'Campus@20224212');
INSERT INTO student_resume (user_id, real_name, contact_phone, major, personal_statement, raw_text, structured_data) VALUES (1044, '郑启彤', '184590564575', '数学与应用数学', '来自 新闻传播学院 2022级 级', 'Imported from V2 dataset', '{"skills": "["辩论、志愿服务、羽毛球、摄影"]"}');
INSERT INTO student_profile (user_id, interest_tags, weekly_free_hours, commitment_level, personality_type) VALUES (1044, '["辩论、志愿服务、羽毛球、摄影"]', 10, 'MED', 'EXPLORER');
INSERT INTO sys_user (id, school_email, password) VALUES (1045, 'u20220045', 'Campus@20224285');
INSERT INTO student_resume (user_id, real_name, contact_phone, major, personal_statement, raw_text, structured_data) VALUES (1045, '郭诺', '176782664282', '信息管理与信息系统', '来自 理学院 2022级 级', 'Imported from V2 dataset', '{"skills": "["绘画、阅读、跑步、摄影"]"}');
INSERT INTO student_profile (user_id, interest_tags, weekly_free_hours, commitment_level, personality_type) VALUES (1045, '["绘画、阅读、跑步、摄影"]', 10, 'MED', 'EXPLORER');
INSERT INTO sys_user (id, school_email, password) VALUES (1046, 'u20220046', 'Campus@20224358');
INSERT INTO student_resume (user_id, real_name, contact_phone, major, personal_statement, raw_text, structured_data) VALUES (1046, '曹星', '152950955527', '市场营销', '来自 外国语学院 2022级 级', 'Imported from V2 dataset', '{"skills": "["阅读、公益、旅行、音乐"]"}');
INSERT INTO student_profile (user_id, interest_tags, weekly_free_hours, commitment_level, personality_type) VALUES (1046, '["阅读、公益、旅行、音乐"]', 10, 'MED', 'EXPLORER');
INSERT INTO sys_user (id, school_email, password) VALUES (1047, 'u20220047', 'Campus@20224431');
INSERT INTO student_resume (user_id, real_name, contact_phone, major, personal_statement, raw_text, structured_data) VALUES (1047, '梁亦', '137383797277', '教育学', '来自 环境科学学院 2022级 级', 'Imported from V2 dataset', '{"skills": "["志愿服务、创业、公益、桌游"]"}');
INSERT INTO student_profile (user_id, interest_tags, weekly_free_hours, commitment_level, personality_type) VALUES (1047, '["志愿服务、创业、公益、桌游"]', 10, 'MED', 'EXPLORER');
INSERT INTO sys_user (id, school_email, password) VALUES (1048, 'u20220048', 'Campus@20224504');
INSERT INTO student_resume (user_id, real_name, contact_phone, major, personal_statement, raw_text, structured_data) VALUES (1048, '王南霖', '183538005693', '历史学', '来自 外国语学院 2022级 级', 'Imported from V2 dataset', '{"skills": "["志愿服务、短视频、摄影、公益"]"}');
INSERT INTO student_profile (user_id, interest_tags, weekly_free_hours, commitment_level, personality_type) VALUES (1048, '["志愿服务、短视频、摄影、公益"]', 10, 'MED', 'EXPLORER');
INSERT INTO sys_user (id, school_email, password) VALUES (1049, 'u20220049', 'Campus@20224577');
INSERT INTO student_resume (user_id, real_name, contact_phone, major, personal_statement, raw_text, structured_data) VALUES (1049, '梁思熙', '186817711431', '生物工程', '来自 新闻传播学院 2022级 级', 'Imported from V2 dataset', '{"skills": "["旅行、摄影、编程、设计"]"}');
INSERT INTO student_profile (user_id, interest_tags, weekly_free_hours, commitment_level, personality_type) VALUES (1049, '["旅行、摄影、编程、设计"]', 10, 'MED', 'EXPLORER');
INSERT INTO sys_user (id, school_email, password) VALUES (1050, 'u20220050', 'Campus@20224650');
INSERT INTO student_resume (user_id, real_name, contact_phone, major, personal_statement, raw_text, structured_data) VALUES (1050, '黄明辰', '159340849623', '历史学', '来自 信息工程学院 2022级 级', 'Imported from V2 dataset', '{"skills": "["短视频、羽毛球、电影、编程"]"}');
INSERT INTO student_profile (user_id, interest_tags, weekly_free_hours, commitment_level, personality_type) VALUES (1050, '["短视频、羽毛球、电影、编程"]', 10, 'MED', 'EXPLORER');
INSERT INTO sys_user (id, school_email, password) VALUES (1051, 'u20220051', 'Campus@20224723');
INSERT INTO student_resume (user_id, real_name, contact_phone, major, personal_statement, raw_text, structured_data) VALUES (1051, '董佳宁', '191462904389', '工商管理', '来自 教育学院 2022级 级', 'Imported from V2 dataset', '{"skills": "["摄影、羽毛球、绘画、旅行"]"}');
INSERT INTO student_profile (user_id, interest_tags, weekly_free_hours, commitment_level, personality_type) VALUES (1051, '["摄影、羽毛球、绘画、旅行"]', 10, 'MED', 'EXPLORER');
INSERT INTO sys_user (id, school_email, password) VALUES (1052, 'u20220052', 'Campus@20224796');
INSERT INTO student_resume (user_id, real_name, contact_phone, major, personal_statement, raw_text, structured_data) VALUES (1052, '韩宁宁', '182255349209', '信息管理与信息系统', '来自 经济管理学院 2022级 级', 'Imported from V2 dataset', '{"skills": "["辩论、跑步、阅读、桌游"]"}');
INSERT INTO student_profile (user_id, interest_tags, weekly_free_hours, commitment_level, personality_type) VALUES (1052, '["辩论、跑步、阅读、桌游"]', 10, 'MED', 'EXPLORER');
INSERT INTO sys_user (id, school_email, password) VALUES (1053, 'u20220053', 'Campus@20224869');
INSERT INTO student_resume (user_id, real_name, contact_phone, major, personal_statement, raw_text, structured_data) VALUES (1053, '曾安', '156352972521', '网络空间安全', '来自 文学院 2022级 级', 'Imported from V2 dataset', '{"skills": "["公益、短视频、绘画、阅读"]"}');
INSERT INTO student_profile (user_id, interest_tags, weekly_free_hours, commitment_level, personality_type) VALUES (1053, '["公益、短视频、绘画、阅读"]', 10, 'MED', 'EXPLORER');
INSERT INTO sys_user (id, school_email, password) VALUES (1054, 'u20220054', 'Campus@20224942');
INSERT INTO student_resume (user_id, real_name, contact_phone, major, personal_statement, raw_text, structured_data) VALUES (1054, '许卓', '194049862238', '传播学', '来自 信息工程学院 2022级 级', 'Imported from V2 dataset', '{"skills": "["绘画、电影、设计、摄影"]"}');
INSERT INTO student_profile (user_id, interest_tags, weekly_free_hours, commitment_level, personality_type) VALUES (1054, '["绘画、电影、设计、摄影"]', 10, 'MED', 'EXPLORER');
INSERT INTO sys_user (id, school_email, password) VALUES (1055, 'u20220055', 'Campus@20225015');
INSERT INTO student_resume (user_id, real_name, contact_phone, major, personal_statement, raw_text, structured_data) VALUES (1055, '赵泽璇', '134687071824', '新闻学', '来自 法学院 2022级 级', 'Imported from V2 dataset', '{"skills": "["音乐、创业、桌游、阅读"]"}');
INSERT INTO student_profile (user_id, interest_tags, weekly_free_hours, commitment_level, personality_type) VALUES (1055, '["音乐、创业、桌游、阅读"]', 10, 'MED', 'EXPLORER');
INSERT INTO sys_user (id, school_email, password) VALUES (1056, 'u20220056', 'Campus@20225088');
INSERT INTO student_resume (user_id, real_name, contact_phone, major, personal_statement, raw_text, structured_data) VALUES (1056, '胡明洋', '139798751172', '法学', '来自 信息工程学院 2022级 级', 'Imported from V2 dataset', '{"skills": "["电影、创业、志愿服务、桌游"]"}');
INSERT INTO student_profile (user_id, interest_tags, weekly_free_hours, commitment_level, personality_type) VALUES (1056, '["电影、创业、志愿服务、桌游"]', 10, 'MED', 'EXPLORER');
INSERT INTO sys_user (id, school_email, password) VALUES (1057, 'u20220057', 'Campus@20225161');
INSERT INTO student_resume (user_id, real_name, contact_phone, major, personal_statement, raw_text, structured_data) VALUES (1057, '梁意涵', '171515982417', '英语', '来自 计算机学院 2022级 级', 'Imported from V2 dataset', '{"skills": "["电影、辩论、旅行、音乐"]"}');
INSERT INTO student_profile (user_id, interest_tags, weekly_free_hours, commitment_level, personality_type) VALUES (1057, '["电影、辩论、旅行、音乐"]', 10, 'MED', 'EXPLORER');
INSERT INTO sys_user (id, school_email, password) VALUES (1058, 'u20220058', 'Campus@20225234');
INSERT INTO student_resume (user_id, real_name, contact_phone, major, personal_statement, raw_text, structured_data) VALUES (1058, '徐宇沫', '174630891675', '数字媒体技术', '来自 社会发展学院 2022级 级', 'Imported from V2 dataset', '{"skills": "["设计、桌游、摄影、电影"]"}');
INSERT INTO student_profile (user_id, interest_tags, weekly_free_hours, commitment_level, personality_type) VALUES (1058, '["设计、桌游、摄影、电影"]', 10, 'MED', 'EXPLORER');
INSERT INTO sys_user (id, school_email, password) VALUES (1059, 'u20220059', 'Campus@20225307');
INSERT INTO student_resume (user_id, real_name, contact_phone, major, personal_statement, raw_text, structured_data) VALUES (1059, '吴晨川', '155386914938', '机械设计制造及其自动化', '来自 环境科学学院 2022级 级', 'Imported from V2 dataset', '{"skills": "["公益、电影、设计、编程"]"}');
INSERT INTO student_profile (user_id, interest_tags, weekly_free_hours, commitment_level, personality_type) VALUES (1059, '["公益、电影、设计、编程"]', 10, 'MED', 'EXPLORER');
INSERT INTO sys_user (id, school_email, password) VALUES (1060, 'u20220060', 'Campus@20225380');
INSERT INTO student_resume (user_id, real_name, contact_phone, major, personal_statement, raw_text, structured_data) VALUES (1060, '蔡欣沫', '178457469703', '人工智能', '来自 文学院 2022级 级', 'Imported from V2 dataset', '{"skills": "["音乐、设计、辩论、公益"]"}');
INSERT INTO student_profile (user_id, interest_tags, weekly_free_hours, commitment_level, personality_type) VALUES (1060, '["音乐、设计、辩论、公益"]', 10, 'MED', 'EXPLORER');
INSERT INTO sys_user (id, school_email, password) VALUES (1061, 'u20220061', 'Campus@20225453');
INSERT INTO student_resume (user_id, real_name, contact_phone, major, personal_statement, raw_text, structured_data) VALUES (1061, '宋天霖', '135163213363', '人工智能', '来自 经济管理学院 2022级 级', 'Imported from V2 dataset', '{"skills": "["跑步、志愿服务、公益、音乐"]"}');
INSERT INTO student_profile (user_id, interest_tags, weekly_free_hours, commitment_level, personality_type) VALUES (1061, '["跑步、志愿服务、公益、音乐"]', 10, 'MED', 'EXPLORER');
INSERT INTO sys_user (id, school_email, password) VALUES (1062, 'u20220062', 'Campus@20225526');
INSERT INTO student_resume (user_id, real_name, contact_phone, major, personal_statement, raw_text, structured_data) VALUES (1062, '冯宇希', '138372541015', '环境工程', '来自 建筑工程学院 2022级 级', 'Imported from V2 dataset', '{"skills": "["公益、编程、跑步、摄影"]"}');
INSERT INTO student_profile (user_id, interest_tags, weekly_free_hours, commitment_level, personality_type) VALUES (1062, '["公益、编程、跑步、摄影"]', 10, 'MED', 'EXPLORER');
INSERT INTO sys_user (id, school_email, password) VALUES (1063, 'u20220063', 'Campus@20225599');
INSERT INTO student_resume (user_id, real_name, contact_phone, major, personal_statement, raw_text, structured_data) VALUES (1063, '田睿悦', '197427893766', '建筑学', '来自 文学院 2022级 级', 'Imported from V2 dataset', '{"skills": "["设计、绘画、桌游、摄影"]"}');
INSERT INTO student_profile (user_id, interest_tags, weekly_free_hours, commitment_level, personality_type) VALUES (1063, '["设计、绘画、桌游、摄影"]', 10, 'MED', 'EXPLORER');
INSERT INTO sys_user (id, school_email, password) VALUES (1064, 'u20220064', 'Campus@20225672');
INSERT INTO student_resume (user_id, real_name, contact_phone, major, personal_statement, raw_text, structured_data) VALUES (1064, '马宇', '193993838022', '统计学', '来自 环境科学学院 2022级 级', 'Imported from V2 dataset', '{"skills": "["摄影、羽毛球、桌游、设计"]"}');
INSERT INTO student_profile (user_id, interest_tags, weekly_free_hours, commitment_level, personality_type) VALUES (1064, '["摄影、羽毛球、桌游、设计"]', 10, 'MED', 'EXPLORER');
INSERT INTO sys_user (id, school_email, password) VALUES (1065, 'u20220065', 'Campus@20225745');
INSERT INTO student_resume (user_id, real_name, contact_phone, major, personal_statement, raw_text, structured_data) VALUES (1065, '唐天珂', '158689856080', '机械设计制造及其自动化', '来自 外国语学院 2022级 级', 'Imported from V2 dataset', '{"skills": "["绘画、志愿服务、短视频、桌游"]"}');
INSERT INTO student_profile (user_id, interest_tags, weekly_free_hours, commitment_level, personality_type) VALUES (1065, '["绘画、志愿服务、短视频、桌游"]', 10, 'MED', 'EXPLORER');
INSERT INTO sys_user (id, school_email, password) VALUES (1066, 'u20220066', 'Campus@20225818');
INSERT INTO student_resume (user_id, real_name, contact_phone, major, personal_statement, raw_text, structured_data) VALUES (1066, '孙一', '158489893988', '数字媒体技术', '来自 计算机学院 2022级 级', 'Imported from V2 dataset', '{"skills": "["桌游、阅读、公益、音乐"]"}');
INSERT INTO student_profile (user_id, interest_tags, weekly_free_hours, commitment_level, personality_type) VALUES (1066, '["桌游、阅读、公益、音乐"]', 10, 'MED', 'EXPLORER');
INSERT INTO sys_user (id, school_email, password) VALUES (1067, 'u20220067', 'Campus@20225891');
INSERT INTO student_resume (user_id, real_name, contact_phone, major, personal_statement, raw_text, structured_data) VALUES (1067, '孙怡', '176450944647', '环境工程', '来自 文学院 2022级 级', 'Imported from V2 dataset', '{"skills": "["短视频、辩论、编程、志愿服务"]"}');
INSERT INTO student_profile (user_id, interest_tags, weekly_free_hours, commitment_level, personality_type) VALUES (1067, '["短视频、辩论、编程、志愿服务"]', 10, 'MED', 'EXPLORER');
INSERT INTO sys_user (id, school_email, password) VALUES (1068, 'u20220068', 'Campus@20225964');
INSERT INTO student_resume (user_id, real_name, contact_phone, major, personal_statement, raw_text, structured_data) VALUES (1068, '韩柏霖', '132050442472', '软件工程', '来自 计算机学院 2022级 级', 'Imported from V2 dataset', '{"skills": "["跑步、短视频、创业、志愿服务"]"}');
INSERT INTO student_profile (user_id, interest_tags, weekly_free_hours, commitment_level, personality_type) VALUES (1068, '["跑步、短视频、创业、志愿服务"]', 10, 'MED', 'EXPLORER');
INSERT INTO sys_user (id, school_email, password) VALUES (1069, 'u20220069', 'Campus@20226037');
INSERT INTO student_resume (user_id, real_name, contact_phone, major, personal_statement, raw_text, structured_data) VALUES (1069, '林书妍', '173271206111', '信息管理与信息系统', '来自 建筑工程学院 2022级 级', 'Imported from V2 dataset', '{"skills": "["创业、羽毛球、摄影、设计"]"}');
INSERT INTO student_profile (user_id, interest_tags, weekly_free_hours, commitment_level, personality_type) VALUES (1069, '["创业、羽毛球、摄影、设计"]', 10, 'MED', 'EXPLORER');
INSERT INTO sys_user (id, school_email, password) VALUES (1070, 'u20220070', 'Campus@20226110');
INSERT INTO student_resume (user_id, real_name, contact_phone, major, personal_statement, raw_text, structured_data) VALUES (1070, '朱博', '174353513563', '统计学', '来自 新闻传播学院 2022级 级', 'Imported from V2 dataset', '{"skills": "["编程、公益、创业、旅行"]"}');
INSERT INTO student_profile (user_id, interest_tags, weekly_free_hours, commitment_level, personality_type) VALUES (1070, '["编程、公益、创业、旅行"]', 10, 'MED', 'EXPLORER');
INSERT INTO sys_user (id, school_email, password) VALUES (1071, 'u20220071', 'Campus@20226183');
INSERT INTO student_resume (user_id, real_name, contact_phone, major, personal_statement, raw_text, structured_data) VALUES (1071, '吴启宁', '196666448399', '计算机科学与技术', '来自 信息工程学院 2022级 级', 'Imported from V2 dataset', '{"skills": "["短视频、志愿服务、音乐、阅读"]"}');
INSERT INTO student_profile (user_id, interest_tags, weekly_free_hours, commitment_level, personality_type) VALUES (1071, '["短视频、志愿服务、音乐、阅读"]', 10, 'MED', 'EXPLORER');
INSERT INTO sys_user (id, school_email, password) VALUES (1072, 'u20220072', 'Campus@20226256');
INSERT INTO student_resume (user_id, real_name, contact_phone, major, personal_statement, raw_text, structured_data) VALUES (1072, '曾书婷', '131147739023', '心理学', '来自 计算机学院 2022级 级', 'Imported from V2 dataset', '{"skills": "["羽毛球、电影、阅读、摄影"]"}');
INSERT INTO student_profile (user_id, interest_tags, weekly_free_hours, commitment_level, personality_type) VALUES (1072, '["羽毛球、电影、阅读、摄影"]', 10, 'MED', 'EXPLORER');
INSERT INTO sys_user (id, school_email, password) VALUES (1073, 'u20220073', 'Campus@20226329');
INSERT INTO student_resume (user_id, real_name, contact_phone, major, personal_statement, raw_text, structured_data) VALUES (1073, '徐宁珂', '199286752301', '生物工程', '来自 建筑工程学院 2022级 级', 'Imported from V2 dataset', '{"skills": "["创业、羽毛球、摄影、音乐"]"}');
INSERT INTO student_profile (user_id, interest_tags, weekly_free_hours, commitment_level, personality_type) VALUES (1073, '["创业、羽毛球、摄影、音乐"]', 10, 'MED', 'EXPLORER');
INSERT INTO sys_user (id, school_email, password) VALUES (1074, 'u20220074', 'Campus@20226402');
INSERT INTO student_resume (user_id, real_name, contact_phone, major, personal_statement, raw_text, structured_data) VALUES (1074, '孙若洋', '135685841329', '网络空间安全', '来自 法学院 2022级 级', 'Imported from V2 dataset', '{"skills": "["跑步、羽毛球、编程、辩论"]"}');
INSERT INTO student_profile (user_id, interest_tags, weekly_free_hours, commitment_level, personality_type) VALUES (1074, '["跑步、羽毛球、编程、辩论"]', 10, 'MED', 'EXPLORER');
INSERT INTO sys_user (id, school_email, password) VALUES (1075, 'u20220075', 'Campus@20226475');
INSERT INTO student_resume (user_id, real_name, contact_phone, major, personal_statement, raw_text, structured_data) VALUES (1075, '何可', '176944432491', '英语', '来自 经济管理学院 2022级 级', 'Imported from V2 dataset', '{"skills": "["电影、公益、阅读、辩论"]"}');
INSERT INTO student_profile (user_id, interest_tags, weekly_free_hours, commitment_level, personality_type) VALUES (1075, '["电影、公益、阅读、辩论"]', 10, 'MED', 'EXPLORER');
INSERT INTO sys_user (id, school_email, password) VALUES (1076, 'u20220076', 'Campus@20226548');
INSERT INTO student_resume (user_id, real_name, contact_phone, major, personal_statement, raw_text, structured_data) VALUES (1076, '马清', '139183659321', '法学', '来自 计算机学院 2022级 级', 'Imported from V2 dataset', '{"skills": "["桌游、阅读、摄影、设计"]"}');
INSERT INTO student_profile (user_id, interest_tags, weekly_free_hours, commitment_level, personality_type) VALUES (1076, '["桌游、阅读、摄影、设计"]', 10, 'MED', 'EXPLORER');
INSERT INTO sys_user (id, school_email, password) VALUES (1077, 'u20220077', 'Campus@20226621');
INSERT INTO student_resume (user_id, real_name, contact_phone, major, personal_statement, raw_text, structured_data) VALUES (1077, '胡宇轩', '173379672198', '环境工程', '来自 建筑工程学院 2022级 级', 'Imported from V2 dataset', '{"skills": "["音乐、旅行、羽毛球、编程"]"}');
INSERT INTO student_profile (user_id, interest_tags, weekly_free_hours, commitment_level, personality_type) VALUES (1077, '["音乐、旅行、羽毛球、编程"]', 10, 'MED', 'EXPLORER');
INSERT INTO sys_user (id, school_email, password) VALUES (1078, 'u20220078', 'Campus@20226694');
INSERT INTO student_resume (user_id, real_name, contact_phone, major, personal_statement, raw_text, structured_data) VALUES (1078, '曾文', '152890073888', '心理学', '来自 新闻传播学院 2022级 级', 'Imported from V2 dataset', '{"skills": "["摄影、电影、桌游、音乐"]"}');
INSERT INTO student_profile (user_id, interest_tags, weekly_free_hours, commitment_level, personality_type) VALUES (1078, '["摄影、电影、桌游、音乐"]', 10, 'MED', 'EXPLORER');
INSERT INTO sys_user (id, school_email, password) VALUES (1079, 'u20220079', 'Campus@20226767');
INSERT INTO student_resume (user_id, real_name, contact_phone, major, personal_statement, raw_text, structured_data) VALUES (1079, '曾思', '157640513410', '心理学', '来自 法学院 2022级 级', 'Imported from V2 dataset', '{"skills": "["短视频、创业、旅行、阅读"]"}');
INSERT INTO student_profile (user_id, interest_tags, weekly_free_hours, commitment_level, personality_type) VALUES (1079, '["短视频、创业、旅行、阅读"]', 10, 'MED', 'EXPLORER');
INSERT INTO sys_user (id, school_email, password) VALUES (1080, 'u20220080', 'Campus@20226840');
INSERT INTO student_resume (user_id, real_name, contact_phone, major, personal_statement, raw_text, structured_data) VALUES (1080, '陈欣涵', '198359744053', '建筑学', '来自 经济管理学院 2022级 级', 'Imported from V2 dataset', '{"skills": "["摄影、编程、公益、音乐"]"}');
INSERT INTO student_profile (user_id, interest_tags, weekly_free_hours, commitment_level, personality_type) VALUES (1080, '["摄影、编程、公益、音乐"]', 10, 'MED', 'EXPLORER');
INSERT INTO sys_user (id, school_email, password) VALUES (1081, 'u20220081', 'Campus@20226913');
INSERT INTO student_resume (user_id, real_name, contact_phone, major, personal_statement, raw_text, structured_data) VALUES (1081, '田书霏', '194244552761', '教育学', '来自 环境科学学院 2022级 级', 'Imported from V2 dataset', '{"skills": "["跑步、设计、羽毛球、电影"]"}');
INSERT INTO student_profile (user_id, interest_tags, weekly_free_hours, commitment_level, personality_type) VALUES (1081, '["跑步、设计、羽毛球、电影"]', 10, 'MED', 'EXPLORER');
INSERT INTO sys_user (id, school_email, password) VALUES (1082, 'u20220082', 'Campus@20226986');
INSERT INTO student_resume (user_id, real_name, contact_phone, major, personal_statement, raw_text, structured_data) VALUES (1082, '萧安涵', '171291691394', '自动化', '来自 信息工程学院 2022级 级', 'Imported from V2 dataset', '{"skills": "["跑步、旅行、绘画、桌游"]"}');
INSERT INTO student_profile (user_id, interest_tags, weekly_free_hours, commitment_level, personality_type) VALUES (1082, '["跑步、旅行、绘画、桌游"]', 10, 'MED', 'EXPLORER');
INSERT INTO sys_user (id, school_email, password) VALUES (1083, 'u20220083', 'Campus@20227059');
INSERT INTO student_resume (user_id, real_name, contact_phone, major, personal_statement, raw_text, structured_data) VALUES (1083, '胡柏', '171795799987', '计算机科学与技术', '来自 经济管理学院 2022级 级', 'Imported from V2 dataset', '{"skills": "["短视频、创业、旅行、羽毛球"]"}');
INSERT INTO student_profile (user_id, interest_tags, weekly_free_hours, commitment_level, personality_type) VALUES (1083, '["短视频、创业、旅行、羽毛球"]', 10, 'MED', 'EXPLORER');
INSERT INTO sys_user (id, school_email, password) VALUES (1084, 'u20220084', 'Campus@20227132');
INSERT INTO student_resume (user_id, real_name, contact_phone, major, personal_statement, raw_text, structured_data) VALUES (1084, '蔡浩琳', '195439125707', '英语', '来自 计算机学院 2022级 级', 'Imported from V2 dataset', '{"skills": "["设计、摄影、桌游、旅行"]"}');
INSERT INTO student_profile (user_id, interest_tags, weekly_free_hours, commitment_level, personality_type) VALUES (1084, '["设计、摄影、桌游、旅行"]', 10, 'MED', 'EXPLORER');
INSERT INTO sys_user (id, school_email, password) VALUES (1085, 'u20220085', 'Campus@20227205');
INSERT INTO student_resume (user_id, real_name, contact_phone, major, personal_statement, raw_text, structured_data) VALUES (1085, '冯晨萌', '195491898590', '数学与应用数学', '来自 外国语学院 2022级 级', 'Imported from V2 dataset', '{"skills": "["短视频、音乐、电影、羽毛球"]"}');
INSERT INTO student_profile (user_id, interest_tags, weekly_free_hours, commitment_level, personality_type) VALUES (1085, '["短视频、音乐、电影、羽毛球"]', 10, 'MED', 'EXPLORER');
INSERT INTO sys_user (id, school_email, password) VALUES (1086, 'u20220086', 'Campus@20227278');
INSERT INTO student_resume (user_id, real_name, contact_phone, major, personal_statement, raw_text, structured_data) VALUES (1086, '陈怡歌', '133898734236', '软件工程', '来自 建筑工程学院 2022级 级', 'Imported from V2 dataset', '{"skills": "["阅读、设计、跑步、羽毛球"]"}');
INSERT INTO student_profile (user_id, interest_tags, weekly_free_hours, commitment_level, personality_type) VALUES (1086, '["阅读、设计、跑步、羽毛球"]', 10, 'MED', 'EXPLORER');
INSERT INTO sys_user (id, school_email, password) VALUES (1087, 'u20220087', 'Campus@20227351');
INSERT INTO student_resume (user_id, real_name, contact_phone, major, personal_statement, raw_text, structured_data) VALUES (1087, '于安', '183141135260', '信息管理与信息系统', '来自 外国语学院 2022级 级', 'Imported from V2 dataset', '{"skills": "["编程、电影、阅读、公益"]"}');
INSERT INTO student_profile (user_id, interest_tags, weekly_free_hours, commitment_level, personality_type) VALUES (1087, '["编程、电影、阅读、公益"]', 10, 'MED', 'EXPLORER');
INSERT INTO sys_user (id, school_email, password) VALUES (1088, 'u20220088', 'Campus@20227424');
INSERT INTO student_resume (user_id, real_name, contact_phone, major, personal_statement, raw_text, structured_data) VALUES (1088, '宋宁屿', '179190832803', '工商管理', '来自 法学院 2022级 级', 'Imported from V2 dataset', '{"skills": "["摄影、绘画、桌游、创业"]"}');
INSERT INTO student_profile (user_id, interest_tags, weekly_free_hours, commitment_level, personality_type) VALUES (1088, '["摄影、绘画、桌游、创业"]', 10, 'MED', 'EXPLORER');
INSERT INTO sys_user (id, school_email, password) VALUES (1089, 'u20220089', 'Campus@20227497');
INSERT INTO student_resume (user_id, real_name, contact_phone, major, personal_statement, raw_text, structured_data) VALUES (1089, '冯欣萱', '152955434298', '生物工程', '来自 社会发展学院 2022级 级', 'Imported from V2 dataset', '{"skills": "["旅行、设计、音乐、编程"]"}');
INSERT INTO student_profile (user_id, interest_tags, weekly_free_hours, commitment_level, personality_type) VALUES (1089, '["旅行、设计、音乐、编程"]', 10, 'MED', 'EXPLORER');
INSERT INTO sys_user (id, school_email, password) VALUES (1090, 'u20220090', 'Campus@20227570');
INSERT INTO student_resume (user_id, real_name, contact_phone, major, personal_statement, raw_text, structured_data) VALUES (1090, '彭乔航', '132493728503', '信息管理与信息系统', '来自 经济管理学院 2022级 级', 'Imported from V2 dataset', '{"skills": "["辩论、旅行、志愿服务、阅读"]"}');
INSERT INTO student_profile (user_id, interest_tags, weekly_free_hours, commitment_level, personality_type) VALUES (1090, '["辩论、旅行、志愿服务、阅读"]', 10, 'MED', 'EXPLORER');
INSERT INTO sys_user (id, school_email, password) VALUES (1091, 'u20220091', 'Campus@20227643');
INSERT INTO student_resume (user_id, real_name, contact_phone, major, personal_statement, raw_text, structured_data) VALUES (1091, '朱浩昊', '138138716327', '人工智能', '来自 环境科学学院 2022级 级', 'Imported from V2 dataset', '{"skills": "["跑步、羽毛球、绘画、设计"]"}');
INSERT INTO student_profile (user_id, interest_tags, weekly_free_hours, commitment_level, personality_type) VALUES (1091, '["跑步、羽毛球、绘画、设计"]', 10, 'MED', 'EXPLORER');
INSERT INTO sys_user (id, school_email, password) VALUES (1092, 'u20220092', 'Campus@20227716');
INSERT INTO student_resume (user_id, real_name, contact_phone, major, personal_statement, raw_text, structured_data) VALUES (1092, '曹意希', '174690868544', '生物工程', '来自 信息工程学院 2022级 级', 'Imported from V2 dataset', '{"skills": "["编程、跑步、设计、绘画"]"}');
INSERT INTO student_profile (user_id, interest_tags, weekly_free_hours, commitment_level, personality_type) VALUES (1092, '["编程、跑步、设计、绘画"]', 10, 'MED', 'EXPLORER');
INSERT INTO sys_user (id, school_email, password) VALUES (1093, 'u20220093', 'Campus@20227789');
INSERT INTO student_resume (user_id, real_name, contact_phone, major, personal_statement, raw_text, structured_data) VALUES (1093, '罗天珂', '159238643445', '汉语言文学', '来自 信息工程学院 2022级 级', 'Imported from V2 dataset', '{"skills": "["设计、跑步、音乐、阅读"]"}');
INSERT INTO student_profile (user_id, interest_tags, weekly_free_hours, commitment_level, personality_type) VALUES (1093, '["设计、跑步、音乐、阅读"]', 10, 'MED', 'EXPLORER');
INSERT INTO sys_user (id, school_email, password) VALUES (1094, 'u20220094', 'Campus@20227862');
INSERT INTO student_resume (user_id, real_name, contact_phone, major, personal_statement, raw_text, structured_data) VALUES (1094, '胡浩歌', '176789491872', '数据科学与大数据技术', '来自 社会发展学院 2022级 级', 'Imported from V2 dataset', '{"skills": "["电影、羽毛球、志愿服务、短视频"]"}');
INSERT INTO student_profile (user_id, interest_tags, weekly_free_hours, commitment_level, personality_type) VALUES (1094, '["电影、羽毛球、志愿服务、短视频"]', 10, 'MED', 'EXPLORER');
INSERT INTO sys_user (id, school_email, password) VALUES (1095, 'u20220095', 'Campus@20227935');
INSERT INTO student_resume (user_id, real_name, contact_phone, major, personal_statement, raw_text, structured_data) VALUES (1095, '何明涵', '177286117462', '国际经济与贸易', '来自 经济管理学院 2022级 级', 'Imported from V2 dataset', '{"skills": "["摄影、电影、音乐、旅行"]"}');
INSERT INTO student_profile (user_id, interest_tags, weekly_free_hours, commitment_level, personality_type) VALUES (1095, '["摄影、电影、音乐、旅行"]', 10, 'MED', 'EXPLORER');
INSERT INTO sys_user (id, school_email, password) VALUES (1096, 'u20220096', 'Campus@20228008');
INSERT INTO student_resume (user_id, real_name, contact_phone, major, personal_statement, raw_text, structured_data) VALUES (1096, '罗依萱', '183362348319', '自动化', '来自 文学院 2022级 级', 'Imported from V2 dataset', '{"skills": "["辩论、设计、创业、摄影"]"}');
INSERT INTO student_profile (user_id, interest_tags, weekly_free_hours, commitment_level, personality_type) VALUES (1096, '["辩论、设计、创业、摄影"]', 10, 'MED', 'EXPLORER');
INSERT INTO sys_user (id, school_email, password) VALUES (1097, 'u20220097', 'Campus@20228081');
INSERT INTO student_resume (user_id, real_name, contact_phone, major, personal_statement, raw_text, structured_data) VALUES (1097, '蔡景', '171577212837', '国际经济与贸易', '来自 外国语学院 2022级 级', 'Imported from V2 dataset', '{"skills": "["志愿服务、编程、设计、旅行"]"}');
INSERT INTO student_profile (user_id, interest_tags, weekly_free_hours, commitment_level, personality_type) VALUES (1097, '["志愿服务、编程、设计、旅行"]', 10, 'MED', 'EXPLORER');
INSERT INTO sys_user (id, school_email, password) VALUES (1098, 'u20220098', 'Campus@20228154');
INSERT INTO student_resume (user_id, real_name, contact_phone, major, personal_statement, raw_text, structured_data) VALUES (1098, '高文歌', '181579792535', '法学', '来自 社会发展学院 2022级 级', 'Imported from V2 dataset', '{"skills": "["电影、旅行、短视频、志愿服务"]"}');
INSERT INTO student_profile (user_id, interest_tags, weekly_free_hours, commitment_level, personality_type) VALUES (1098, '["电影、旅行、短视频、志愿服务"]', 10, 'MED', 'EXPLORER');
INSERT INTO sys_user (id, school_email, password) VALUES (1099, 'u20220099', 'Campus@20228227');
INSERT INTO student_resume (user_id, real_name, contact_phone, major, personal_statement, raw_text, structured_data) VALUES (1099, '曾意萱', '139986018005', '计算机科学与技术', '来自 信息工程学院 2022级 级', 'Imported from V2 dataset', '{"skills": "["阅读、辩论、羽毛球、短视频"]"}');
INSERT INTO student_profile (user_id, interest_tags, weekly_free_hours, commitment_level, personality_type) VALUES (1099, '["阅读、辩论、羽毛球、短视频"]', 10, 'MED', 'EXPLORER');
INSERT INTO sys_user (id, school_email, password) VALUES (1100, 'u20220100', 'Campus@20228300');
INSERT INTO student_resume (user_id, real_name, contact_phone, major, personal_statement, raw_text, structured_data) VALUES (1100, '许睿', '179191982606', '建筑学', '来自 外国语学院 2022级 级', 'Imported from V2 dataset', '{"skills": "["志愿服务、羽毛球、设计、桌游"]"}');
INSERT INTO student_profile (user_id, interest_tags, weekly_free_hours, commitment_level, personality_type) VALUES (1100, '["志愿服务、羽毛球、设计、桌游"]', 10, 'MED', 'EXPLORER');
INSERT INTO sys_user (id, school_email, password) VALUES (1101, 'u20220101', 'Campus@20228373');
INSERT INTO student_resume (user_id, real_name, contact_phone, major, personal_statement, raw_text, structured_data) VALUES (1101, '董思菲', '137269064343', '网络空间安全', '来自 新闻传播学院 2022级 级', 'Imported from V2 dataset', '{"skills": "["创业、绘画、羽毛球、设计"]"}');
INSERT INTO student_profile (user_id, interest_tags, weekly_free_hours, commitment_level, personality_type) VALUES (1101, '["创业、绘画、羽毛球、设计"]', 10, 'MED', 'EXPLORER');
INSERT INTO sys_user (id, school_email, password) VALUES (1102, 'u20220102', 'Campus@20228446');
INSERT INTO student_resume (user_id, real_name, contact_phone, major, personal_statement, raw_text, structured_data) VALUES (1102, '唐可萱', '152698899783', '历史学', '来自 信息工程学院 2022级 级', 'Imported from V2 dataset', '{"skills": "["公益、摄影、辩论、设计"]"}');
INSERT INTO student_profile (user_id, interest_tags, weekly_free_hours, commitment_level, personality_type) VALUES (1102, '["公益、摄影、辩论、设计"]', 10, 'MED', 'EXPLORER');
INSERT INTO sys_user (id, school_email, password) VALUES (1103, 'u20220103', 'Campus@20228519');
INSERT INTO student_resume (user_id, real_name, contact_phone, major, personal_statement, raw_text, structured_data) VALUES (1103, '萧知', '195558595009', '计算机科学与技术', '来自 计算机学院 2022级 级', 'Imported from V2 dataset', '{"skills": "["摄影、音乐、志愿服务、辩论"]"}');
INSERT INTO student_profile (user_id, interest_tags, weekly_free_hours, commitment_level, personality_type) VALUES (1103, '["摄影、音乐、志愿服务、辩论"]', 10, 'MED', 'EXPLORER');
INSERT INTO sys_user (id, school_email, password) VALUES (1104, 'u20220104', 'Campus@20228592');
INSERT INTO student_resume (user_id, real_name, contact_phone, major, personal_statement, raw_text, structured_data) VALUES (1104, '陈嘉雅', '134777128114', '英语', '来自 环境科学学院 2022级 级', 'Imported from V2 dataset', '{"skills": "["设计、旅行、阅读、桌游"]"}');
INSERT INTO student_profile (user_id, interest_tags, weekly_free_hours, commitment_level, personality_type) VALUES (1104, '["设计、旅行、阅读、桌游"]', 10, 'MED', 'EXPLORER');
INSERT INTO sys_user (id, school_email, password) VALUES (1105, 'u20220105', 'Campus@20228665');
INSERT INTO student_resume (user_id, real_name, contact_phone, major, personal_statement, raw_text, structured_data) VALUES (1105, '黄思霖', '131545141752', '建筑学', '来自 新闻传播学院 2022级 级', 'Imported from V2 dataset', '{"skills": "["设计、音乐、阅读、桌游"]"}');
INSERT INTO student_profile (user_id, interest_tags, weekly_free_hours, commitment_level, personality_type) VALUES (1105, '["设计、音乐、阅读、桌游"]', 10, 'MED', 'EXPLORER');
INSERT INTO sys_user (id, school_email, password) VALUES (1106, 'u20220106', 'Campus@20228738');
INSERT INTO student_resume (user_id, real_name, contact_phone, major, personal_statement, raw_text, structured_data) VALUES (1106, '陈乔昊', '132510511471', '教育学', '来自 计算机学院 2022级 级', 'Imported from V2 dataset', '{"skills": "["绘画、羽毛球、短视频、电影"]"}');
INSERT INTO student_profile (user_id, interest_tags, weekly_free_hours, commitment_level, personality_type) VALUES (1106, '["绘画、羽毛球、短视频、电影"]', 10, 'MED', 'EXPLORER');
INSERT INTO sys_user (id, school_email, password) VALUES (1107, 'u20220107', 'Campus@20228811');
INSERT INTO student_resume (user_id, real_name, contact_phone, major, personal_statement, raw_text, structured_data) VALUES (1107, '张博彤', '137621918815', '计算机科学与技术', '来自 信息工程学院 2022级 级', 'Imported from V2 dataset', '{"skills": "["电影、旅行、设计、创业"]"}');
INSERT INTO student_profile (user_id, interest_tags, weekly_free_hours, commitment_level, personality_type) VALUES (1107, '["电影、旅行、设计、创业"]', 10, 'MED', 'EXPLORER');
INSERT INTO sys_user (id, school_email, password) VALUES (1108, 'u20220108', 'Campus@20228884');
INSERT INTO student_resume (user_id, real_name, contact_phone, major, personal_statement, raw_text, structured_data) VALUES (1108, '许启', '136536605989', '汉语言文学', '来自 信息工程学院 2022级 级', 'Imported from V2 dataset', '{"skills": "["设计、短视频、羽毛球、跑步"]"}');
INSERT INTO student_profile (user_id, interest_tags, weekly_free_hours, commitment_level, personality_type) VALUES (1108, '["设计、短视频、羽毛球、跑步"]', 10, 'MED', 'EXPLORER');
INSERT INTO sys_user (id, school_email, password) VALUES (1109, 'u20220109', 'Campus@20228957');
INSERT INTO student_resume (user_id, real_name, contact_phone, major, personal_statement, raw_text, structured_data) VALUES (1109, '孙欣辰', '133666373951', '教育学', '来自 新闻传播学院 2022级 级', 'Imported from V2 dataset', '{"skills": "["摄影、创业、设计、羽毛球"]"}');
INSERT INTO student_profile (user_id, interest_tags, weekly_free_hours, commitment_level, personality_type) VALUES (1109, '["摄影、创业、设计、羽毛球"]', 10, 'MED', 'EXPLORER');
INSERT INTO sys_user (id, school_email, password) VALUES (1110, 'u20220110', 'Campus@20229030');
INSERT INTO student_resume (user_id, real_name, contact_phone, major, personal_statement, raw_text, structured_data) VALUES (1110, '梁宁', '192192713174', '统计学', '来自 文学院 2022级 级', 'Imported from V2 dataset', '{"skills": "["阅读、公益、跑步、旅行"]"}');
INSERT INTO student_profile (user_id, interest_tags, weekly_free_hours, commitment_level, personality_type) VALUES (1110, '["阅读、公益、跑步、旅行"]', 10, 'MED', 'EXPLORER');
INSERT INTO sys_user (id, school_email, password) VALUES (1111, 'u20220111', 'Campus@20229103');
INSERT INTO student_resume (user_id, real_name, contact_phone, major, personal_statement, raw_text, structured_data) VALUES (1111, '梁天婷', '131116048527', '计算机科学与技术', '来自 外国语学院 2022级 级', 'Imported from V2 dataset', '{"skills": "["阅读、短视频、创业、羽毛球"]"}');
INSERT INTO student_profile (user_id, interest_tags, weekly_free_hours, commitment_level, personality_type) VALUES (1111, '["阅读、短视频、创业、羽毛球"]', 10, 'MED', 'EXPLORER');
INSERT INTO sys_user (id, school_email, password) VALUES (1112, 'u20220112', 'Campus@20229176');
INSERT INTO student_resume (user_id, real_name, contact_phone, major, personal_statement, raw_text, structured_data) VALUES (1112, '曹卓萱', '198961959920', '建筑学', '来自 环境科学学院 2022级 级', 'Imported from V2 dataset', '{"skills": "["志愿服务、辩论、编程、绘画"]"}');
INSERT INTO student_profile (user_id, interest_tags, weekly_free_hours, commitment_level, personality_type) VALUES (1112, '["志愿服务、辩论、编程、绘画"]', 10, 'MED', 'EXPLORER');
INSERT INTO sys_user (id, school_email, password) VALUES (1113, 'u20220113', 'Campus@20229249');
INSERT INTO student_resume (user_id, real_name, contact_phone, major, personal_statement, raw_text, structured_data) VALUES (1113, '曹启雯', '158236373150', '市场营销', '来自 计算机学院 2022级 级', 'Imported from V2 dataset', '{"skills": "["摄影、音乐、阅读、旅行"]"}');
INSERT INTO student_profile (user_id, interest_tags, weekly_free_hours, commitment_level, personality_type) VALUES (1113, '["摄影、音乐、阅读、旅行"]', 10, 'MED', 'EXPLORER');
INSERT INTO sys_user (id, school_email, password) VALUES (1114, 'u20220114', 'Campus@20229322');
INSERT INTO student_resume (user_id, real_name, contact_phone, major, personal_statement, raw_text, structured_data) VALUES (1114, '谢亦希', '132774044794', '机械设计制造及其自动化', '来自 新闻传播学院 2022级 级', 'Imported from V2 dataset', '{"skills": "["桌游、编程、公益、旅行"]"}');
INSERT INTO student_profile (user_id, interest_tags, weekly_free_hours, commitment_level, personality_type) VALUES (1114, '["桌游、编程、公益、旅行"]', 10, 'MED', 'EXPLORER');
INSERT INTO sys_user (id, school_email, password) VALUES (1115, 'u20220115', 'Campus@20229395');
INSERT INTO student_resume (user_id, real_name, contact_phone, major, personal_statement, raw_text, structured_data) VALUES (1115, '张乐婷', '155070158925', '人工智能', '来自 文学院 2022级 级', 'Imported from V2 dataset', '{"skills": "["电影、阅读、摄影、编程"]"}');
INSERT INTO student_profile (user_id, interest_tags, weekly_free_hours, commitment_level, personality_type) VALUES (1115, '["电影、阅读、摄影、编程"]', 10, 'MED', 'EXPLORER');
INSERT INTO sys_user (id, school_email, password) VALUES (1116, 'u20220116', 'Campus@20229468');
INSERT INTO student_resume (user_id, real_name, contact_phone, major, personal_statement, raw_text, structured_data) VALUES (1116, '王俊', '133385589535', '软件工程', '来自 社会发展学院 2022级 级', 'Imported from V2 dataset', '{"skills": "["摄影、羽毛球、桌游、公益"]"}');
INSERT INTO student_profile (user_id, interest_tags, weekly_free_hours, commitment_level, personality_type) VALUES (1116, '["摄影、羽毛球、桌游、公益"]', 10, 'MED', 'EXPLORER');
INSERT INTO sys_user (id, school_email, password) VALUES (1117, 'u20220117', 'Campus@20229541');
INSERT INTO student_resume (user_id, real_name, contact_phone, major, personal_statement, raw_text, structured_data) VALUES (1117, '董俊', '186381307098', '传播学', '来自 建筑工程学院 2022级 级', 'Imported from V2 dataset', '{"skills": "["摄影、阅读、辩论、跑步"]"}');
INSERT INTO student_profile (user_id, interest_tags, weekly_free_hours, commitment_level, personality_type) VALUES (1117, '["摄影、阅读、辩论、跑步"]', 10, 'MED', 'EXPLORER');
INSERT INTO sys_user (id, school_email, password) VALUES (1118, 'u20220118', 'Campus@20229614');
INSERT INTO student_resume (user_id, real_name, contact_phone, major, personal_statement, raw_text, structured_data) VALUES (1118, '郭知', '198769404469', '生物工程', '来自 教育学院 2022级 级', 'Imported from V2 dataset', '{"skills": "["辩论、跑步、电影、志愿服务"]"}');
INSERT INTO student_profile (user_id, interest_tags, weekly_free_hours, commitment_level, personality_type) VALUES (1118, '["辩论、跑步、电影、志愿服务"]', 10, 'MED', 'EXPLORER');
INSERT INTO sys_user (id, school_email, password) VALUES (1119, 'u20220119', 'Campus@20229687');
INSERT INTO student_resume (user_id, real_name, contact_phone, major, personal_statement, raw_text, structured_data) VALUES (1119, '林思涵', '134040501712', '新闻学', '来自 新闻传播学院 2022级 级', 'Imported from V2 dataset', '{"skills": "["公益、创业、电影、跑步"]"}');
INSERT INTO student_profile (user_id, interest_tags, weekly_free_hours, commitment_level, personality_type) VALUES (1119, '["公益、创业、电影、跑步"]', 10, 'MED', 'EXPLORER');
INSERT INTO sys_user (id, school_email, password) VALUES (1120, 'u20220120', 'Campus@20229760');
INSERT INTO student_resume (user_id, real_name, contact_phone, major, personal_statement, raw_text, structured_data) VALUES (1120, '朱书禾', '181258096994', '英语', '来自 经济管理学院 2022级 级', 'Imported from V2 dataset', '{"skills": "["辩论、跑步、编程、电影"]"}');
INSERT INTO student_profile (user_id, interest_tags, weekly_free_hours, commitment_level, personality_type) VALUES (1120, '["辩论、跑步、编程、电影"]', 10, 'MED', 'EXPLORER');
INSERT INTO sys_user (id, school_email, password) VALUES (1121, 'u20220121', 'Campus@20229833');
INSERT INTO student_resume (user_id, real_name, contact_phone, major, personal_statement, raw_text, structured_data) VALUES (1121, '萧安瑶', '199235054778', '数据科学与大数据技术', '来自 信息工程学院 2022级 级', 'Imported from V2 dataset', '{"skills": "["志愿服务、辩论、羽毛球、编程"]"}');
INSERT INTO student_profile (user_id, interest_tags, weekly_free_hours, commitment_level, personality_type) VALUES (1121, '["志愿服务、辩论、羽毛球、编程"]', 10, 'MED', 'EXPLORER');
INSERT INTO sys_user (id, school_email, password) VALUES (1122, 'u20220122', 'Campus@20229906');
INSERT INTO student_resume (user_id, real_name, contact_phone, major, personal_statement, raw_text, structured_data) VALUES (1122, '潘乐屿', '158578519813', '国际经济与贸易', '来自 经济管理学院 2022级 级', 'Imported from V2 dataset', '{"skills": "["绘画、摄影、辩论、音乐"]"}');
INSERT INTO student_profile (user_id, interest_tags, weekly_free_hours, commitment_level, personality_type) VALUES (1122, '["绘画、摄影、辩论、音乐"]', 10, 'MED', 'EXPLORER');
INSERT INTO sys_user (id, school_email, password) VALUES (1123, 'u20220123', 'Campus@20229979');
INSERT INTO student_resume (user_id, real_name, contact_phone, major, personal_statement, raw_text, structured_data) VALUES (1123, '林明', '179118336882', '历史学', '来自 社会发展学院 2022级 级', 'Imported from V2 dataset', '{"skills": "["设计、羽毛球、编程、短视频"]"}');
INSERT INTO student_profile (user_id, interest_tags, weekly_free_hours, commitment_level, personality_type) VALUES (1123, '["设计、羽毛球、编程、短视频"]', 10, 'MED', 'EXPLORER');
INSERT INTO sys_user (id, school_email, password) VALUES (1124, 'u20220124', 'Campus@20221052');
INSERT INTO student_resume (user_id, real_name, contact_phone, major, personal_statement, raw_text, structured_data) VALUES (1124, '罗乐珂', '136663309776', '国际经济与贸易', '来自 建筑工程学院 2022级 级', 'Imported from V2 dataset', '{"skills": "["创业、电影、音乐、跑步"]"}');
INSERT INTO student_profile (user_id, interest_tags, weekly_free_hours, commitment_level, personality_type) VALUES (1124, '["创业、电影、音乐、跑步"]', 10, 'MED', 'EXPLORER');
INSERT INTO sys_user (id, school_email, password) VALUES (1125, 'u20220125', 'Campus@20221125');
INSERT INTO student_resume (user_id, real_name, contact_phone, major, personal_statement, raw_text, structured_data) VALUES (1125, '冯安涵', '153699341445', '工商管理', '来自 外国语学院 2022级 级', 'Imported from V2 dataset', '{"skills": "["设计、旅行、创业、电影"]"}');
INSERT INTO student_profile (user_id, interest_tags, weekly_free_hours, commitment_level, personality_type) VALUES (1125, '["设计、旅行、创业、电影"]', 10, 'MED', 'EXPLORER');
INSERT INTO sys_user (id, school_email, password) VALUES (1126, 'u20220126', 'Campus@20221198');
INSERT INTO student_resume (user_id, real_name, contact_phone, major, personal_statement, raw_text, structured_data) VALUES (1126, '曾卓桐', '137154792650', '心理学', '来自 文学院 2022级 级', 'Imported from V2 dataset', '{"skills": "["摄影、创业、阅读、编程"]"}');
INSERT INTO student_profile (user_id, interest_tags, weekly_free_hours, commitment_level, personality_type) VALUES (1126, '["摄影、创业、阅读、编程"]', 10, 'MED', 'EXPLORER');
INSERT INTO sys_user (id, school_email, password) VALUES (1127, 'u20220127', 'Campus@20221271');
INSERT INTO student_resume (user_id, real_name, contact_phone, major, personal_statement, raw_text, structured_data) VALUES (1127, '萧欣祺', '181122603308', '计算机科学与技术', '来自 环境科学学院 2022级 级', 'Imported from V2 dataset', '{"skills": "["摄影、电影、阅读、公益"]"}');
INSERT INTO student_profile (user_id, interest_tags, weekly_free_hours, commitment_level, personality_type) VALUES (1127, '["摄影、电影、阅读、公益"]', 10, 'MED', 'EXPLORER');
INSERT INTO sys_user (id, school_email, password) VALUES (1128, 'u20220128', 'Campus@20221344');
INSERT INTO student_resume (user_id, real_name, contact_phone, major, personal_statement, raw_text, structured_data) VALUES (1128, '蒋雨璇', '171871725180', '教育学', '来自 建筑工程学院 2022级 级', 'Imported from V2 dataset', '{"skills": "["羽毛球、编程、电影、创业"]"}');
INSERT INTO student_profile (user_id, interest_tags, weekly_free_hours, commitment_level, personality_type) VALUES (1128, '["羽毛球、编程、电影、创业"]', 10, 'MED', 'EXPLORER');
INSERT INTO sys_user (id, school_email, password) VALUES (1129, 'u20220129', 'Campus@20221417');
INSERT INTO student_resume (user_id, real_name, contact_phone, major, personal_statement, raw_text, structured_data) VALUES (1129, '袁文', '151779262100', '国际经济与贸易', '来自 新闻传播学院 2022级 级', 'Imported from V2 dataset', '{"skills": "["音乐、羽毛球、辩论、电影"]"}');
INSERT INTO student_profile (user_id, interest_tags, weekly_free_hours, commitment_level, personality_type) VALUES (1129, '["音乐、羽毛球、辩论、电影"]', 10, 'MED', 'EXPLORER');
INSERT INTO sys_user (id, school_email, password) VALUES (1130, 'u20220130', 'Campus@20221490');
INSERT INTO student_resume (user_id, real_name, contact_phone, major, personal_statement, raw_text, structured_data) VALUES (1130, '郑星', '131875059484', '法学', '来自 社会发展学院 2022级 级', 'Imported from V2 dataset', '{"skills": "["音乐、摄影、阅读、桌游"]"}');
INSERT INTO student_profile (user_id, interest_tags, weekly_free_hours, commitment_level, personality_type) VALUES (1130, '["音乐、摄影、阅读、桌游"]', 10, 'MED', 'EXPLORER');
INSERT INTO sys_user (id, school_email, password) VALUES (1131, 'u20220131', 'Campus@20221563');
INSERT INTO student_resume (user_id, real_name, contact_phone, major, personal_statement, raw_text, structured_data) VALUES (1131, '余诺祺', '196279498511', '法学', '来自 社会发展学院 2022级 级', 'Imported from V2 dataset', '{"skills": "["设计、公益、绘画、跑步"]"}');
INSERT INTO student_profile (user_id, interest_tags, weekly_free_hours, commitment_level, personality_type) VALUES (1131, '["设计、公益、绘画、跑步"]', 10, 'MED', 'EXPLORER');
INSERT INTO sys_user (id, school_email, password) VALUES (1132, 'u20220132', 'Campus@20221636');
INSERT INTO student_resume (user_id, real_name, contact_phone, major, personal_statement, raw_text, structured_data) VALUES (1132, '马安晗', '139749258667', '社会学', '来自 教育学院 2022级 级', 'Imported from V2 dataset', '{"skills": "["电影、旅行、桌游、跑步"]"}');
INSERT INTO student_profile (user_id, interest_tags, weekly_free_hours, commitment_level, personality_type) VALUES (1132, '["电影、旅行、桌游、跑步"]', 10, 'MED', 'EXPLORER');
INSERT INTO sys_user (id, school_email, password) VALUES (1133, 'u20220133', 'Campus@20221709');
INSERT INTO student_resume (user_id, real_name, contact_phone, major, personal_statement, raw_text, structured_data) VALUES (1133, '田宁妍', '188454424895', '机械设计制造及其自动化', '来自 环境科学学院 2022级 级', 'Imported from V2 dataset', '{"skills": "["音乐、创业、设计、短视频"]"}');
INSERT INTO student_profile (user_id, interest_tags, weekly_free_hours, commitment_level, personality_type) VALUES (1133, '["音乐、创业、设计、短视频"]', 10, 'MED', 'EXPLORER');
INSERT INTO sys_user (id, school_email, password) VALUES (1134, 'u20220134', 'Campus@20221782');
INSERT INTO student_resume (user_id, real_name, contact_phone, major, personal_statement, raw_text, structured_data) VALUES (1134, '韩明歌', '193219595108', '传播学', '来自 信息工程学院 2022级 级', 'Imported from V2 dataset', '{"skills": "["电影、羽毛球、跑步、编程"]"}');
INSERT INTO student_profile (user_id, interest_tags, weekly_free_hours, commitment_level, personality_type) VALUES (1134, '["电影、羽毛球、跑步、编程"]', 10, 'MED', 'EXPLORER');
INSERT INTO sys_user (id, school_email, password) VALUES (1135, 'u20220135', 'Campus@20221855');
INSERT INTO student_resume (user_id, real_name, contact_phone, major, personal_statement, raw_text, structured_data) VALUES (1135, '林意', '173824826078', '心理学', '来自 新闻传播学院 2022级 级', 'Imported from V2 dataset', '{"skills": "["短视频、旅行、创业、跑步"]"}');
INSERT INTO student_profile (user_id, interest_tags, weekly_free_hours, commitment_level, personality_type) VALUES (1135, '["短视频、旅行、创业、跑步"]', 10, 'MED', 'EXPLORER');
INSERT INTO sys_user (id, school_email, password) VALUES (1136, 'u20220136', 'Campus@20221928');
INSERT INTO student_resume (user_id, real_name, contact_phone, major, personal_statement, raw_text, structured_data) VALUES (1136, '高可雯', '192323882157', '社会学', '来自 经济管理学院 2022级 级', 'Imported from V2 dataset', '{"skills": "["辩论、绘画、电影、志愿服务"]"}');
INSERT INTO student_profile (user_id, interest_tags, weekly_free_hours, commitment_level, personality_type) VALUES (1136, '["辩论、绘画、电影、志愿服务"]', 10, 'MED', 'EXPLORER');
INSERT INTO sys_user (id, school_email, password) VALUES (1137, 'u20220137', 'Campus@20222001');
INSERT INTO student_resume (user_id, real_name, contact_phone, major, personal_statement, raw_text, structured_data) VALUES (1137, '朱安琳', '135378227631', '汉语言文学', '来自 教育学院 2022级 级', 'Imported from V2 dataset', '{"skills": "["绘画、辩论、编程、摄影"]"}');
INSERT INTO student_profile (user_id, interest_tags, weekly_free_hours, commitment_level, personality_type) VALUES (1137, '["绘画、辩论、编程、摄影"]', 10, 'MED', 'EXPLORER');
INSERT INTO sys_user (id, school_email, password) VALUES (1138, 'u20220138', 'Campus@20222074');
INSERT INTO student_resume (user_id, real_name, contact_phone, major, personal_statement, raw_text, structured_data) VALUES (1138, '董一琳', '138122462892', '传播学', '来自 环境科学学院 2022级 级', 'Imported from V2 dataset', '{"skills": "["绘画、短视频、羽毛球、阅读"]"}');
INSERT INTO student_profile (user_id, interest_tags, weekly_free_hours, commitment_level, personality_type) VALUES (1138, '["绘画、短视频、羽毛球、阅读"]', 10, 'MED', 'EXPLORER');
INSERT INTO sys_user (id, school_email, password) VALUES (1139, 'u20220139', 'Campus@20222147');
INSERT INTO student_resume (user_id, real_name, contact_phone, major, personal_statement, raw_text, structured_data) VALUES (1139, '徐若霖', '135666983879', '电子信息工程', '来自 社会发展学院 2022级 级', 'Imported from V2 dataset', '{"skills": "["编程、电影、摄影、志愿服务"]"}');
INSERT INTO student_profile (user_id, interest_tags, weekly_free_hours, commitment_level, personality_type) VALUES (1139, '["编程、电影、摄影、志愿服务"]', 10, 'MED', 'EXPLORER');
INSERT INTO sys_user (id, school_email, password) VALUES (1140, 'u20220140', 'Campus@20222220');
INSERT INTO student_resume (user_id, real_name, contact_phone, major, personal_statement, raw_text, structured_data) VALUES (1140, '袁亦彤', '178818463340', '汉语言文学', '来自 文学院 2022级 级', 'Imported from V2 dataset', '{"skills": "["阅读、编程、跑步、辩论"]"}');
INSERT INTO student_profile (user_id, interest_tags, weekly_free_hours, commitment_level, personality_type) VALUES (1140, '["阅读、编程、跑步、辩论"]', 10, 'MED', 'EXPLORER');
INSERT INTO sys_user (id, school_email, password) VALUES (1141, 'u20220141', 'Campus@20222293');
INSERT INTO student_resume (user_id, real_name, contact_phone, major, personal_statement, raw_text, structured_data) VALUES (1141, '杨若宸', '189999931611', '软件工程', '来自 新闻传播学院 2022级 级', 'Imported from V2 dataset', '{"skills": "["公益、辩论、短视频、志愿服务"]"}');
INSERT INTO student_profile (user_id, interest_tags, weekly_free_hours, commitment_level, personality_type) VALUES (1141, '["公益、辩论、短视频、志愿服务"]', 10, 'MED', 'EXPLORER');
INSERT INTO sys_user (id, school_email, password) VALUES (1142, 'u20220142', 'Campus@20222366');
INSERT INTO student_resume (user_id, real_name, contact_phone, major, personal_statement, raw_text, structured_data) VALUES (1142, '梁卓岚', '178164124762', '信息管理与信息系统', '来自 经济管理学院 2022级 级', 'Imported from V2 dataset', '{"skills": "["志愿服务、桌游、绘画、电影"]"}');
INSERT INTO student_profile (user_id, interest_tags, weekly_free_hours, commitment_level, personality_type) VALUES (1142, '["志愿服务、桌游、绘画、电影"]', 10, 'MED', 'EXPLORER');
INSERT INTO sys_user (id, school_email, password) VALUES (1143, 'u20220143', 'Campus@20222439');
INSERT INTO student_resume (user_id, real_name, contact_phone, major, personal_statement, raw_text, structured_data) VALUES (1143, '于南昊', '197391311645', '新闻学', '来自 文学院 2022级 级', 'Imported from V2 dataset', '{"skills": "["设计、创业、短视频、志愿服务"]"}');
INSERT INTO student_profile (user_id, interest_tags, weekly_free_hours, commitment_level, personality_type) VALUES (1143, '["设计、创业、短视频、志愿服务"]', 10, 'MED', 'EXPLORER');
INSERT INTO sys_user (id, school_email, password) VALUES (1144, 'u20220144', 'Campus@20222512');
INSERT INTO student_resume (user_id, real_name, contact_phone, major, personal_statement, raw_text, structured_data) VALUES (1144, '彭若轩', '196148051120', '工商管理', '来自 法学院 2022级 级', 'Imported from V2 dataset', '{"skills": "["设计、绘画、摄影、公益"]"}');
INSERT INTO student_profile (user_id, interest_tags, weekly_free_hours, commitment_level, personality_type) VALUES (1144, '["设计、绘画、摄影、公益"]', 10, 'MED', 'EXPLORER');
INSERT INTO sys_user (id, school_email, password) VALUES (1145, 'u20220145', 'Campus@20222585');
INSERT INTO student_resume (user_id, real_name, contact_phone, major, personal_statement, raw_text, structured_data) VALUES (1145, '罗宇言', '199963094105', '信息管理与信息系统', '来自 环境科学学院 2022级 级', 'Imported from V2 dataset', '{"skills": "["摄影、羽毛球、电影、志愿服务"]"}');
INSERT INTO student_profile (user_id, interest_tags, weekly_free_hours, commitment_level, personality_type) VALUES (1145, '["摄影、羽毛球、电影、志愿服务"]', 10, 'MED', 'EXPLORER');
INSERT INTO sys_user (id, school_email, password) VALUES (1146, 'u20220146', 'Campus@20222658');
INSERT INTO student_resume (user_id, real_name, contact_phone, major, personal_statement, raw_text, structured_data) VALUES (1146, '梁嘉', '179057921815', '汉语言文学', '来自 法学院 2022级 级', 'Imported from V2 dataset', '{"skills": "["摄影、阅读、桌游、短视频"]"}');
INSERT INTO student_profile (user_id, interest_tags, weekly_free_hours, commitment_level, personality_type) VALUES (1146, '["摄影、阅读、桌游、短视频"]', 10, 'MED', 'EXPLORER');
INSERT INTO sys_user (id, school_email, password) VALUES (1147, 'u20220147', 'Campus@20222731');
INSERT INTO student_resume (user_id, real_name, contact_phone, major, personal_statement, raw_text, structured_data) VALUES (1147, '曹卓然', '195871667269', '金融学', '来自 经济管理学院 2022级 级', 'Imported from V2 dataset', '{"skills": "["阅读、跑步、旅行、音乐"]"}');
INSERT INTO student_profile (user_id, interest_tags, weekly_free_hours, commitment_level, personality_type) VALUES (1147, '["阅读、跑步、旅行、音乐"]', 10, 'MED', 'EXPLORER');
INSERT INTO sys_user (id, school_email, password) VALUES (1148, 'u20220148', 'Campus@20222804');
INSERT INTO student_resume (user_id, real_name, contact_phone, major, personal_statement, raw_text, structured_data) VALUES (1148, '萧宁霏', '158998606573', '电子信息工程', '来自 外国语学院 2022级 级', 'Imported from V2 dataset', '{"skills": "["编程、桌游、羽毛球、跑步"]"}');
INSERT INTO student_profile (user_id, interest_tags, weekly_free_hours, commitment_level, personality_type) VALUES (1148, '["编程、桌游、羽毛球、跑步"]', 10, 'MED', 'EXPLORER');
INSERT INTO sys_user (id, school_email, password) VALUES (1149, 'u20220149', 'Campus@20222877');
INSERT INTO student_resume (user_id, real_name, contact_phone, major, personal_statement, raw_text, structured_data) VALUES (1149, '萧景然', '156028753745', '教育学', '来自 理学院 2022级 级', 'Imported from V2 dataset', '{"skills": "["志愿服务、电影、辩论、摄影"]"}');
INSERT INTO student_profile (user_id, interest_tags, weekly_free_hours, commitment_level, personality_type) VALUES (1149, '["志愿服务、电影、辩论、摄影"]', 10, 'MED', 'EXPLORER');
INSERT INTO sys_user (id, school_email, password) VALUES (1150, 'u20220150', 'Campus@20222950');
INSERT INTO student_resume (user_id, real_name, contact_phone, major, personal_statement, raw_text, structured_data) VALUES (1150, '曹意', '185697121418', '社会学', '来自 信息工程学院 2022级 级', 'Imported from V2 dataset', '{"skills": "["设计、绘画、音乐、羽毛球"]"}');
INSERT INTO student_profile (user_id, interest_tags, weekly_free_hours, commitment_level, personality_type) VALUES (1150, '["设计、绘画、音乐、羽毛球"]', 10, 'MED', 'EXPLORER');
INSERT INTO sys_user (id, school_email, password) VALUES (1151, 'u20220151', 'Campus@20223023');
INSERT INTO student_resume (user_id, real_name, contact_phone, major, personal_statement, raw_text, structured_data) VALUES (1151, '马思远', '157517589972', '数学与应用数学', '来自 理学院 2022级 级', 'Imported from V2 dataset', '{"skills": "["电影、设计、公益、绘画"]"}');
INSERT INTO student_profile (user_id, interest_tags, weekly_free_hours, commitment_level, personality_type) VALUES (1151, '["电影、设计、公益、绘画"]', 10, 'MED', 'EXPLORER');
INSERT INTO sys_user (id, school_email, password) VALUES (1152, 'u20220152', 'Campus@20223096');
INSERT INTO student_resume (user_id, real_name, contact_phone, major, personal_statement, raw_text, structured_data) VALUES (1152, '许景远', '198375476401', '计算机科学与技术', '来自 经济管理学院 2022级 级', 'Imported from V2 dataset', '{"skills": "["跑步、电影、短视频、阅读"]"}');
INSERT INTO student_profile (user_id, interest_tags, weekly_free_hours, commitment_level, personality_type) VALUES (1152, '["跑步、电影、短视频、阅读"]', 10, 'MED', 'EXPLORER');
INSERT INTO sys_user (id, school_email, password) VALUES (1153, 'u20220153', 'Campus@20223169');
INSERT INTO student_resume (user_id, real_name, contact_phone, major, personal_statement, raw_text, structured_data) VALUES (1153, '谢睿', '174211419770', '计算机科学与技术', '来自 计算机学院 2022级 级', 'Imported from V2 dataset', '{"skills": "["阅读、公益、编程、创业"]"}');
INSERT INTO student_profile (user_id, interest_tags, weekly_free_hours, commitment_level, personality_type) VALUES (1153, '["阅读、公益、编程、创业"]', 10, 'MED', 'EXPLORER');
INSERT INTO sys_user (id, school_email, password) VALUES (1154, 'u20220154', 'Campus@20223242');
INSERT INTO student_resume (user_id, real_name, contact_phone, major, personal_statement, raw_text, structured_data) VALUES (1154, '余俊', '179583041419', '计算机科学与技术', '来自 法学院 2022级 级', 'Imported from V2 dataset', '{"skills": "["绘画、短视频、桌游、设计"]"}');
INSERT INTO student_profile (user_id, interest_tags, weekly_free_hours, commitment_level, personality_type) VALUES (1154, '["绘画、短视频、桌游、设计"]', 10, 'MED', 'EXPLORER');
INSERT INTO sys_user (id, school_email, password) VALUES (1155, 'u20220155', 'Campus@20223315');
INSERT INTO student_resume (user_id, real_name, contact_phone, major, personal_statement, raw_text, structured_data) VALUES (1155, '何博昊', '193555075859', '数字媒体技术', '来自 环境科学学院 2022级 级', 'Imported from V2 dataset', '{"skills": "["羽毛球、公益、绘画、电影"]"}');
INSERT INTO student_profile (user_id, interest_tags, weekly_free_hours, commitment_level, personality_type) VALUES (1155, '["羽毛球、公益、绘画、电影"]', 10, 'MED', 'EXPLORER');
INSERT INTO sys_user (id, school_email, password) VALUES (1156, 'u20220156', 'Campus@20223388');
INSERT INTO student_resume (user_id, real_name, contact_phone, major, personal_statement, raw_text, structured_data) VALUES (1156, '彭向琳', '136576688629', '法学', '来自 外国语学院 2022级 级', 'Imported from V2 dataset', '{"skills": "["编程、羽毛球、桌游、公益"]"}');
INSERT INTO student_profile (user_id, interest_tags, weekly_free_hours, commitment_level, personality_type) VALUES (1156, '["编程、羽毛球、桌游、公益"]', 10, 'MED', 'EXPLORER');
INSERT INTO sys_user (id, school_email, password) VALUES (1157, 'u20220157', 'Campus@20223461');
INSERT INTO student_resume (user_id, real_name, contact_phone, major, personal_statement, raw_text, structured_data) VALUES (1157, '韩依', '185638409727', '新闻学', '来自 社会发展学院 2022级 级', 'Imported from V2 dataset', '{"skills": "["摄影、阅读、桌游、音乐"]"}');
INSERT INTO student_profile (user_id, interest_tags, weekly_free_hours, commitment_level, personality_type) VALUES (1157, '["摄影、阅读、桌游、音乐"]', 10, 'MED', 'EXPLORER');
INSERT INTO sys_user (id, school_email, password) VALUES (1158, 'u20220158', 'Campus@20223534');
INSERT INTO student_resume (user_id, real_name, contact_phone, major, personal_statement, raw_text, structured_data) VALUES (1158, '李怡', '174071046916', '新闻学', '来自 建筑工程学院 2022级 级', 'Imported from V2 dataset', '{"skills": "["羽毛球、摄影、志愿服务、桌游"]"}');
INSERT INTO student_profile (user_id, interest_tags, weekly_free_hours, commitment_level, personality_type) VALUES (1158, '["羽毛球、摄影、志愿服务、桌游"]', 10, 'MED', 'EXPLORER');
INSERT INTO sys_user (id, school_email, password) VALUES (1159, 'u20220159', 'Campus@20223607');
INSERT INTO student_resume (user_id, real_name, contact_phone, major, personal_statement, raw_text, structured_data) VALUES (1159, '郭宁禾', '134682054799', '历史学', '来自 社会发展学院 2022级 级', 'Imported from V2 dataset', '{"skills": "["桌游、绘画、短视频、辩论"]"}');
INSERT INTO student_profile (user_id, interest_tags, weekly_free_hours, commitment_level, personality_type) VALUES (1159, '["桌游、绘画、短视频、辩论"]', 10, 'MED', 'EXPLORER');
INSERT INTO sys_user (id, school_email, password) VALUES (1160, 'u20220160', 'Campus@20223680');
INSERT INTO student_resume (user_id, real_name, contact_phone, major, personal_statement, raw_text, structured_data) VALUES (1160, '郭浩川', '132081484615', '机械设计制造及其自动化', '来自 法学院 2022级 级', 'Imported from V2 dataset', '{"skills": "["编程、短视频、电影、摄影"]"}');
INSERT INTO student_profile (user_id, interest_tags, weekly_free_hours, commitment_level, personality_type) VALUES (1160, '["编程、短视频、电影、摄影"]', 10, 'MED', 'EXPLORER');
INSERT INTO sys_user (id, school_email, password) VALUES (1161, 'u20220161', 'Campus@20223753');
INSERT INTO student_resume (user_id, real_name, contact_phone, major, personal_statement, raw_text, structured_data) VALUES (1161, '高乐', '186831917008', '会计学', '来自 理学院 2022级 级', 'Imported from V2 dataset', '{"skills": "["阅读、公益、摄影、音乐"]"}');
INSERT INTO student_profile (user_id, interest_tags, weekly_free_hours, commitment_level, personality_type) VALUES (1161, '["阅读、公益、摄影、音乐"]', 10, 'MED', 'EXPLORER');
INSERT INTO sys_user (id, school_email, password) VALUES (1162, 'u20220162', 'Campus@20223826');
INSERT INTO student_resume (user_id, real_name, contact_phone, major, personal_statement, raw_text, structured_data) VALUES (1162, '于泽', '158569148614', '生物工程', '来自 理学院 2022级 级', 'Imported from V2 dataset', '{"skills": "["短视频、志愿服务、编程、创业"]"}');
INSERT INTO student_profile (user_id, interest_tags, weekly_free_hours, commitment_level, personality_type) VALUES (1162, '["短视频、志愿服务、编程、创业"]', 10, 'MED', 'EXPLORER');
INSERT INTO sys_user (id, school_email, password) VALUES (1163, 'u20220163', 'Campus@20223899');
INSERT INTO student_resume (user_id, real_name, contact_phone, major, personal_statement, raw_text, structured_data) VALUES (1163, '赵言悦', '179592238726', '信息管理与信息系统', '来自 经济管理学院 2022级 级', 'Imported from V2 dataset', '{"skills": "["羽毛球、辩论、编程、跑步"]"}');
INSERT INTO student_profile (user_id, interest_tags, weekly_free_hours, commitment_level, personality_type) VALUES (1163, '["羽毛球、辩论、编程、跑步"]', 10, 'MED', 'EXPLORER');
INSERT INTO sys_user (id, school_email, password) VALUES (1164, 'u20220164', 'Campus@20223972');
INSERT INTO student_resume (user_id, real_name, contact_phone, major, personal_statement, raw_text, structured_data) VALUES (1164, '胡俊', '152413486998', '市场营销', '来自 计算机学院 2022级 级', 'Imported from V2 dataset', '{"skills": "["编程、绘画、羽毛球、辩论"]"}');
INSERT INTO student_profile (user_id, interest_tags, weekly_free_hours, commitment_level, personality_type) VALUES (1164, '["编程、绘画、羽毛球、辩论"]', 10, 'MED', 'EXPLORER');
INSERT INTO sys_user (id, school_email, password) VALUES (1165, 'u20220165', 'Campus@20224045');
INSERT INTO student_resume (user_id, real_name, contact_phone, major, personal_statement, raw_text, structured_data) VALUES (1165, '马启', '194114767772', '传播学', '来自 文学院 2022级 级', 'Imported from V2 dataset', '{"skills": "["设计、创业、辩论、志愿服务"]"}');
INSERT INTO student_profile (user_id, interest_tags, weekly_free_hours, commitment_level, personality_type) VALUES (1165, '["设计、创业、辩论、志愿服务"]', 10, 'MED', 'EXPLORER');
INSERT INTO sys_user (id, school_email, password) VALUES (1166, 'u20220166', 'Campus@20224118');
INSERT INTO student_resume (user_id, real_name, contact_phone, major, personal_statement, raw_text, structured_data) VALUES (1166, '董明', '176984025939', '环境工程', '来自 文学院 2022级 级', 'Imported from V2 dataset', '{"skills": "["跑步、摄影、阅读、旅行"]"}');
INSERT INTO student_profile (user_id, interest_tags, weekly_free_hours, commitment_level, personality_type) VALUES (1166, '["跑步、摄影、阅读、旅行"]', 10, 'MED', 'EXPLORER');
INSERT INTO sys_user (id, school_email, password) VALUES (1167, 'u20220167', 'Campus@20224191');
INSERT INTO student_resume (user_id, real_name, contact_phone, major, personal_statement, raw_text, structured_data) VALUES (1167, '郑睿', '187116659558', '土木工程', '来自 建筑工程学院 2022级 级', 'Imported from V2 dataset', '{"skills": "["阅读、桌游、音乐、短视频"]"}');
INSERT INTO student_profile (user_id, interest_tags, weekly_free_hours, commitment_level, personality_type) VALUES (1167, '["阅读、桌游、音乐、短视频"]', 10, 'MED', 'EXPLORER');
INSERT INTO sys_user (id, school_email, password) VALUES (1168, 'u20220168', 'Campus@20224264');
INSERT INTO student_resume (user_id, real_name, contact_phone, major, personal_statement, raw_text, structured_data) VALUES (1168, '王佳', '138316004257', '建筑学', '来自 新闻传播学院 2022级 级', 'Imported from V2 dataset', '{"skills": "["短视频、旅行、编程、羽毛球"]"}');
INSERT INTO student_profile (user_id, interest_tags, weekly_free_hours, commitment_level, personality_type) VALUES (1168, '["短视频、旅行、编程、羽毛球"]', 10, 'MED', 'EXPLORER');
INSERT INTO sys_user (id, school_email, password) VALUES (1169, 'u20220169', 'Campus@20224337');
INSERT INTO student_resume (user_id, real_name, contact_phone, major, personal_statement, raw_text, structured_data) VALUES (1169, '宋欣轩', '152823244102', '土木工程', '来自 理学院 2022级 级', 'Imported from V2 dataset', '{"skills": "["编程、公益、旅行、辩论"]"}');
INSERT INTO student_profile (user_id, interest_tags, weekly_free_hours, commitment_level, personality_type) VALUES (1169, '["编程、公益、旅行、辩论"]', 10, 'MED', 'EXPLORER');
INSERT INTO sys_user (id, school_email, password) VALUES (1170, 'u20220170', 'Campus@20224410');
INSERT INTO student_resume (user_id, real_name, contact_phone, major, personal_statement, raw_text, structured_data) VALUES (1170, '韩亦', '196355061906', '机械设计制造及其自动化', '来自 计算机学院 2022级 级', 'Imported from V2 dataset', '{"skills": "["音乐、短视频、桌游、旅行"]"}');
INSERT INTO student_profile (user_id, interest_tags, weekly_free_hours, commitment_level, personality_type) VALUES (1170, '["音乐、短视频、桌游、旅行"]', 10, 'MED', 'EXPLORER');
INSERT INTO sys_user (id, school_email, password) VALUES (1171, 'u20220171', 'Campus@20224483');
INSERT INTO student_resume (user_id, real_name, contact_phone, major, personal_statement, raw_text, structured_data) VALUES (1171, '曹诗辰', '171384507576', '数学与应用数学', '来自 理学院 2022级 级', 'Imported from V2 dataset', '{"skills": "["辩论、摄影、创业、音乐"]"}');
INSERT INTO student_profile (user_id, interest_tags, weekly_free_hours, commitment_level, personality_type) VALUES (1171, '["辩论、摄影、创业、音乐"]', 10, 'MED', 'EXPLORER');
INSERT INTO sys_user (id, school_email, password) VALUES (1172, 'u20220172', 'Campus@20224556');
INSERT INTO student_resume (user_id, real_name, contact_phone, major, personal_statement, raw_text, structured_data) VALUES (1172, '郑文', '175294308836', '人工智能', '来自 新闻传播学院 2022级 级', 'Imported from V2 dataset', '{"skills": "["公益、短视频、音乐、志愿服务"]"}');
INSERT INTO student_profile (user_id, interest_tags, weekly_free_hours, commitment_level, personality_type) VALUES (1172, '["公益、短视频、音乐、志愿服务"]', 10, 'MED', 'EXPLORER');
INSERT INTO sys_user (id, school_email, password) VALUES (1173, 'u20220173', 'Campus@20224629');
INSERT INTO student_resume (user_id, real_name, contact_phone, major, personal_statement, raw_text, structured_data) VALUES (1173, '余佳沫', '156726055013', '传播学', '来自 环境科学学院 2022级 级', 'Imported from V2 dataset', '{"skills": "["音乐、旅行、辩论、设计"]"}');
INSERT INTO student_profile (user_id, interest_tags, weekly_free_hours, commitment_level, personality_type) VALUES (1173, '["音乐、旅行、辩论、设计"]', 10, 'MED', 'EXPLORER');
INSERT INTO sys_user (id, school_email, password) VALUES (1174, 'u20220174', 'Campus@20224702');
INSERT INTO student_resume (user_id, real_name, contact_phone, major, personal_statement, raw_text, structured_data) VALUES (1174, '马清雯', '153450851388', '教育学', '来自 新闻传播学院 2022级 级', 'Imported from V2 dataset', '{"skills": "["音乐、辩论、旅行、设计"]"}');
INSERT INTO student_profile (user_id, interest_tags, weekly_free_hours, commitment_level, personality_type) VALUES (1174, '["音乐、辩论、旅行、设计"]', 10, 'MED', 'EXPLORER');
INSERT INTO sys_user (id, school_email, password) VALUES (1175, 'u20220175', 'Campus@20224775');
INSERT INTO student_resume (user_id, real_name, contact_phone, major, personal_statement, raw_text, structured_data) VALUES (1175, '王宁屿', '132135457665', '英语', '来自 文学院 2022级 级', 'Imported from V2 dataset', '{"skills": "["阅读、羽毛球、辩论、公益"]"}');
INSERT INTO student_profile (user_id, interest_tags, weekly_free_hours, commitment_level, personality_type) VALUES (1175, '["阅读、羽毛球、辩论、公益"]', 10, 'MED', 'EXPLORER');
INSERT INTO sys_user (id, school_email, password) VALUES (1176, 'u20220176', 'Campus@20224848');
INSERT INTO student_resume (user_id, real_name, contact_phone, major, personal_statement, raw_text, structured_data) VALUES (1176, '蔡南熙', '139850297927', '市场营销', '来自 新闻传播学院 2022级 级', 'Imported from V2 dataset', '{"skills": "["旅行、辩论、阅读、电影"]"}');
INSERT INTO student_profile (user_id, interest_tags, weekly_free_hours, commitment_level, personality_type) VALUES (1176, '["旅行、辩论、阅读、电影"]', 10, 'MED', 'EXPLORER');
INSERT INTO sys_user (id, school_email, password) VALUES (1177, 'u20220177', 'Campus@20224921');
INSERT INTO student_resume (user_id, real_name, contact_phone, major, personal_statement, raw_text, structured_data) VALUES (1177, '许清昊', '181295013748', '市场营销', '来自 理学院 2022级 级', 'Imported from V2 dataset', '{"skills": "["设计、音乐、旅行、桌游"]"}');
INSERT INTO student_profile (user_id, interest_tags, weekly_free_hours, commitment_level, personality_type) VALUES (1177, '["设计、音乐、旅行、桌游"]', 10, 'MED', 'EXPLORER');
INSERT INTO sys_user (id, school_email, password) VALUES (1178, 'u20220178', 'Campus@20224994');
INSERT INTO student_resume (user_id, real_name, contact_phone, major, personal_statement, raw_text, structured_data) VALUES (1178, '孙言禾', '139019677416', '英语', '来自 信息工程学院 2022级 级', 'Imported from V2 dataset', '{"skills": "["跑步、阅读、短视频、编程"]"}');
INSERT INTO student_profile (user_id, interest_tags, weekly_free_hours, commitment_level, personality_type) VALUES (1178, '["跑步、阅读、短视频、编程"]', 10, 'MED', 'EXPLORER');
INSERT INTO sys_user (id, school_email, password) VALUES (1179, 'u20220179', 'Campus@20225067');
INSERT INTO student_resume (user_id, real_name, contact_phone, major, personal_statement, raw_text, structured_data) VALUES (1179, '马景言', '186035493889', '教育学', '来自 建筑工程学院 2022级 级', 'Imported from V2 dataset', '{"skills": "["编程、辩论、电影、摄影"]"}');
INSERT INTO student_profile (user_id, interest_tags, weekly_free_hours, commitment_level, personality_type) VALUES (1179, '["编程、辩论、电影、摄影"]', 10, 'MED', 'EXPLORER');
INSERT INTO sys_user (id, school_email, password) VALUES (1180, 'u20220180', 'Campus@20225140');
INSERT INTO student_resume (user_id, real_name, contact_phone, major, personal_statement, raw_text, structured_data) VALUES (1180, '赵文岚', '191562034186', '社会学', '来自 法学院 2022级 级', 'Imported from V2 dataset', '{"skills": "["阅读、设计、志愿服务、跑步"]"}');
INSERT INTO student_profile (user_id, interest_tags, weekly_free_hours, commitment_level, personality_type) VALUES (1180, '["阅读、设计、志愿服务、跑步"]', 10, 'MED', 'EXPLORER');
INSERT INTO sys_user (id, school_email, password) VALUES (1181, 'u20220181', 'Campus@20225213');
INSERT INTO student_resume (user_id, real_name, contact_phone, major, personal_statement, raw_text, structured_data) VALUES (1181, '萧嘉霏', '195134787695', '社会学', '来自 建筑工程学院 2022级 级', 'Imported from V2 dataset', '{"skills": "["公益、音乐、编程、志愿服务"]"}');
INSERT INTO student_profile (user_id, interest_tags, weekly_free_hours, commitment_level, personality_type) VALUES (1181, '["公益、音乐、编程、志愿服务"]', 10, 'MED', 'EXPLORER');
INSERT INTO sys_user (id, school_email, password) VALUES (1182, 'u20220182', 'Campus@20225286');
INSERT INTO student_resume (user_id, real_name, contact_phone, major, personal_statement, raw_text, structured_data) VALUES (1182, '曾言萌', '183472698819', '机械设计制造及其自动化', '来自 建筑工程学院 2022级 级', 'Imported from V2 dataset', '{"skills": "["辩论、音乐、羽毛球、设计"]"}');
INSERT INTO student_profile (user_id, interest_tags, weekly_free_hours, commitment_level, personality_type) VALUES (1182, '["辩论、音乐、羽毛球、设计"]', 10, 'MED', 'EXPLORER');
INSERT INTO sys_user (id, school_email, password) VALUES (1183, 'u20220183', 'Campus@20225359');
INSERT INTO student_resume (user_id, real_name, contact_phone, major, personal_statement, raw_text, structured_data) VALUES (1183, '谢睿彤', '172945357225', '金融学', '来自 法学院 2022级 级', 'Imported from V2 dataset', '{"skills": "["跑步、绘画、摄影、编程"]"}');
INSERT INTO student_profile (user_id, interest_tags, weekly_free_hours, commitment_level, personality_type) VALUES (1183, '["跑步、绘画、摄影、编程"]', 10, 'MED', 'EXPLORER');
INSERT INTO sys_user (id, school_email, password) VALUES (1184, 'u20220184', 'Campus@20225432');
INSERT INTO student_resume (user_id, real_name, contact_phone, major, personal_statement, raw_text, structured_data) VALUES (1184, '谢清', '134060969566', '心理学', '来自 外国语学院 2022级 级', 'Imported from V2 dataset', '{"skills": "["创业、羽毛球、电影、音乐"]"}');
INSERT INTO student_profile (user_id, interest_tags, weekly_free_hours, commitment_level, personality_type) VALUES (1184, '["创业、羽毛球、电影、音乐"]', 10, 'MED', 'EXPLORER');
INSERT INTO sys_user (id, school_email, password) VALUES (1185, 'u20220185', 'Campus@20225505');
INSERT INTO student_resume (user_id, real_name, contact_phone, major, personal_statement, raw_text, structured_data) VALUES (1185, '韩佳琳', '138349698303', '信息管理与信息系统', '来自 法学院 2022级 级', 'Imported from V2 dataset', '{"skills": "["跑步、创业、志愿服务、摄影"]"}');
INSERT INTO student_profile (user_id, interest_tags, weekly_free_hours, commitment_level, personality_type) VALUES (1185, '["跑步、创业、志愿服务、摄影"]', 10, 'MED', 'EXPLORER');
INSERT INTO sys_user (id, school_email, password) VALUES (1186, 'u20220186', 'Campus@20225578');
INSERT INTO student_resume (user_id, real_name, contact_phone, major, personal_statement, raw_text, structured_data) VALUES (1186, '陈亦', '177621045501', '工商管理', '来自 教育学院 2022级 级', 'Imported from V2 dataset', '{"skills": "["桌游、短视频、音乐、设计"]"}');
INSERT INTO student_profile (user_id, interest_tags, weekly_free_hours, commitment_level, personality_type) VALUES (1186, '["桌游、短视频、音乐、设计"]', 10, 'MED', 'EXPLORER');
INSERT INTO sys_user (id, school_email, password) VALUES (1187, 'u20220187', 'Campus@20225651');
INSERT INTO student_resume (user_id, real_name, contact_phone, major, personal_statement, raw_text, structured_data) VALUES (1187, '曹佳晗', '155686423918', '建筑学', '来自 文学院 2022级 级', 'Imported from V2 dataset', '{"skills": "["电影、跑步、旅行、音乐"]"}');
INSERT INTO student_profile (user_id, interest_tags, weekly_free_hours, commitment_level, personality_type) VALUES (1187, '["电影、跑步、旅行、音乐"]', 10, 'MED', 'EXPLORER');
INSERT INTO sys_user (id, school_email, password) VALUES (1188, 'u20220188', 'Campus@20225724');
INSERT INTO student_resume (user_id, real_name, contact_phone, major, personal_statement, raw_text, structured_data) VALUES (1188, '冯诺轩', '174431499969', '数字媒体技术', '来自 法学院 2022级 级', 'Imported from V2 dataset', '{"skills": "["桌游、摄影、编程、音乐"]"}');
INSERT INTO student_profile (user_id, interest_tags, weekly_free_hours, commitment_level, personality_type) VALUES (1188, '["桌游、摄影、编程、音乐"]', 10, 'MED', 'EXPLORER');
INSERT INTO sys_user (id, school_email, password) VALUES (1189, 'u20220189', 'Campus@20225797');
INSERT INTO student_resume (user_id, real_name, contact_phone, major, personal_statement, raw_text, structured_data) VALUES (1189, '马诗', '134461824764', '软件工程', '来自 社会发展学院 2022级 级', 'Imported from V2 dataset', '{"skills": "["羽毛球、短视频、阅读、旅行"]"}');
INSERT INTO student_profile (user_id, interest_tags, weekly_free_hours, commitment_level, personality_type) VALUES (1189, '["羽毛球、短视频、阅读、旅行"]', 10, 'MED', 'EXPLORER');
INSERT INTO sys_user (id, school_email, password) VALUES (1190, 'u20220190', 'Campus@20225870');
INSERT INTO student_resume (user_id, real_name, contact_phone, major, personal_statement, raw_text, structured_data) VALUES (1190, '董欣晗', '132523206889', '心理学', '来自 社会发展学院 2022级 级', 'Imported from V2 dataset', '{"skills": "["跑步、绘画、音乐、公益"]"}');
INSERT INTO student_profile (user_id, interest_tags, weekly_free_hours, commitment_level, personality_type) VALUES (1190, '["跑步、绘画、音乐、公益"]', 10, 'MED', 'EXPLORER');
INSERT INTO sys_user (id, school_email, password) VALUES (1191, 'u20220191', 'Campus@20225943');
INSERT INTO student_resume (user_id, real_name, contact_phone, major, personal_statement, raw_text, structured_data) VALUES (1191, '郭星婷', '157551792122', '新闻学', '来自 经济管理学院 2022级 级', 'Imported from V2 dataset', '{"skills": "["创业、设计、阅读、志愿服务"]"}');
INSERT INTO student_profile (user_id, interest_tags, weekly_free_hours, commitment_level, personality_type) VALUES (1191, '["创业、设计、阅读、志愿服务"]', 10, 'MED', 'EXPLORER');
INSERT INTO sys_user (id, school_email, password) VALUES (1192, 'u20220192', 'Campus@20226016');
INSERT INTO student_resume (user_id, real_name, contact_phone, major, personal_statement, raw_text, structured_data) VALUES (1192, '黄柏', '156625113468', '生物工程', '来自 教育学院 2022级 级', 'Imported from V2 dataset', '{"skills": "["跑步、电影、旅行、羽毛球"]"}');
INSERT INTO student_profile (user_id, interest_tags, weekly_free_hours, commitment_level, personality_type) VALUES (1192, '["跑步、电影、旅行、羽毛球"]', 10, 'MED', 'EXPLORER');
INSERT INTO sys_user (id, school_email, password) VALUES (1193, 'u20220193', 'Campus@20226089');
INSERT INTO student_resume (user_id, real_name, contact_phone, major, personal_statement, raw_text, structured_data) VALUES (1193, '朱佳雯', '177233726093', '建筑学', '来自 新闻传播学院 2022级 级', 'Imported from V2 dataset', '{"skills": "["音乐、创业、旅行、设计"]"}');
INSERT INTO student_profile (user_id, interest_tags, weekly_free_hours, commitment_level, personality_type) VALUES (1193, '["音乐、创业、旅行、设计"]', 10, 'MED', 'EXPLORER');
INSERT INTO sys_user (id, school_email, password) VALUES (1194, 'u20220194', 'Campus@20226162');
INSERT INTO student_resume (user_id, real_name, contact_phone, major, personal_statement, raw_text, structured_data) VALUES (1194, '何雨昊', '182721204299', '自动化', '来自 理学院 2022级 级', 'Imported from V2 dataset', '{"skills": "["旅行、绘画、电影、阅读"]"}');
INSERT INTO student_profile (user_id, interest_tags, weekly_free_hours, commitment_level, personality_type) VALUES (1194, '["旅行、绘画、电影、阅读"]', 10, 'MED', 'EXPLORER');
INSERT INTO sys_user (id, school_email, password) VALUES (1195, 'u20220195', 'Campus@20226235');
INSERT INTO student_resume (user_id, real_name, contact_phone, major, personal_statement, raw_text, structured_data) VALUES (1195, '郭晨', '198876925401', '网络空间安全', '来自 经济管理学院 2022级 级', 'Imported from V2 dataset', '{"skills": "["公益、短视频、电影、音乐"]"}');
INSERT INTO student_profile (user_id, interest_tags, weekly_free_hours, commitment_level, personality_type) VALUES (1195, '["公益、短视频、电影、音乐"]', 10, 'MED', 'EXPLORER');
INSERT INTO sys_user (id, school_email, password) VALUES (1196, 'u20220196', 'Campus@20226308');
INSERT INTO student_resume (user_id, real_name, contact_phone, major, personal_statement, raw_text, structured_data) VALUES (1196, '宋乐', '131414779432', '心理学', '来自 教育学院 2022级 级', 'Imported from V2 dataset', '{"skills": "["羽毛球、辩论、志愿服务、音乐"]"}');
INSERT INTO student_profile (user_id, interest_tags, weekly_free_hours, commitment_level, personality_type) VALUES (1196, '["羽毛球、辩论、志愿服务、音乐"]', 10, 'MED', 'EXPLORER');
INSERT INTO sys_user (id, school_email, password) VALUES (1197, 'u20220197', 'Campus@20226381');
INSERT INTO student_resume (user_id, real_name, contact_phone, major, personal_statement, raw_text, structured_data) VALUES (1197, '马诺诚', '153333031316', '教育学', '来自 经济管理学院 2022级 级', 'Imported from V2 dataset', '{"skills": "["绘画、辩论、桌游、创业"]"}');
INSERT INTO student_profile (user_id, interest_tags, weekly_free_hours, commitment_level, personality_type) VALUES (1197, '["绘画、辩论、桌游、创业"]', 10, 'MED', 'EXPLORER');
INSERT INTO sys_user (id, school_email, password) VALUES (1198, 'u20220198', 'Campus@20226454');
INSERT INTO student_resume (user_id, real_name, contact_phone, major, personal_statement, raw_text, structured_data) VALUES (1198, '张言雅', '199995151635', '电子信息工程', '来自 社会发展学院 2022级 级', 'Imported from V2 dataset', '{"skills": "["电影、音乐、旅行、设计"]"}');
INSERT INTO student_profile (user_id, interest_tags, weekly_free_hours, commitment_level, personality_type) VALUES (1198, '["电影、音乐、旅行、设计"]', 10, 'MED', 'EXPLORER');
INSERT INTO sys_user (id, school_email, password) VALUES (1199, 'u20220199', 'Campus@20226527');
INSERT INTO student_resume (user_id, real_name, contact_phone, major, personal_statement, raw_text, structured_data) VALUES (1199, '王言菲', '174444039555', '人工智能', '来自 信息工程学院 2022级 级', 'Imported from V2 dataset', '{"skills": "["设计、辩论、创业、短视频"]"}');
INSERT INTO student_profile (user_id, interest_tags, weekly_free_hours, commitment_level, personality_type) VALUES (1199, '["设计、辩论、创业、短视频"]', 10, 'MED', 'EXPLORER');
INSERT INTO sys_user (id, school_email, password) VALUES (1200, 'u20220200', 'Campus@20226600');
INSERT INTO student_resume (user_id, real_name, contact_phone, major, personal_statement, raw_text, structured_data) VALUES (1200, '谢若', '157911264084', '生物工程', '来自 理学院 2022级 级', 'Imported from V2 dataset', '{"skills": "["短视频、创业、设计、编程"]"}');
INSERT INTO student_profile (user_id, interest_tags, weekly_free_hours, commitment_level, personality_type) VALUES (1200, '["短视频、创业、设计、编程"]', 10, 'MED', 'EXPLORER');
INSERT INTO sys_user (id, school_email, password) VALUES (1201, 'u20230201', 'Campus@20236673');
INSERT INTO student_resume (user_id, real_name, contact_phone, major, personal_statement, raw_text, structured_data) VALUES (1201, '余若璇', '175427356729', '汉语言文学', '来自 外国语学院 2023级 级', 'Imported from V2 dataset', '{"skills": "["桌游、短视频、电影、阅读"]"}');
INSERT INTO student_profile (user_id, interest_tags, weekly_free_hours, commitment_level, personality_type) VALUES (1201, '["桌游、短视频、电影、阅读"]', 10, 'MED', 'EXPLORER');
INSERT INTO sys_user (id, school_email, password) VALUES (1202, 'u20230202', 'Campus@20236746');
INSERT INTO student_resume (user_id, real_name, contact_phone, major, personal_statement, raw_text, structured_data) VALUES (1202, '何书晗', '184510855142', '人工智能', '来自 教育学院 2023级 级', 'Imported from V2 dataset', '{"skills": "["绘画、设计、摄影、公益"]"}');
INSERT INTO student_profile (user_id, interest_tags, weekly_free_hours, commitment_level, personality_type) VALUES (1202, '["绘画、设计、摄影、公益"]', 10, 'MED', 'EXPLORER');
INSERT INTO sys_user (id, school_email, password) VALUES (1203, 'u20230203', 'Campus@20236819');
INSERT INTO student_resume (user_id, real_name, contact_phone, major, personal_statement, raw_text, structured_data) VALUES (1203, '袁启昊', '137738258717', '会计学', '来自 教育学院 2023级 级', 'Imported from V2 dataset', '{"skills": "["羽毛球、短视频、辩论、桌游"]"}');
INSERT INTO student_profile (user_id, interest_tags, weekly_free_hours, commitment_level, personality_type) VALUES (1203, '["羽毛球、短视频、辩论、桌游"]', 10, 'MED', 'EXPLORER');
INSERT INTO sys_user (id, school_email, password) VALUES (1204, 'u20230204', 'Campus@20236892');
INSERT INTO student_resume (user_id, real_name, contact_phone, major, personal_statement, raw_text, structured_data) VALUES (1204, '李佳宁', '173368113274', '数学与应用数学', '来自 理学院 2023级 级', 'Imported from V2 dataset', '{"skills": "["编程、短视频、阅读、音乐"]"}');
INSERT INTO student_profile (user_id, interest_tags, weekly_free_hours, commitment_level, personality_type) VALUES (1204, '["编程、短视频、阅读、音乐"]', 10, 'MED', 'EXPLORER');
INSERT INTO sys_user (id, school_email, password) VALUES (1205, 'u20230205', 'Campus@20236965');
INSERT INTO student_resume (user_id, real_name, contact_phone, major, personal_statement, raw_text, structured_data) VALUES (1205, '杨一辰', '175353619294', '金融学', '来自 环境科学学院 2023级 级', 'Imported from V2 dataset', '{"skills": "["摄影、公益、桌游、羽毛球"]"}');
INSERT INTO student_profile (user_id, interest_tags, weekly_free_hours, commitment_level, personality_type) VALUES (1205, '["摄影、公益、桌游、羽毛球"]', 10, 'MED', 'EXPLORER');
INSERT INTO sys_user (id, school_email, password) VALUES (1206, 'u20230206', 'Campus@20237038');
INSERT INTO student_resume (user_id, real_name, contact_phone, major, personal_statement, raw_text, structured_data) VALUES (1206, '宋诗', '132924396987', '网络空间安全', '来自 计算机学院 2023级 级', 'Imported from V2 dataset', '{"skills": "["羽毛球、短视频、摄影、绘画"]"}');
INSERT INTO student_profile (user_id, interest_tags, weekly_free_hours, commitment_level, personality_type) VALUES (1206, '["羽毛球、短视频、摄影、绘画"]', 10, 'MED', 'EXPLORER');
INSERT INTO sys_user (id, school_email, password) VALUES (1207, 'u20230207', 'Campus@20237111');
INSERT INTO student_resume (user_id, real_name, contact_phone, major, personal_statement, raw_text, structured_data) VALUES (1207, '董书岚', '195813558285', '汉语言文学', '来自 文学院 2023级 级', 'Imported from V2 dataset', '{"skills": "["电影、创业、公益、摄影"]"}');
INSERT INTO student_profile (user_id, interest_tags, weekly_free_hours, commitment_level, personality_type) VALUES (1207, '["电影、创业、公益、摄影"]', 10, 'MED', 'EXPLORER');
INSERT INTO sys_user (id, school_email, password) VALUES (1208, 'u20230208', 'Campus@20237184');
INSERT INTO student_resume (user_id, real_name, contact_phone, major, personal_statement, raw_text, structured_data) VALUES (1208, '宋安然', '156555228098', '历史学', '来自 新闻传播学院 2023级 级', 'Imported from V2 dataset', '{"skills": "["公益、跑步、音乐、创业"]"}');
INSERT INTO student_profile (user_id, interest_tags, weekly_free_hours, commitment_level, personality_type) VALUES (1208, '["公益、跑步、音乐、创业"]', 10, 'MED', 'EXPLORER');
INSERT INTO sys_user (id, school_email, password) VALUES (1209, 'u20230209', 'Campus@20237257');
INSERT INTO student_resume (user_id, real_name, contact_phone, major, personal_statement, raw_text, structured_data) VALUES (1209, '郭景屿', '177525017437', '新闻学', '来自 建筑工程学院 2023级 级', 'Imported from V2 dataset', '{"skills": "["羽毛球、创业、短视频、编程"]"}');
INSERT INTO student_profile (user_id, interest_tags, weekly_free_hours, commitment_level, personality_type) VALUES (1209, '["羽毛球、创业、短视频、编程"]', 10, 'MED', 'EXPLORER');
INSERT INTO sys_user (id, school_email, password) VALUES (1210, 'u20230210', 'Campus@20237330');
INSERT INTO student_resume (user_id, real_name, contact_phone, major, personal_statement, raw_text, structured_data) VALUES (1210, '韩浩岚', '177234387451', '信息管理与信息系统', '来自 法学院 2023级 级', 'Imported from V2 dataset', '{"skills": "["志愿服务、摄影、旅行、编程"]"}');
INSERT INTO student_profile (user_id, interest_tags, weekly_free_hours, commitment_level, personality_type) VALUES (1210, '["志愿服务、摄影、旅行、编程"]', 10, 'MED', 'EXPLORER');
INSERT INTO sys_user (id, school_email, password) VALUES (1211, 'u20230211', 'Campus@20237403');
INSERT INTO student_resume (user_id, real_name, contact_phone, major, personal_statement, raw_text, structured_data) VALUES (1211, '谢南川', '192727165159', '计算机科学与技术', '来自 建筑工程学院 2023级 级', 'Imported from V2 dataset', '{"skills": "["音乐、跑步、辩论、阅读"]"}');
INSERT INTO student_profile (user_id, interest_tags, weekly_free_hours, commitment_level, personality_type) VALUES (1211, '["音乐、跑步、辩论、阅读"]', 10, 'MED', 'EXPLORER');
INSERT INTO sys_user (id, school_email, password) VALUES (1212, 'u20230212', 'Campus@20237476');
INSERT INTO student_resume (user_id, real_name, contact_phone, major, personal_statement, raw_text, structured_data) VALUES (1212, '谢柏诚', '158512387425', '新闻学', '来自 教育学院 2023级 级', 'Imported from V2 dataset', '{"skills": "["电影、羽毛球、阅读、设计"]"}');
INSERT INTO student_profile (user_id, interest_tags, weekly_free_hours, commitment_level, personality_type) VALUES (1212, '["电影、羽毛球、阅读、设计"]', 10, 'MED', 'EXPLORER');
INSERT INTO sys_user (id, school_email, password) VALUES (1213, 'u20230213', 'Campus@20237549');
INSERT INTO student_resume (user_id, real_name, contact_phone, major, personal_statement, raw_text, structured_data) VALUES (1213, '曹亦歌', '198839568309', '建筑学', '来自 社会发展学院 2023级 级', 'Imported from V2 dataset', '{"skills": "["公益、阅读、短视频、桌游"]"}');
INSERT INTO student_profile (user_id, interest_tags, weekly_free_hours, commitment_level, personality_type) VALUES (1213, '["公益、阅读、短视频、桌游"]', 10, 'MED', 'EXPLORER');
INSERT INTO sys_user (id, school_email, password) VALUES (1214, 'u20230214', 'Campus@20237622');
INSERT INTO student_resume (user_id, real_name, contact_phone, major, personal_statement, raw_text, structured_data) VALUES (1214, '唐一', '187884763817', '建筑学', '来自 环境科学学院 2023级 级', 'Imported from V2 dataset', '{"skills": "["电影、旅行、创业、短视频"]"}');
INSERT INTO student_profile (user_id, interest_tags, weekly_free_hours, commitment_level, personality_type) VALUES (1214, '["电影、旅行、创业、短视频"]', 10, 'MED', 'EXPLORER');
INSERT INTO sys_user (id, school_email, password) VALUES (1215, 'u20230215', 'Campus@20237695');
INSERT INTO student_resume (user_id, real_name, contact_phone, major, personal_statement, raw_text, structured_data) VALUES (1215, '胡嘉诚', '175995853567', '数字媒体技术', '来自 法学院 2023级 级', 'Imported from V2 dataset', '{"skills": "["羽毛球、短视频、音乐、编程"]"}');
INSERT INTO student_profile (user_id, interest_tags, weekly_free_hours, commitment_level, personality_type) VALUES (1215, '["羽毛球、短视频、音乐、编程"]', 10, 'MED', 'EXPLORER');
INSERT INTO sys_user (id, school_email, password) VALUES (1216, 'u20230216', 'Campus@20237768');
INSERT INTO student_resume (user_id, real_name, contact_phone, major, personal_statement, raw_text, structured_data) VALUES (1216, '于启晗', '184550316682', '金融学', '来自 新闻传播学院 2023级 级', 'Imported from V2 dataset', '{"skills": "["阅读、跑步、桌游、辩论"]"}');
INSERT INTO student_profile (user_id, interest_tags, weekly_free_hours, commitment_level, personality_type) VALUES (1216, '["阅读、跑步、桌游、辩论"]', 10, 'MED', 'EXPLORER');
INSERT INTO sys_user (id, school_email, password) VALUES (1217, 'u20230217', 'Campus@20237841');
INSERT INTO student_resume (user_id, real_name, contact_phone, major, personal_statement, raw_text, structured_data) VALUES (1217, '王睿', '194559798607', '金融学', '来自 理学院 2023级 级', 'Imported from V2 dataset', '{"skills": "["摄影、音乐、桌游、旅行"]"}');
INSERT INTO student_profile (user_id, interest_tags, weekly_free_hours, commitment_level, personality_type) VALUES (1217, '["摄影、音乐、桌游、旅行"]', 10, 'MED', 'EXPLORER');
INSERT INTO sys_user (id, school_email, password) VALUES (1218, 'u20230218', 'Campus@20237914');
INSERT INTO student_resume (user_id, real_name, contact_phone, major, personal_statement, raw_text, structured_data) VALUES (1218, '胡南珂', '188510973821', '建筑学', '来自 建筑工程学院 2023级 级', 'Imported from V2 dataset', '{"skills": "["电影、桌游、志愿服务、阅读"]"}');
INSERT INTO student_profile (user_id, interest_tags, weekly_free_hours, commitment_level, personality_type) VALUES (1218, '["电影、桌游、志愿服务、阅读"]', 10, 'MED', 'EXPLORER');
INSERT INTO sys_user (id, school_email, password) VALUES (1219, 'u20230219', 'Campus@20237987');
INSERT INTO student_resume (user_id, real_name, contact_phone, major, personal_statement, raw_text, structured_data) VALUES (1219, '郭天航', '176055997940', '历史学', '来自 外国语学院 2023级 级', 'Imported from V2 dataset', '{"skills": "["创业、设计、旅行、辩论"]"}');
INSERT INTO student_profile (user_id, interest_tags, weekly_free_hours, commitment_level, personality_type) VALUES (1219, '["创业、设计、旅行、辩论"]', 10, 'MED', 'EXPLORER');
INSERT INTO sys_user (id, school_email, password) VALUES (1220, 'u20230220', 'Campus@20238060');
INSERT INTO student_resume (user_id, real_name, contact_phone, major, personal_statement, raw_text, structured_data) VALUES (1220, '朱欣', '196174071744', '汉语言文学', '来自 社会发展学院 2023级 级', 'Imported from V2 dataset', '{"skills": "["电影、音乐、志愿服务、短视频"]"}');
INSERT INTO student_profile (user_id, interest_tags, weekly_free_hours, commitment_level, personality_type) VALUES (1220, '["电影、音乐、志愿服务、短视频"]', 10, 'MED', 'EXPLORER');
INSERT INTO sys_user (id, school_email, password) VALUES (1221, 'u20230221', 'Campus@20238133');
INSERT INTO student_resume (user_id, real_name, contact_phone, major, personal_statement, raw_text, structured_data) VALUES (1221, '刘可远', '157624439757', '土木工程', '来自 信息工程学院 2023级 级', 'Imported from V2 dataset', '{"skills": "["旅行、创业、辩论、志愿服务"]"}');
INSERT INTO student_profile (user_id, interest_tags, weekly_free_hours, commitment_level, personality_type) VALUES (1221, '["旅行、创业、辩论、志愿服务"]', 10, 'MED', 'EXPLORER');
INSERT INTO sys_user (id, school_email, password) VALUES (1222, 'u20230222', 'Campus@20238206');
INSERT INTO student_resume (user_id, real_name, contact_phone, major, personal_statement, raw_text, structured_data) VALUES (1222, '高浩宁', '138454172737', '工商管理', '来自 新闻传播学院 2023级 级', 'Imported from V2 dataset', '{"skills": "["音乐、羽毛球、电影、阅读"]"}');
INSERT INTO student_profile (user_id, interest_tags, weekly_free_hours, commitment_level, personality_type) VALUES (1222, '["音乐、羽毛球、电影、阅读"]', 10, 'MED', 'EXPLORER');
INSERT INTO sys_user (id, school_email, password) VALUES (1223, 'u20230223', 'Campus@20238279');
INSERT INTO student_resume (user_id, real_name, contact_phone, major, personal_statement, raw_text, structured_data) VALUES (1223, '曾一', '197959006023', '人工智能', '来自 教育学院 2023级 级', 'Imported from V2 dataset', '{"skills": "["跑步、音乐、创业、辩论"]"}');
INSERT INTO student_profile (user_id, interest_tags, weekly_free_hours, commitment_level, personality_type) VALUES (1223, '["跑步、音乐、创业、辩论"]', 10, 'MED', 'EXPLORER');
INSERT INTO sys_user (id, school_email, password) VALUES (1224, 'u20230224', 'Campus@20238352');
INSERT INTO student_resume (user_id, real_name, contact_phone, major, personal_statement, raw_text, structured_data) VALUES (1224, '韩博霖', '179592719854', '汉语言文学', '来自 信息工程学院 2023级 级', 'Imported from V2 dataset', '{"skills": "["旅行、设计、跑步、摄影"]"}');
INSERT INTO student_profile (user_id, interest_tags, weekly_free_hours, commitment_level, personality_type) VALUES (1224, '["旅行、设计、跑步、摄影"]', 10, 'MED', 'EXPLORER');
INSERT INTO sys_user (id, school_email, password) VALUES (1225, 'u20230225', 'Campus@20238425');
INSERT INTO student_resume (user_id, real_name, contact_phone, major, personal_statement, raw_text, structured_data) VALUES (1225, '王星瑶', '156565361813', '会计学', '来自 环境科学学院 2023级 级', 'Imported from V2 dataset', '{"skills": "["音乐、公益、摄影、创业"]"}');
INSERT INTO student_profile (user_id, interest_tags, weekly_free_hours, commitment_level, personality_type) VALUES (1225, '["音乐、公益、摄影、创业"]', 10, 'MED', 'EXPLORER');
INSERT INTO sys_user (id, school_email, password) VALUES (1226, 'u20230226', 'Campus@20238498');
INSERT INTO student_resume (user_id, real_name, contact_phone, major, personal_statement, raw_text, structured_data) VALUES (1226, '刘柏', '199427394365', '英语', '来自 环境科学学院 2023级 级', 'Imported from V2 dataset', '{"skills": "["阅读、志愿服务、桌游、短视频"]"}');
INSERT INTO student_profile (user_id, interest_tags, weekly_free_hours, commitment_level, personality_type) VALUES (1226, '["阅读、志愿服务、桌游、短视频"]', 10, 'MED', 'EXPLORER');
INSERT INTO sys_user (id, school_email, password) VALUES (1227, 'u20230227', 'Campus@20238571');
INSERT INTO student_resume (user_id, real_name, contact_phone, major, personal_statement, raw_text, structured_data) VALUES (1227, '彭安菲', '154923877735', '电子信息工程', '来自 法学院 2023级 级', 'Imported from V2 dataset', '{"skills": "["阅读、音乐、桌游、电影"]"}');
INSERT INTO student_profile (user_id, interest_tags, weekly_free_hours, commitment_level, personality_type) VALUES (1227, '["阅读、音乐、桌游、电影"]', 10, 'MED', 'EXPLORER');
INSERT INTO sys_user (id, school_email, password) VALUES (1228, 'u20230228', 'Campus@20238644');
INSERT INTO student_resume (user_id, real_name, contact_phone, major, personal_statement, raw_text, structured_data) VALUES (1228, '袁乐远', '172448324595', '法学', '来自 社会发展学院 2023级 级', 'Imported from V2 dataset', '{"skills": "["摄影、绘画、短视频、阅读"]"}');
INSERT INTO student_profile (user_id, interest_tags, weekly_free_hours, commitment_level, personality_type) VALUES (1228, '["摄影、绘画、短视频、阅读"]', 10, 'MED', 'EXPLORER');
INSERT INTO sys_user (id, school_email, password) VALUES (1229, 'u20230229', 'Campus@20238717');
INSERT INTO student_resume (user_id, real_name, contact_phone, major, personal_statement, raw_text, structured_data) VALUES (1229, '马若悦', '155785381063', '金融学', '来自 环境科学学院 2023级 级', 'Imported from V2 dataset', '{"skills": "["跑步、电影、辩论、志愿服务"]"}');
INSERT INTO student_profile (user_id, interest_tags, weekly_free_hours, commitment_level, personality_type) VALUES (1229, '["跑步、电影、辩论、志愿服务"]', 10, 'MED', 'EXPLORER');
INSERT INTO sys_user (id, school_email, password) VALUES (1230, 'u20230230', 'Campus@20238790');
INSERT INTO student_resume (user_id, real_name, contact_phone, major, personal_statement, raw_text, structured_data) VALUES (1230, '蒋安', '178018268009', '传播学', '来自 建筑工程学院 2023级 级', 'Imported from V2 dataset', '{"skills": "["编程、音乐、羽毛球、跑步"]"}');
INSERT INTO student_profile (user_id, interest_tags, weekly_free_hours, commitment_level, personality_type) VALUES (1230, '["编程、音乐、羽毛球、跑步"]', 10, 'MED', 'EXPLORER');
INSERT INTO sys_user (id, school_email, password) VALUES (1231, 'u20230231', 'Campus@20238863');
INSERT INTO student_resume (user_id, real_name, contact_phone, major, personal_statement, raw_text, structured_data) VALUES (1231, '吴清然', '187625283530', '生物工程', '来自 建筑工程学院 2023级 级', 'Imported from V2 dataset', '{"skills": "["绘画、设计、摄影、阅读"]"}');
INSERT INTO student_profile (user_id, interest_tags, weekly_free_hours, commitment_level, personality_type) VALUES (1231, '["绘画、设计、摄影、阅读"]', 10, 'MED', 'EXPLORER');
INSERT INTO sys_user (id, school_email, password) VALUES (1232, 'u20230232', 'Campus@20238936');
INSERT INTO student_resume (user_id, real_name, contact_phone, major, personal_statement, raw_text, structured_data) VALUES (1232, '潘宇', '198526222002', '软件工程', '来自 计算机学院 2023级 级', 'Imported from V2 dataset', '{"skills": "["旅行、志愿服务、阅读、编程"]"}');
INSERT INTO student_profile (user_id, interest_tags, weekly_free_hours, commitment_level, personality_type) VALUES (1232, '["旅行、志愿服务、阅读、编程"]', 10, 'MED', 'EXPLORER');
INSERT INTO sys_user (id, school_email, password) VALUES (1233, 'u20230233', 'Campus@20239009');
INSERT INTO student_resume (user_id, real_name, contact_phone, major, personal_statement, raw_text, structured_data) VALUES (1233, '马言言', '139126532226', '工商管理', '来自 信息工程学院 2023级 级', 'Imported from V2 dataset', '{"skills": "["公益、电影、桌游、志愿服务"]"}');
INSERT INTO student_profile (user_id, interest_tags, weekly_free_hours, commitment_level, personality_type) VALUES (1233, '["公益、电影、桌游、志愿服务"]', 10, 'MED', 'EXPLORER');
INSERT INTO sys_user (id, school_email, password) VALUES (1234, 'u20230234', 'Campus@20239082');
INSERT INTO student_resume (user_id, real_name, contact_phone, major, personal_statement, raw_text, structured_data) VALUES (1234, '冯柏', '194194271919', '建筑学', '来自 法学院 2023级 级', 'Imported from V2 dataset', '{"skills": "["公益、编程、阅读、志愿服务"]"}');
INSERT INTO student_profile (user_id, interest_tags, weekly_free_hours, commitment_level, personality_type) VALUES (1234, '["公益、编程、阅读、志愿服务"]', 10, 'MED', 'EXPLORER');
INSERT INTO sys_user (id, school_email, password) VALUES (1235, 'u20230235', 'Campus@20239155');
INSERT INTO student_resume (user_id, real_name, contact_phone, major, personal_statement, raw_text, structured_data) VALUES (1235, '黄亦萱', '175466309117', '市场营销', '来自 文学院 2023级 级', 'Imported from V2 dataset', '{"skills": "["阅读、摄影、跑步、设计"]"}');
INSERT INTO student_profile (user_id, interest_tags, weekly_free_hours, commitment_level, personality_type) VALUES (1235, '["阅读、摄影、跑步、设计"]', 10, 'MED', 'EXPLORER');
INSERT INTO sys_user (id, school_email, password) VALUES (1236, 'u20230236', 'Campus@20239228');
INSERT INTO student_resume (user_id, real_name, contact_phone, major, personal_statement, raw_text, structured_data) VALUES (1236, '蔡宇涵', '156480486238', '数字媒体技术', '来自 建筑工程学院 2023级 级', 'Imported from V2 dataset', '{"skills": "["跑步、旅行、音乐、设计"]"}');
INSERT INTO student_profile (user_id, interest_tags, weekly_free_hours, commitment_level, personality_type) VALUES (1236, '["跑步、旅行、音乐、设计"]', 10, 'MED', 'EXPLORER');
INSERT INTO sys_user (id, school_email, password) VALUES (1237, 'u20230237', 'Campus@20239301');
INSERT INTO student_resume (user_id, real_name, contact_phone, major, personal_statement, raw_text, structured_data) VALUES (1237, '何诗珂', '184790236901', '教育学', '来自 社会发展学院 2023级 级', 'Imported from V2 dataset', '{"skills": "["羽毛球、摄影、跑步、创业"]"}');
INSERT INTO student_profile (user_id, interest_tags, weekly_free_hours, commitment_level, personality_type) VALUES (1237, '["羽毛球、摄影、跑步、创业"]', 10, 'MED', 'EXPLORER');
INSERT INTO sys_user (id, school_email, password) VALUES (1238, 'u20230238', 'Campus@20239374');
INSERT INTO student_resume (user_id, real_name, contact_phone, major, personal_statement, raw_text, structured_data) VALUES (1238, '萧言霏', '177029563131', '数据科学与大数据技术', '来自 经济管理学院 2023级 级', 'Imported from V2 dataset', '{"skills": "["跑步、编程、音乐、公益"]"}');
INSERT INTO student_profile (user_id, interest_tags, weekly_free_hours, commitment_level, personality_type) VALUES (1238, '["跑步、编程、音乐、公益"]', 10, 'MED', 'EXPLORER');
INSERT INTO sys_user (id, school_email, password) VALUES (1239, 'u20230239', 'Campus@20239447');
INSERT INTO student_resume (user_id, real_name, contact_phone, major, personal_statement, raw_text, structured_data) VALUES (1239, '徐可', '193560722308', '法学', '来自 理学院 2023级 级', 'Imported from V2 dataset', '{"skills": "["设计、电影、桌游、羽毛球"]"}');
INSERT INTO student_profile (user_id, interest_tags, weekly_free_hours, commitment_level, personality_type) VALUES (1239, '["设计、电影、桌游、羽毛球"]', 10, 'MED', 'EXPLORER');
INSERT INTO sys_user (id, school_email, password) VALUES (1240, 'u20230240', 'Campus@20239520');
INSERT INTO student_resume (user_id, real_name, contact_phone, major, personal_statement, raw_text, structured_data) VALUES (1240, '黄启歌', '138093436843', '自动化', '来自 新闻传播学院 2023级 级', 'Imported from V2 dataset', '{"skills": "["桌游、辩论、志愿服务、羽毛球"]"}');
INSERT INTO student_profile (user_id, interest_tags, weekly_free_hours, commitment_level, personality_type) VALUES (1240, '["桌游、辩论、志愿服务、羽毛球"]', 10, 'MED', 'EXPLORER');
INSERT INTO sys_user (id, school_email, password) VALUES (1241, 'u20230241', 'Campus@20239593');
INSERT INTO student_resume (user_id, real_name, contact_phone, major, personal_statement, raw_text, structured_data) VALUES (1241, '林浩祺', '159845096410', '数据科学与大数据技术', '来自 教育学院 2023级 级', 'Imported from V2 dataset', '{"skills": "["短视频、编程、羽毛球、公益"]"}');
INSERT INTO student_profile (user_id, interest_tags, weekly_free_hours, commitment_level, personality_type) VALUES (1241, '["短视频、编程、羽毛球、公益"]', 10, 'MED', 'EXPLORER');
INSERT INTO sys_user (id, school_email, password) VALUES (1242, 'u20230242', 'Campus@20239666');
INSERT INTO student_resume (user_id, real_name, contact_phone, major, personal_statement, raw_text, structured_data) VALUES (1242, '王泽宁', '139993965809', '环境工程', '来自 教育学院 2023级 级', 'Imported from V2 dataset', '{"skills": "["志愿服务、旅行、设计、辩论"]"}');
INSERT INTO student_profile (user_id, interest_tags, weekly_free_hours, commitment_level, personality_type) VALUES (1242, '["志愿服务、旅行、设计、辩论"]', 10, 'MED', 'EXPLORER');
INSERT INTO sys_user (id, school_email, password) VALUES (1243, 'u20230243', 'Campus@20239739');
INSERT INTO student_resume (user_id, real_name, contact_phone, major, personal_statement, raw_text, structured_data) VALUES (1243, '李意', '158535888403', '软件工程', '来自 社会发展学院 2023级 级', 'Imported from V2 dataset', '{"skills": "["电影、志愿服务、桌游、创业"]"}');
INSERT INTO student_profile (user_id, interest_tags, weekly_free_hours, commitment_level, personality_type) VALUES (1243, '["电影、志愿服务、桌游、创业"]', 10, 'MED', 'EXPLORER');
INSERT INTO sys_user (id, school_email, password) VALUES (1244, 'u20230244', 'Campus@20239812');
INSERT INTO student_resume (user_id, real_name, contact_phone, major, personal_statement, raw_text, structured_data) VALUES (1244, '袁若远', '193946525081', '数学与应用数学', '来自 文学院 2023级 级', 'Imported from V2 dataset', '{"skills": "["辩论、摄影、创业、羽毛球"]"}');
INSERT INTO student_profile (user_id, interest_tags, weekly_free_hours, commitment_level, personality_type) VALUES (1244, '["辩论、摄影、创业、羽毛球"]', 10, 'MED', 'EXPLORER');
INSERT INTO sys_user (id, school_email, password) VALUES (1245, 'u20230245', 'Campus@20239885');
INSERT INTO student_resume (user_id, real_name, contact_phone, major, personal_statement, raw_text, structured_data) VALUES (1245, '冯乐轩', '188929515149', '社会学', '来自 理学院 2023级 级', 'Imported from V2 dataset', '{"skills": "["阅读、辩论、旅行、志愿服务"]"}');
INSERT INTO student_profile (user_id, interest_tags, weekly_free_hours, commitment_level, personality_type) VALUES (1245, '["阅读、辩论、旅行、志愿服务"]', 10, 'MED', 'EXPLORER');
INSERT INTO sys_user (id, school_email, password) VALUES (1246, 'u20230246', 'Campus@20239958');
INSERT INTO student_resume (user_id, real_name, contact_phone, major, personal_statement, raw_text, structured_data) VALUES (1246, '李卓沫', '156329859390', '信息管理与信息系统', '来自 环境科学学院 2023级 级', 'Imported from V2 dataset', '{"skills": "["电影、桌游、辩论、编程"]"}');
INSERT INTO student_profile (user_id, interest_tags, weekly_free_hours, commitment_level, personality_type) VALUES (1246, '["电影、桌游、辩论、编程"]', 10, 'MED', 'EXPLORER');
INSERT INTO sys_user (id, school_email, password) VALUES (1247, 'u20230247', 'Campus@20231031');
INSERT INTO student_resume (user_id, real_name, contact_phone, major, personal_statement, raw_text, structured_data) VALUES (1247, '胡若', '134021484104', '数字媒体技术', '来自 经济管理学院 2023级 级', 'Imported from V2 dataset', '{"skills": "["跑步、设计、桌游、绘画"]"}');
INSERT INTO student_profile (user_id, interest_tags, weekly_free_hours, commitment_level, personality_type) VALUES (1247, '["跑步、设计、桌游、绘画"]', 10, 'MED', 'EXPLORER');
INSERT INTO sys_user (id, school_email, password) VALUES (1248, 'u20230248', 'Campus@20231104');
INSERT INTO student_resume (user_id, real_name, contact_phone, major, personal_statement, raw_text, structured_data) VALUES (1248, '陈景岚', '188681501118', '市场营销', '来自 建筑工程学院 2023级 级', 'Imported from V2 dataset', '{"skills": "["跑步、设计、电影、桌游"]"}');
INSERT INTO student_profile (user_id, interest_tags, weekly_free_hours, commitment_level, personality_type) VALUES (1248, '["跑步、设计、电影、桌游"]', 10, 'MED', 'EXPLORER');
INSERT INTO sys_user (id, school_email, password) VALUES (1249, 'u20230249', 'Campus@20231177');
INSERT INTO student_resume (user_id, real_name, contact_phone, major, personal_statement, raw_text, structured_data) VALUES (1249, '张若涵', '196136691362', '统计学', '来自 社会发展学院 2023级 级', 'Imported from V2 dataset', '{"skills": "["音乐、摄影、辩论、志愿服务"]"}');
INSERT INTO student_profile (user_id, interest_tags, weekly_free_hours, commitment_level, personality_type) VALUES (1249, '["音乐、摄影、辩论、志愿服务"]', 10, 'MED', 'EXPLORER');
INSERT INTO sys_user (id, school_email, password) VALUES (1250, 'u20230250', 'Campus@20231250');
INSERT INTO student_resume (user_id, real_name, contact_phone, major, personal_statement, raw_text, structured_data) VALUES (1250, '谢泽歌', '152672239885', '工商管理', '来自 外国语学院 2023级 级', 'Imported from V2 dataset', '{"skills": "["音乐、绘画、辩论、阅读"]"}');
INSERT INTO student_profile (user_id, interest_tags, weekly_free_hours, commitment_level, personality_type) VALUES (1250, '["音乐、绘画、辩论、阅读"]', 10, 'MED', 'EXPLORER');
INSERT INTO sys_user (id, school_email, password) VALUES (1251, 'u20230251', 'Campus@20231323');
INSERT INTO student_resume (user_id, real_name, contact_phone, major, personal_statement, raw_text, structured_data) VALUES (1251, '朱可婷', '195847479956', '会计学', '来自 计算机学院 2023级 级', 'Imported from V2 dataset', '{"skills": "["创业、电影、摄影、志愿服务"]"}');
INSERT INTO student_profile (user_id, interest_tags, weekly_free_hours, commitment_level, personality_type) VALUES (1251, '["创业、电影、摄影、志愿服务"]', 10, 'MED', 'EXPLORER');
INSERT INTO sys_user (id, school_email, password) VALUES (1252, 'u20230252', 'Campus@20231396');
INSERT INTO student_resume (user_id, real_name, contact_phone, major, personal_statement, raw_text, structured_data) VALUES (1252, '蒋晨朗', '132980556108', '会计学', '来自 建筑工程学院 2023级 级', 'Imported from V2 dataset', '{"skills": "["设计、羽毛球、桌游、志愿服务"]"}');
INSERT INTO student_profile (user_id, interest_tags, weekly_free_hours, commitment_level, personality_type) VALUES (1252, '["设计、羽毛球、桌游、志愿服务"]', 10, 'MED', 'EXPLORER');
INSERT INTO sys_user (id, school_email, password) VALUES (1253, 'u20230253', 'Campus@20231469');
INSERT INTO student_resume (user_id, real_name, contact_phone, major, personal_statement, raw_text, structured_data) VALUES (1253, '高睿', '182918016471', '信息管理与信息系统', '来自 环境科学学院 2023级 级', 'Imported from V2 dataset', '{"skills": "["辩论、志愿服务、绘画、创业"]"}');
INSERT INTO student_profile (user_id, interest_tags, weekly_free_hours, commitment_level, personality_type) VALUES (1253, '["辩论、志愿服务、绘画、创业"]', 10, 'MED', 'EXPLORER');
INSERT INTO sys_user (id, school_email, password) VALUES (1254, 'u20230254', 'Campus@20231542');
INSERT INTO student_resume (user_id, real_name, contact_phone, major, personal_statement, raw_text, structured_data) VALUES (1254, '宋意祺', '191873009222', '自动化', '来自 文学院 2023级 级', 'Imported from V2 dataset', '{"skills": "["旅行、短视频、摄影、绘画"]"}');
INSERT INTO student_profile (user_id, interest_tags, weekly_free_hours, commitment_level, personality_type) VALUES (1254, '["旅行、短视频、摄影、绘画"]', 10, 'MED', 'EXPLORER');
INSERT INTO sys_user (id, school_email, password) VALUES (1255, 'u20230255', 'Campus@20231615');
INSERT INTO student_resume (user_id, real_name, contact_phone, major, personal_statement, raw_text, structured_data) VALUES (1255, '孙宇', '156815247054', '软件工程', '来自 法学院 2023级 级', 'Imported from V2 dataset', '{"skills": "["跑步、旅行、绘画、公益"]"}');
INSERT INTO student_profile (user_id, interest_tags, weekly_free_hours, commitment_level, personality_type) VALUES (1255, '["跑步、旅行、绘画、公益"]', 10, 'MED', 'EXPLORER');
INSERT INTO sys_user (id, school_email, password) VALUES (1256, 'u20230256', 'Campus@20231688');
INSERT INTO student_resume (user_id, real_name, contact_phone, major, personal_statement, raw_text, structured_data) VALUES (1256, '萧意宸', '152922464714', '信息管理与信息系统', '来自 教育学院 2023级 级', 'Imported from V2 dataset', '{"skills": "["设计、志愿服务、羽毛球、桌游"]"}');
INSERT INTO student_profile (user_id, interest_tags, weekly_free_hours, commitment_level, personality_type) VALUES (1256, '["设计、志愿服务、羽毛球、桌游"]', 10, 'MED', 'EXPLORER');
INSERT INTO sys_user (id, school_email, password) VALUES (1257, 'u20230257', 'Campus@20231761');
INSERT INTO student_resume (user_id, real_name, contact_phone, major, personal_statement, raw_text, structured_data) VALUES (1257, '朱欣霖', '131660479010', '数据科学与大数据技术', '来自 法学院 2023级 级', 'Imported from V2 dataset', '{"skills": "["志愿服务、短视频、绘画、电影"]"}');
INSERT INTO student_profile (user_id, interest_tags, weekly_free_hours, commitment_level, personality_type) VALUES (1257, '["志愿服务、短视频、绘画、电影"]', 10, 'MED', 'EXPLORER');
INSERT INTO sys_user (id, school_email, password) VALUES (1258, 'u20230258', 'Campus@20231834');
INSERT INTO student_resume (user_id, real_name, contact_phone, major, personal_statement, raw_text, structured_data) VALUES (1258, '蒋亦', '184579095118', '英语', '来自 外国语学院 2023级 级', 'Imported from V2 dataset', '{"skills": "["摄影、桌游、设计、公益"]"}');
INSERT INTO student_profile (user_id, interest_tags, weekly_free_hours, commitment_level, personality_type) VALUES (1258, '["摄影、桌游、设计、公益"]', 10, 'MED', 'EXPLORER');
INSERT INTO sys_user (id, school_email, password) VALUES (1259, 'u20230259', 'Campus@20231907');
INSERT INTO student_resume (user_id, real_name, contact_phone, major, personal_statement, raw_text, structured_data) VALUES (1259, '于浩川', '191012739826', '生物工程', '来自 教育学院 2023级 级', 'Imported from V2 dataset', '{"skills": "["旅行、电影、跑步、辩论"]"}');
INSERT INTO student_profile (user_id, interest_tags, weekly_free_hours, commitment_level, personality_type) VALUES (1259, '["旅行、电影、跑步、辩论"]', 10, 'MED', 'EXPLORER');
INSERT INTO sys_user (id, school_email, password) VALUES (1260, 'u20230260', 'Campus@20231980');
INSERT INTO student_resume (user_id, real_name, contact_phone, major, personal_statement, raw_text, structured_data) VALUES (1260, '杨嘉言', '158471164984', '机械设计制造及其自动化', '来自 经济管理学院 2023级 级', 'Imported from V2 dataset', '{"skills": "["志愿服务、摄影、羽毛球、创业"]"}');
INSERT INTO student_profile (user_id, interest_tags, weekly_free_hours, commitment_level, personality_type) VALUES (1260, '["志愿服务、摄影、羽毛球、创业"]', 10, 'MED', 'EXPLORER');
INSERT INTO sys_user (id, school_email, password) VALUES (1261, 'u20230261', 'Campus@20232053');
INSERT INTO student_resume (user_id, real_name, contact_phone, major, personal_statement, raw_text, structured_data) VALUES (1261, '胡启', '157894332151', '信息管理与信息系统', '来自 信息工程学院 2023级 级', 'Imported from V2 dataset', '{"skills": "["桌游、绘画、电影、编程"]"}');
INSERT INTO student_profile (user_id, interest_tags, weekly_free_hours, commitment_level, personality_type) VALUES (1261, '["桌游、绘画、电影、编程"]', 10, 'MED', 'EXPLORER');
INSERT INTO sys_user (id, school_email, password) VALUES (1262, 'u20230262', 'Campus@20232126');
INSERT INTO student_resume (user_id, real_name, contact_phone, major, personal_statement, raw_text, structured_data) VALUES (1262, '田宇然', '173860071979', '新闻学', '来自 建筑工程学院 2023级 级', 'Imported from V2 dataset', '{"skills": "["电影、音乐、旅行、短视频"]"}');
INSERT INTO student_profile (user_id, interest_tags, weekly_free_hours, commitment_level, personality_type) VALUES (1262, '["电影、音乐、旅行、短视频"]', 10, 'MED', 'EXPLORER');
INSERT INTO sys_user (id, school_email, password) VALUES (1263, 'u20230263', 'Campus@20232199');
INSERT INTO student_resume (user_id, real_name, contact_phone, major, personal_statement, raw_text, structured_data) VALUES (1263, '彭亦', '156131983717', '生物工程', '来自 法学院 2023级 级', 'Imported from V2 dataset', '{"skills": "["音乐、绘画、编程、创业"]"}');
INSERT INTO student_profile (user_id, interest_tags, weekly_free_hours, commitment_level, personality_type) VALUES (1263, '["音乐、绘画、编程、创业"]', 10, 'MED', 'EXPLORER');
INSERT INTO sys_user (id, school_email, password) VALUES (1264, 'u20230264', 'Campus@20232272');
INSERT INTO student_resume (user_id, real_name, contact_phone, major, personal_statement, raw_text, structured_data) VALUES (1264, '余嘉', '133331352178', '新闻学', '来自 建筑工程学院 2023级 级', 'Imported from V2 dataset', '{"skills": "["旅行、阅读、羽毛球、公益"]"}');
INSERT INTO student_profile (user_id, interest_tags, weekly_free_hours, commitment_level, personality_type) VALUES (1264, '["旅行、阅读、羽毛球、公益"]', 10, 'MED', 'EXPLORER');
INSERT INTO sys_user (id, school_email, password) VALUES (1265, 'u20230265', 'Campus@20232345');
INSERT INTO student_resume (user_id, real_name, contact_phone, major, personal_statement, raw_text, structured_data) VALUES (1265, '孙清屿', '175691944495', '国际经济与贸易', '来自 环境科学学院 2023级 级', 'Imported from V2 dataset', '{"skills": "["跑步、短视频、绘画、电影"]"}');
INSERT INTO student_profile (user_id, interest_tags, weekly_free_hours, commitment_level, personality_type) VALUES (1265, '["跑步、短视频、绘画、电影"]', 10, 'MED', 'EXPLORER');
INSERT INTO sys_user (id, school_email, password) VALUES (1266, 'u20230266', 'Campus@20232418');
INSERT INTO student_resume (user_id, real_name, contact_phone, major, personal_statement, raw_text, structured_data) VALUES (1266, '高安宁', '177613095372', '社会学', '来自 经济管理学院 2023级 级', 'Imported from V2 dataset', '{"skills": "["编程、桌游、设计、羽毛球"]"}');
INSERT INTO student_profile (user_id, interest_tags, weekly_free_hours, commitment_level, personality_type) VALUES (1266, '["编程、桌游、设计、羽毛球"]', 10, 'MED', 'EXPLORER');
INSERT INTO sys_user (id, school_email, password) VALUES (1267, 'u20230267', 'Campus@20232491');
INSERT INTO student_resume (user_id, real_name, contact_phone, major, personal_statement, raw_text, structured_data) VALUES (1267, '冯安妍', '189629237739', '传播学', '来自 计算机学院 2023级 级', 'Imported from V2 dataset', '{"skills": "["摄影、羽毛球、阅读、创业"]"}');
INSERT INTO student_profile (user_id, interest_tags, weekly_free_hours, commitment_level, personality_type) VALUES (1267, '["摄影、羽毛球、阅读、创业"]', 10, 'MED', 'EXPLORER');
INSERT INTO sys_user (id, school_email, password) VALUES (1268, 'u20230268', 'Campus@20232564');
INSERT INTO student_resume (user_id, real_name, contact_phone, major, personal_statement, raw_text, structured_data) VALUES (1268, '徐乐', '173482974738', '数学与应用数学', '来自 社会发展学院 2023级 级', 'Imported from V2 dataset', '{"skills": "["设计、绘画、音乐、桌游"]"}');
INSERT INTO student_profile (user_id, interest_tags, weekly_free_hours, commitment_level, personality_type) VALUES (1268, '["设计、绘画、音乐、桌游"]', 10, 'MED', 'EXPLORER');
INSERT INTO sys_user (id, school_email, password) VALUES (1269, 'u20230269', 'Campus@20232637');
INSERT INTO student_resume (user_id, real_name, contact_phone, major, personal_statement, raw_text, structured_data) VALUES (1269, '陈乔轩', '132718322125', '信息管理与信息系统', '来自 新闻传播学院 2023级 级', 'Imported from V2 dataset', '{"skills": "["短视频、辩论、羽毛球、志愿服务"]"}');
INSERT INTO student_profile (user_id, interest_tags, weekly_free_hours, commitment_level, personality_type) VALUES (1269, '["短视频、辩论、羽毛球、志愿服务"]', 10, 'MED', 'EXPLORER');
INSERT INTO sys_user (id, school_email, password) VALUES (1270, 'u20230270', 'Campus@20232710');
INSERT INTO student_resume (user_id, real_name, contact_phone, major, personal_statement, raw_text, structured_data) VALUES (1270, '徐文', '199196809719', '法学', '来自 社会发展学院 2023级 级', 'Imported from V2 dataset', '{"skills": "["羽毛球、音乐、编程、辩论"]"}');
INSERT INTO student_profile (user_id, interest_tags, weekly_free_hours, commitment_level, personality_type) VALUES (1270, '["羽毛球、音乐、编程、辩论"]', 10, 'MED', 'EXPLORER');
INSERT INTO sys_user (id, school_email, password) VALUES (1271, 'u20230271', 'Campus@20232783');
INSERT INTO student_resume (user_id, real_name, contact_phone, major, personal_statement, raw_text, structured_data) VALUES (1271, '谢俊昊', '188058248767', '计算机科学与技术', '来自 文学院 2023级 级', 'Imported from V2 dataset', '{"skills": "["阅读、公益、旅行、桌游"]"}');
INSERT INTO student_profile (user_id, interest_tags, weekly_free_hours, commitment_level, personality_type) VALUES (1271, '["阅读、公益、旅行、桌游"]', 10, 'MED', 'EXPLORER');
INSERT INTO sys_user (id, school_email, password) VALUES (1272, 'u20230272', 'Campus@20232856');
INSERT INTO student_resume (user_id, real_name, contact_phone, major, personal_statement, raw_text, structured_data) VALUES (1272, '彭怡', '156586075098', '机械设计制造及其自动化', '来自 信息工程学院 2023级 级', 'Imported from V2 dataset', '{"skills": "["绘画、音乐、设计、短视频"]"}');
INSERT INTO student_profile (user_id, interest_tags, weekly_free_hours, commitment_level, personality_type) VALUES (1272, '["绘画、音乐、设计、短视频"]', 10, 'MED', 'EXPLORER');
INSERT INTO sys_user (id, school_email, password) VALUES (1273, 'u20230273', 'Campus@20232929');
INSERT INTO student_resume (user_id, real_name, contact_phone, major, personal_statement, raw_text, structured_data) VALUES (1273, '林宁涵', '184559192053', '统计学', '来自 经济管理学院 2023级 级', 'Imported from V2 dataset', '{"skills": "["志愿服务、编程、旅行、桌游"]"}');
INSERT INTO student_profile (user_id, interest_tags, weekly_free_hours, commitment_level, personality_type) VALUES (1273, '["志愿服务、编程、旅行、桌游"]', 10, 'MED', 'EXPLORER');
INSERT INTO sys_user (id, school_email, password) VALUES (1274, 'u20230274', 'Campus@20233002');
INSERT INTO student_resume (user_id, real_name, contact_phone, major, personal_statement, raw_text, structured_data) VALUES (1274, '徐意言', '155061676573', '历史学', '来自 教育学院 2023级 级', 'Imported from V2 dataset', '{"skills": "["阅读、绘画、编程、羽毛球"]"}');
INSERT INTO student_profile (user_id, interest_tags, weekly_free_hours, commitment_level, personality_type) VALUES (1274, '["阅读、绘画、编程、羽毛球"]', 10, 'MED', 'EXPLORER');
INSERT INTO sys_user (id, school_email, password) VALUES (1275, 'u20230275', 'Campus@20233075');
INSERT INTO student_resume (user_id, real_name, contact_phone, major, personal_statement, raw_text, structured_data) VALUES (1275, '林睿昊', '154013631276', '土木工程', '来自 经济管理学院 2023级 级', 'Imported from V2 dataset', '{"skills": "["旅行、编程、电影、志愿服务"]"}');
INSERT INTO student_profile (user_id, interest_tags, weekly_free_hours, commitment_level, personality_type) VALUES (1275, '["旅行、编程、电影、志愿服务"]', 10, 'MED', 'EXPLORER');
INSERT INTO sys_user (id, school_email, password) VALUES (1276, 'u20230276', 'Campus@20233148');
INSERT INTO student_resume (user_id, real_name, contact_phone, major, personal_statement, raw_text, structured_data) VALUES (1276, '高星', '174060644439', '计算机科学与技术', '来自 社会发展学院 2023级 级', 'Imported from V2 dataset', '{"skills": "["摄影、旅行、桌游、编程"]"}');
INSERT INTO student_profile (user_id, interest_tags, weekly_free_hours, commitment_level, personality_type) VALUES (1276, '["摄影、旅行、桌游、编程"]', 10, 'MED', 'EXPLORER');
INSERT INTO sys_user (id, school_email, password) VALUES (1277, 'u20230277', 'Campus@20233221');
INSERT INTO student_resume (user_id, real_name, contact_phone, major, personal_statement, raw_text, structured_data) VALUES (1277, '徐雨', '156053945531', '自动化', '来自 经济管理学院 2023级 级', 'Imported from V2 dataset', '{"skills": "["志愿服务、绘画、阅读、跑步"]"}');
INSERT INTO student_profile (user_id, interest_tags, weekly_free_hours, commitment_level, personality_type) VALUES (1277, '["志愿服务、绘画、阅读、跑步"]', 10, 'MED', 'EXPLORER');
INSERT INTO sys_user (id, school_email, password) VALUES (1278, 'u20230278', 'Campus@20233294');
INSERT INTO student_resume (user_id, real_name, contact_phone, major, personal_statement, raw_text, structured_data) VALUES (1278, '韩宇', '138940433161', '汉语言文学', '来自 经济管理学院 2023级 级', 'Imported from V2 dataset', '{"skills": "["桌游、旅行、编程、摄影"]"}');
INSERT INTO student_profile (user_id, interest_tags, weekly_free_hours, commitment_level, personality_type) VALUES (1278, '["桌游、旅行、编程、摄影"]', 10, 'MED', 'EXPLORER');
INSERT INTO sys_user (id, school_email, password) VALUES (1279, 'u20230279', 'Campus@20233367');
INSERT INTO student_resume (user_id, real_name, contact_phone, major, personal_statement, raw_text, structured_data) VALUES (1279, '赵安', '154168442313', '数字媒体技术', '来自 理学院 2023级 级', 'Imported from V2 dataset', '{"skills": "["创业、设计、短视频、桌游"]"}');
INSERT INTO student_profile (user_id, interest_tags, weekly_free_hours, commitment_level, personality_type) VALUES (1279, '["创业、设计、短视频、桌游"]', 10, 'MED', 'EXPLORER');
INSERT INTO sys_user (id, school_email, password) VALUES (1280, 'u20230280', 'Campus@20233440');
INSERT INTO student_resume (user_id, real_name, contact_phone, major, personal_statement, raw_text, structured_data) VALUES (1280, '曾书涵', '182966207540', '数学与应用数学', '来自 法学院 2023级 级', 'Imported from V2 dataset', '{"skills": "["羽毛球、编程、摄影、短视频"]"}');
INSERT INTO student_profile (user_id, interest_tags, weekly_free_hours, commitment_level, personality_type) VALUES (1280, '["羽毛球、编程、摄影、短视频"]', 10, 'MED', 'EXPLORER');
INSERT INTO sys_user (id, school_email, password) VALUES (1281, 'u20230281', 'Campus@20233513');
INSERT INTO student_resume (user_id, real_name, contact_phone, major, personal_statement, raw_text, structured_data) VALUES (1281, '袁博萱', '151152828705', '汉语言文学', '来自 文学院 2023级 级', 'Imported from V2 dataset', '{"skills": "["公益、音乐、编程、短视频"]"}');
INSERT INTO student_profile (user_id, interest_tags, weekly_free_hours, commitment_level, personality_type) VALUES (1281, '["公益、音乐、编程、短视频"]', 10, 'MED', 'EXPLORER');
INSERT INTO sys_user (id, school_email, password) VALUES (1282, 'u20230282', 'Campus@20233586');
INSERT INTO student_resume (user_id, real_name, contact_phone, major, personal_statement, raw_text, structured_data) VALUES (1282, '余嘉萌', '175550139959', '统计学', '来自 理学院 2023级 级', 'Imported from V2 dataset', '{"skills": "["旅行、电影、辩论、志愿服务"]"}');
INSERT INTO student_profile (user_id, interest_tags, weekly_free_hours, commitment_level, personality_type) VALUES (1282, '["旅行、电影、辩论、志愿服务"]', 10, 'MED', 'EXPLORER');
INSERT INTO sys_user (id, school_email, password) VALUES (1283, 'u20230283', 'Campus@20233659');
INSERT INTO student_resume (user_id, real_name, contact_phone, major, personal_statement, raw_text, structured_data) VALUES (1283, '高意辰', '198515555751', '统计学', '来自 教育学院 2023级 级', 'Imported from V2 dataset', '{"skills": "["辩论、短视频、羽毛球、阅读"]"}');
INSERT INTO student_profile (user_id, interest_tags, weekly_free_hours, commitment_level, personality_type) VALUES (1283, '["辩论、短视频、羽毛球、阅读"]', 10, 'MED', 'EXPLORER');
INSERT INTO sys_user (id, school_email, password) VALUES (1284, 'u20230284', 'Campus@20233732');
INSERT INTO student_resume (user_id, real_name, contact_phone, major, personal_statement, raw_text, structured_data) VALUES (1284, '刘嘉菲', '185826658524', '自动化', '来自 经济管理学院 2023级 级', 'Imported from V2 dataset', '{"skills": "["编程、桌游、电影、辩论"]"}');
INSERT INTO student_profile (user_id, interest_tags, weekly_free_hours, commitment_level, personality_type) VALUES (1284, '["编程、桌游、电影、辩论"]', 10, 'MED', 'EXPLORER');
INSERT INTO sys_user (id, school_email, password) VALUES (1285, 'u20230285', 'Campus@20233805');
INSERT INTO student_resume (user_id, real_name, contact_phone, major, personal_statement, raw_text, structured_data) VALUES (1285, '曹依', '157960068108', '土木工程', '来自 外国语学院 2023级 级', 'Imported from V2 dataset', '{"skills": "["创业、绘画、编程、音乐"]"}');
INSERT INTO student_profile (user_id, interest_tags, weekly_free_hours, commitment_level, personality_type) VALUES (1285, '["创业、绘画、编程、音乐"]', 10, 'MED', 'EXPLORER');
INSERT INTO sys_user (id, school_email, password) VALUES (1286, 'u20230286', 'Campus@20233878');
INSERT INTO student_resume (user_id, real_name, contact_phone, major, personal_statement, raw_text, structured_data) VALUES (1286, '潘明', '175457469252', '数字媒体技术', '来自 新闻传播学院 2023级 级', 'Imported from V2 dataset', '{"skills": "["阅读、旅行、编程、音乐"]"}');
INSERT INTO student_profile (user_id, interest_tags, weekly_free_hours, commitment_level, personality_type) VALUES (1286, '["阅读、旅行、编程、音乐"]', 10, 'MED', 'EXPLORER');
INSERT INTO sys_user (id, school_email, password) VALUES (1287, 'u20230287', 'Campus@20233951');
INSERT INTO student_resume (user_id, real_name, contact_phone, major, personal_statement, raw_text, structured_data) VALUES (1287, '谢文霏', '199149887469', '计算机科学与技术', '来自 建筑工程学院 2023级 级', 'Imported from V2 dataset', '{"skills": "["创业、音乐、短视频、桌游"]"}');
INSERT INTO student_profile (user_id, interest_tags, weekly_free_hours, commitment_level, personality_type) VALUES (1287, '["创业、音乐、短视频、桌游"]', 10, 'MED', 'EXPLORER');
INSERT INTO sys_user (id, school_email, password) VALUES (1288, 'u20230288', 'Campus@20234024');
INSERT INTO student_resume (user_id, real_name, contact_phone, major, personal_statement, raw_text, structured_data) VALUES (1288, '马乔昊', '157960526893', '建筑学', '来自 教育学院 2023级 级', 'Imported from V2 dataset', '{"skills": "["创业、绘画、志愿服务、短视频"]"}');
INSERT INTO student_profile (user_id, interest_tags, weekly_free_hours, commitment_level, personality_type) VALUES (1288, '["创业、绘画、志愿服务、短视频"]', 10, 'MED', 'EXPLORER');
INSERT INTO sys_user (id, school_email, password) VALUES (1289, 'u20230289', 'Campus@20234097');
INSERT INTO student_resume (user_id, real_name, contact_phone, major, personal_statement, raw_text, structured_data) VALUES (1289, '彭意', '195031252955', '汉语言文学', '来自 理学院 2023级 级', 'Imported from V2 dataset', '{"skills": "["辩论、编程、羽毛球、短视频"]"}');
INSERT INTO student_profile (user_id, interest_tags, weekly_free_hours, commitment_level, personality_type) VALUES (1289, '["辩论、编程、羽毛球、短视频"]', 10, 'MED', 'EXPLORER');
INSERT INTO sys_user (id, school_email, password) VALUES (1290, 'u20230290', 'Campus@20234170');
INSERT INTO student_resume (user_id, real_name, contact_phone, major, personal_statement, raw_text, structured_data) VALUES (1290, '冯若琪', '185515163472', '机械设计制造及其自动化', '来自 经济管理学院 2023级 级', 'Imported from V2 dataset', '{"skills": "["阅读、旅行、辩论、绘画"]"}');
INSERT INTO student_profile (user_id, interest_tags, weekly_free_hours, commitment_level, personality_type) VALUES (1290, '["阅读、旅行、辩论、绘画"]', 10, 'MED', 'EXPLORER');
INSERT INTO sys_user (id, school_email, password) VALUES (1291, 'u20230291', 'Campus@20234243');
INSERT INTO student_resume (user_id, real_name, contact_phone, major, personal_statement, raw_text, structured_data) VALUES (1291, '彭俊希', '156460917440', '数字媒体技术', '来自 建筑工程学院 2023级 级', 'Imported from V2 dataset', '{"skills": "["公益、创业、设计、电影"]"}');
INSERT INTO student_profile (user_id, interest_tags, weekly_free_hours, commitment_level, personality_type) VALUES (1291, '["公益、创业、设计、电影"]', 10, 'MED', 'EXPLORER');
INSERT INTO sys_user (id, school_email, password) VALUES (1292, 'u20230292', 'Campus@20234316');
INSERT INTO student_resume (user_id, real_name, contact_phone, major, personal_statement, raw_text, structured_data) VALUES (1292, '林宁', '136627457008', '会计学', '来自 社会发展学院 2023级 级', 'Imported from V2 dataset', '{"skills": "["羽毛球、音乐、跑步、志愿服务"]"}');
INSERT INTO student_profile (user_id, interest_tags, weekly_free_hours, commitment_level, personality_type) VALUES (1292, '["羽毛球、音乐、跑步、志愿服务"]', 10, 'MED', 'EXPLORER');
INSERT INTO sys_user (id, school_email, password) VALUES (1293, 'u20230293', 'Campus@20234389');
INSERT INTO student_resume (user_id, real_name, contact_phone, major, personal_statement, raw_text, structured_data) VALUES (1293, '余南霖', '174449864473', '计算机科学与技术', '来自 理学院 2023级 级', 'Imported from V2 dataset', '{"skills": "["辩论、音乐、摄影、桌游"]"}');
INSERT INTO student_profile (user_id, interest_tags, weekly_free_hours, commitment_level, personality_type) VALUES (1293, '["辩论、音乐、摄影、桌游"]', 10, 'MED', 'EXPLORER');
INSERT INTO sys_user (id, school_email, password) VALUES (1294, 'u20230294', 'Campus@20234462');
INSERT INTO student_resume (user_id, real_name, contact_phone, major, personal_statement, raw_text, structured_data) VALUES (1294, '袁乐', '185728188269', '信息管理与信息系统', '来自 信息工程学院 2023级 级', 'Imported from V2 dataset', '{"skills": "["音乐、跑步、电影、辩论"]"}');
INSERT INTO student_profile (user_id, interest_tags, weekly_free_hours, commitment_level, personality_type) VALUES (1294, '["音乐、跑步、电影、辩论"]', 10, 'MED', 'EXPLORER');
INSERT INTO sys_user (id, school_email, password) VALUES (1295, 'u20230295', 'Campus@20234535');
INSERT INTO student_resume (user_id, real_name, contact_phone, major, personal_statement, raw_text, structured_data) VALUES (1295, '吴清', '179081335213', '历史学', '来自 外国语学院 2023级 级', 'Imported from V2 dataset', '{"skills": "["羽毛球、编程、电影、创业"]"}');
INSERT INTO student_profile (user_id, interest_tags, weekly_free_hours, commitment_level, personality_type) VALUES (1295, '["羽毛球、编程、电影、创业"]', 10, 'MED', 'EXPLORER');
INSERT INTO sys_user (id, school_email, password) VALUES (1296, 'u20230296', 'Campus@20234608');
INSERT INTO student_resume (user_id, real_name, contact_phone, major, personal_statement, raw_text, structured_data) VALUES (1296, '高宁', '134738281571', '数据科学与大数据技术', '来自 理学院 2023级 级', 'Imported from V2 dataset', '{"skills": "["旅行、短视频、桌游、公益"]"}');
INSERT INTO student_profile (user_id, interest_tags, weekly_free_hours, commitment_level, personality_type) VALUES (1296, '["旅行、短视频、桌游、公益"]', 10, 'MED', 'EXPLORER');
INSERT INTO sys_user (id, school_email, password) VALUES (1297, 'u20230297', 'Campus@20234681');
INSERT INTO student_resume (user_id, real_name, contact_phone, major, personal_statement, raw_text, structured_data) VALUES (1297, '田书熙', '131024217285', '人工智能', '来自 新闻传播学院 2023级 级', 'Imported from V2 dataset', '{"skills": "["绘画、设计、编程、跑步"]"}');
INSERT INTO student_profile (user_id, interest_tags, weekly_free_hours, commitment_level, personality_type) VALUES (1297, '["绘画、设计、编程、跑步"]', 10, 'MED', 'EXPLORER');
INSERT INTO sys_user (id, school_email, password) VALUES (1298, 'u20230298', 'Campus@20234754');
INSERT INTO student_resume (user_id, real_name, contact_phone, major, personal_statement, raw_text, structured_data) VALUES (1298, '张思霖', '159727351121', '电子信息工程', '来自 环境科学学院 2023级 级', 'Imported from V2 dataset', '{"skills": "["电影、创业、桌游、公益"]"}');
INSERT INTO student_profile (user_id, interest_tags, weekly_free_hours, commitment_level, personality_type) VALUES (1298, '["电影、创业、桌游、公益"]', 10, 'MED', 'EXPLORER');
INSERT INTO sys_user (id, school_email, password) VALUES (1299, 'u20230299', 'Campus@20234827');
INSERT INTO student_resume (user_id, real_name, contact_phone, major, personal_statement, raw_text, structured_data) VALUES (1299, '何睿', '137819644017', '法学', '来自 新闻传播学院 2023级 级', 'Imported from V2 dataset', '{"skills": "["短视频、辩论、绘画、音乐"]"}');
INSERT INTO student_profile (user_id, interest_tags, weekly_free_hours, commitment_level, personality_type) VALUES (1299, '["短视频、辩论、绘画、音乐"]', 10, 'MED', 'EXPLORER');
INSERT INTO sys_user (id, school_email, password) VALUES (1300, 'u20230300', 'Campus@20234900');
INSERT INTO student_resume (user_id, real_name, contact_phone, major, personal_statement, raw_text, structured_data) VALUES (1300, '王书沫', '131131577003', '人工智能', '来自 经济管理学院 2023级 级', 'Imported from V2 dataset', '{"skills": "["短视频、创业、编程、绘画"]"}');
INSERT INTO student_profile (user_id, interest_tags, weekly_free_hours, commitment_level, personality_type) VALUES (1300, '["短视频、创业、编程、绘画"]', 10, 'MED', 'EXPLORER');
INSERT INTO sys_user (id, school_email, password) VALUES (1301, 'u20230301', 'Campus@20234973');
INSERT INTO student_resume (user_id, real_name, contact_phone, major, personal_statement, raw_text, structured_data) VALUES (1301, '许星璇', '139297846669', '自动化', '来自 新闻传播学院 2023级 级', 'Imported from V2 dataset', '{"skills": "["电影、旅行、公益、音乐"]"}');
INSERT INTO student_profile (user_id, interest_tags, weekly_free_hours, commitment_level, personality_type) VALUES (1301, '["电影、旅行、公益、音乐"]', 10, 'MED', 'EXPLORER');
INSERT INTO sys_user (id, school_email, password) VALUES (1302, 'u20230302', 'Campus@20235046');
INSERT INTO student_resume (user_id, real_name, contact_phone, major, personal_statement, raw_text, structured_data) VALUES (1302, '田博希', '137470808351', '新闻学', '来自 建筑工程学院 2023级 级', 'Imported from V2 dataset', '{"skills": "["电影、志愿服务、音乐、阅读"]"}');
INSERT INTO student_profile (user_id, interest_tags, weekly_free_hours, commitment_level, personality_type) VALUES (1302, '["电影、志愿服务、音乐、阅读"]', 10, 'MED', 'EXPLORER');
INSERT INTO sys_user (id, school_email, password) VALUES (1303, 'u20230303', 'Campus@20235119');
INSERT INTO student_resume (user_id, real_name, contact_phone, major, personal_statement, raw_text, structured_data) VALUES (1303, '彭亦悦', '184456308638', '信息管理与信息系统', '来自 教育学院 2023级 级', 'Imported from V2 dataset', '{"skills": "["公益、电影、阅读、编程"]"}');
INSERT INTO student_profile (user_id, interest_tags, weekly_free_hours, commitment_level, personality_type) VALUES (1303, '["公益、电影、阅读、编程"]', 10, 'MED', 'EXPLORER');
INSERT INTO sys_user (id, school_email, password) VALUES (1304, 'u20230304', 'Campus@20235192');
INSERT INTO student_resume (user_id, real_name, contact_phone, major, personal_statement, raw_text, structured_data) VALUES (1304, '董启然', '136897602524', '计算机科学与技术', '来自 新闻传播学院 2023级 级', 'Imported from V2 dataset', '{"skills": "["公益、跑步、志愿服务、创业"]"}');
INSERT INTO student_profile (user_id, interest_tags, weekly_free_hours, commitment_level, personality_type) VALUES (1304, '["公益、跑步、志愿服务、创业"]', 10, 'MED', 'EXPLORER');
INSERT INTO sys_user (id, school_email, password) VALUES (1305, 'u20230305', 'Campus@20235265');
INSERT INTO student_resume (user_id, real_name, contact_phone, major, personal_statement, raw_text, structured_data) VALUES (1305, '韩意霖', '199110454745', '土木工程', '来自 社会发展学院 2023级 级', 'Imported from V2 dataset', '{"skills": "["绘画、公益、桌游、设计"]"}');
INSERT INTO student_profile (user_id, interest_tags, weekly_free_hours, commitment_level, personality_type) VALUES (1305, '["绘画、公益、桌游、设计"]', 10, 'MED', 'EXPLORER');
INSERT INTO sys_user (id, school_email, password) VALUES (1306, 'u20230306', 'Campus@20235338');
INSERT INTO student_resume (user_id, real_name, contact_phone, major, personal_statement, raw_text, structured_data) VALUES (1306, '许卓', '139755896462', '数学与应用数学', '来自 理学院 2023级 级', 'Imported from V2 dataset', '{"skills": "["跑步、辩论、设计、音乐"]"}');
INSERT INTO student_profile (user_id, interest_tags, weekly_free_hours, commitment_level, personality_type) VALUES (1306, '["跑步、辩论、设计、音乐"]', 10, 'MED', 'EXPLORER');
INSERT INTO sys_user (id, school_email, password) VALUES (1307, 'u20230307', 'Campus@20235411');
INSERT INTO student_resume (user_id, real_name, contact_phone, major, personal_statement, raw_text, structured_data) VALUES (1307, '赵亦希', '176853585529', '环境工程', '来自 建筑工程学院 2023级 级', 'Imported from V2 dataset', '{"skills": "["辩论、摄影、绘画、羽毛球"]"}');
INSERT INTO student_profile (user_id, interest_tags, weekly_free_hours, commitment_level, personality_type) VALUES (1307, '["辩论、摄影、绘画、羽毛球"]', 10, 'MED', 'EXPLORER');
INSERT INTO sys_user (id, school_email, password) VALUES (1308, 'u20230308', 'Campus@20235484');
INSERT INTO student_resume (user_id, real_name, contact_phone, major, personal_statement, raw_text, structured_data) VALUES (1308, '唐思雅', '171316167039', '电子信息工程', '来自 社会发展学院 2023级 级', 'Imported from V2 dataset', '{"skills": "["志愿服务、设计、绘画、桌游"]"}');
INSERT INTO student_profile (user_id, interest_tags, weekly_free_hours, commitment_level, personality_type) VALUES (1308, '["志愿服务、设计、绘画、桌游"]', 10, 'MED', 'EXPLORER');
INSERT INTO sys_user (id, school_email, password) VALUES (1309, 'u20230309', 'Campus@20235557');
INSERT INTO student_resume (user_id, real_name, contact_phone, major, personal_statement, raw_text, structured_data) VALUES (1309, '于泽航', '157518879898', '教育学', '来自 文学院 2023级 级', 'Imported from V2 dataset', '{"skills": "["羽毛球、短视频、旅行、绘画"]"}');
INSERT INTO student_profile (user_id, interest_tags, weekly_free_hours, commitment_level, personality_type) VALUES (1309, '["羽毛球、短视频、旅行、绘画"]', 10, 'MED', 'EXPLORER');
INSERT INTO sys_user (id, school_email, password) VALUES (1310, 'u20230310', 'Campus@20235630');
INSERT INTO student_resume (user_id, real_name, contact_phone, major, personal_statement, raw_text, structured_data) VALUES (1310, '梁佳熙', '157310215042', '电子信息工程', '来自 法学院 2023级 级', 'Imported from V2 dataset', '{"skills": "["辩论、设计、创业、绘画"]"}');
INSERT INTO student_profile (user_id, interest_tags, weekly_free_hours, commitment_level, personality_type) VALUES (1310, '["辩论、设计、创业、绘画"]', 10, 'MED', 'EXPLORER');
INSERT INTO sys_user (id, school_email, password) VALUES (1311, 'u20230311', 'Campus@20235703');
INSERT INTO student_resume (user_id, real_name, contact_phone, major, personal_statement, raw_text, structured_data) VALUES (1311, '高安', '134136536232', '软件工程', '来自 外国语学院 2023级 级', 'Imported from V2 dataset', '{"skills": "["公益、跑步、绘画、志愿服务"]"}');
INSERT INTO student_profile (user_id, interest_tags, weekly_free_hours, commitment_level, personality_type) VALUES (1311, '["公益、跑步、绘画、志愿服务"]', 10, 'MED', 'EXPLORER');
INSERT INTO sys_user (id, school_email, password) VALUES (1312, 'u20230312', 'Campus@20235776');
INSERT INTO student_resume (user_id, real_name, contact_phone, major, personal_statement, raw_text, structured_data) VALUES (1312, '曹知', '171521411731', '工商管理', '来自 信息工程学院 2023级 级', 'Imported from V2 dataset', '{"skills": "["短视频、音乐、辩论、阅读"]"}');
INSERT INTO student_profile (user_id, interest_tags, weekly_free_hours, commitment_level, personality_type) VALUES (1312, '["短视频、音乐、辩论、阅读"]', 10, 'MED', 'EXPLORER');
INSERT INTO sys_user (id, school_email, password) VALUES (1313, 'u20230313', 'Campus@20235849');
INSERT INTO student_resume (user_id, real_name, contact_phone, major, personal_statement, raw_text, structured_data) VALUES (1313, '高言霖', '157335422480', '自动化', '来自 文学院 2023级 级', 'Imported from V2 dataset', '{"skills": "["阅读、编程、电影、志愿服务"]"}');
INSERT INTO student_profile (user_id, interest_tags, weekly_free_hours, commitment_level, personality_type) VALUES (1313, '["阅读、编程、电影、志愿服务"]', 10, 'MED', 'EXPLORER');
INSERT INTO sys_user (id, school_email, password) VALUES (1314, 'u20230314', 'Campus@20235922');
INSERT INTO student_resume (user_id, real_name, contact_phone, major, personal_statement, raw_text, structured_data) VALUES (1314, '胡诺', '131248187665', '市场营销', '来自 法学院 2023级 级', 'Imported from V2 dataset', '{"skills": "["桌游、阅读、辩论、绘画"]"}');
INSERT INTO student_profile (user_id, interest_tags, weekly_free_hours, commitment_level, personality_type) VALUES (1314, '["桌游、阅读、辩论、绘画"]', 10, 'MED', 'EXPLORER');
INSERT INTO sys_user (id, school_email, password) VALUES (1315, 'u20230315', 'Campus@20235995');
INSERT INTO student_resume (user_id, real_name, contact_phone, major, personal_statement, raw_text, structured_data) VALUES (1315, '吴浩悦', '185916598422', '国际经济与贸易', '来自 理学院 2023级 级', 'Imported from V2 dataset', '{"skills": "["电影、设计、短视频、阅读"]"}');
INSERT INTO student_profile (user_id, interest_tags, weekly_free_hours, commitment_level, personality_type) VALUES (1315, '["电影、设计、短视频、阅读"]', 10, 'MED', 'EXPLORER');
INSERT INTO sys_user (id, school_email, password) VALUES (1316, 'u20230316', 'Campus@20236068');
INSERT INTO student_resume (user_id, real_name, contact_phone, major, personal_statement, raw_text, structured_data) VALUES (1316, '萧卓涵', '195010024637', '网络空间安全', '来自 社会发展学院 2023级 级', 'Imported from V2 dataset', '{"skills": "["志愿服务、短视频、编程、音乐"]"}');
INSERT INTO student_profile (user_id, interest_tags, weekly_free_hours, commitment_level, personality_type) VALUES (1316, '["志愿服务、短视频、编程、音乐"]', 10, 'MED', 'EXPLORER');
INSERT INTO sys_user (id, school_email, password) VALUES (1317, 'u20230317', 'Campus@20236141');
INSERT INTO student_resume (user_id, real_name, contact_phone, major, personal_statement, raw_text, structured_data) VALUES (1317, '谢博轩', '151216878035', '计算机科学与技术', '来自 新闻传播学院 2023级 级', 'Imported from V2 dataset', '{"skills": "["创业、短视频、摄影、桌游"]"}');
INSERT INTO student_profile (user_id, interest_tags, weekly_free_hours, commitment_level, personality_type) VALUES (1317, '["创业、短视频、摄影、桌游"]', 10, 'MED', 'EXPLORER');
INSERT INTO sys_user (id, school_email, password) VALUES (1318, 'u20230318', 'Campus@20236214');
INSERT INTO student_resume (user_id, real_name, contact_phone, major, personal_statement, raw_text, structured_data) VALUES (1318, '董若然', '133127717551', '网络空间安全', '来自 信息工程学院 2023级 级', 'Imported from V2 dataset', '{"skills": "["公益、电影、旅行、志愿服务"]"}');
INSERT INTO student_profile (user_id, interest_tags, weekly_free_hours, commitment_level, personality_type) VALUES (1318, '["公益、电影、旅行、志愿服务"]', 10, 'MED', 'EXPLORER');
INSERT INTO sys_user (id, school_email, password) VALUES (1319, 'u20230319', 'Campus@20236287');
INSERT INTO student_resume (user_id, real_name, contact_phone, major, personal_statement, raw_text, structured_data) VALUES (1319, '梁向希', '151233492470', '自动化', '来自 教育学院 2023级 级', 'Imported from V2 dataset', '{"skills": "["辩论、编程、桌游、旅行"]"}');
INSERT INTO student_profile (user_id, interest_tags, weekly_free_hours, commitment_level, personality_type) VALUES (1319, '["辩论、编程、桌游、旅行"]', 10, 'MED', 'EXPLORER');
INSERT INTO sys_user (id, school_email, password) VALUES (1320, 'u20230320', 'Campus@20236360');
INSERT INTO student_resume (user_id, real_name, contact_phone, major, personal_statement, raw_text, structured_data) VALUES (1320, '郭天希', '189030488278', '生物工程', '来自 信息工程学院 2023级 级', 'Imported from V2 dataset', '{"skills": "["桌游、短视频、公益、阅读"]"}');
INSERT INTO student_profile (user_id, interest_tags, weekly_free_hours, commitment_level, personality_type) VALUES (1320, '["桌游、短视频、公益、阅读"]', 10, 'MED', 'EXPLORER');
INSERT INTO sys_user (id, school_email, password) VALUES (1321, 'u20230321', 'Campus@20236433');
INSERT INTO student_resume (user_id, real_name, contact_phone, major, personal_statement, raw_text, structured_data) VALUES (1321, '彭思歌', '196818194279', '机械设计制造及其自动化', '来自 社会发展学院 2023级 级', 'Imported from V2 dataset', '{"skills": "["志愿服务、电影、绘画、羽毛球"]"}');
INSERT INTO student_profile (user_id, interest_tags, weekly_free_hours, commitment_level, personality_type) VALUES (1321, '["志愿服务、电影、绘画、羽毛球"]', 10, 'MED', 'EXPLORER');
INSERT INTO sys_user (id, school_email, password) VALUES (1322, 'u20230322', 'Campus@20236506');
INSERT INTO student_resume (user_id, real_name, contact_phone, major, personal_statement, raw_text, structured_data) VALUES (1322, '谢乔', '172973955867', '市场营销', '来自 建筑工程学院 2023级 级', 'Imported from V2 dataset', '{"skills": "["阅读、志愿服务、创业、编程"]"}');
INSERT INTO student_profile (user_id, interest_tags, weekly_free_hours, commitment_level, personality_type) VALUES (1322, '["阅读、志愿服务、创业、编程"]', 10, 'MED', 'EXPLORER');
INSERT INTO sys_user (id, school_email, password) VALUES (1323, 'u20230323', 'Campus@20236579');
INSERT INTO student_resume (user_id, real_name, contact_phone, major, personal_statement, raw_text, structured_data) VALUES (1323, '林浩辰', '182349922228', '法学', '来自 法学院 2023级 级', 'Imported from V2 dataset', '{"skills": "["阅读、音乐、辩论、编程"]"}');
INSERT INTO student_profile (user_id, interest_tags, weekly_free_hours, commitment_level, personality_type) VALUES (1323, '["阅读、音乐、辩论、编程"]', 10, 'MED', 'EXPLORER');
INSERT INTO sys_user (id, school_email, password) VALUES (1324, 'u20230324', 'Campus@20236652');
INSERT INTO student_resume (user_id, real_name, contact_phone, major, personal_statement, raw_text, structured_data) VALUES (1324, '郑安希', '181883239174', '汉语言文学', '来自 新闻传播学院 2023级 级', 'Imported from V2 dataset', '{"skills": "["旅行、设计、羽毛球、志愿服务"]"}');
INSERT INTO student_profile (user_id, interest_tags, weekly_free_hours, commitment_level, personality_type) VALUES (1324, '["旅行、设计、羽毛球、志愿服务"]', 10, 'MED', 'EXPLORER');
INSERT INTO sys_user (id, school_email, password) VALUES (1325, 'u20230325', 'Campus@20236725');
INSERT INTO student_resume (user_id, real_name, contact_phone, major, personal_statement, raw_text, structured_data) VALUES (1325, '刘乐悦', '194175267049', '数字媒体技术', '来自 信息工程学院 2023级 级', 'Imported from V2 dataset', '{"skills": "["跑步、阅读、桌游、旅行"]"}');
INSERT INTO student_profile (user_id, interest_tags, weekly_free_hours, commitment_level, personality_type) VALUES (1325, '["跑步、阅读、桌游、旅行"]', 10, 'MED', 'EXPLORER');
INSERT INTO sys_user (id, school_email, password) VALUES (1326, 'u20230326', 'Campus@20236798');
INSERT INTO student_resume (user_id, real_name, contact_phone, major, personal_statement, raw_text, structured_data) VALUES (1326, '谢书', '195681222914', '金融学', '来自 法学院 2023级 级', 'Imported from V2 dataset', '{"skills": "["绘画、桌游、羽毛球、摄影"]"}');
INSERT INTO student_profile (user_id, interest_tags, weekly_free_hours, commitment_level, personality_type) VALUES (1326, '["绘画、桌游、羽毛球、摄影"]', 10, 'MED', 'EXPLORER');
INSERT INTO sys_user (id, school_email, password) VALUES (1327, 'u20230327', 'Campus@20236871');
INSERT INTO student_resume (user_id, real_name, contact_phone, major, personal_statement, raw_text, structured_data) VALUES (1327, '余怡菲', '135318292557', '生物工程', '来自 信息工程学院 2023级 级', 'Imported from V2 dataset', '{"skills": "["辩论、绘画、公益、电影"]"}');
INSERT INTO student_profile (user_id, interest_tags, weekly_free_hours, commitment_level, personality_type) VALUES (1327, '["辩论、绘画、公益、电影"]', 10, 'MED', 'EXPLORER');
INSERT INTO sys_user (id, school_email, password) VALUES (1328, 'u20230328', 'Campus@20236944');
INSERT INTO student_resume (user_id, real_name, contact_phone, major, personal_statement, raw_text, structured_data) VALUES (1328, '彭思', '188946853542', '国际经济与贸易', '来自 计算机学院 2023级 级', 'Imported from V2 dataset', '{"skills": "["跑步、桌游、公益、阅读"]"}');
INSERT INTO student_profile (user_id, interest_tags, weekly_free_hours, commitment_level, personality_type) VALUES (1328, '["跑步、桌游、公益、阅读"]', 10, 'MED', 'EXPLORER');
INSERT INTO sys_user (id, school_email, password) VALUES (1329, 'u20230329', 'Campus@20237017');
INSERT INTO student_resume (user_id, real_name, contact_phone, major, personal_statement, raw_text, structured_data) VALUES (1329, '萧泽远', '139327644356', '数字媒体技术', '来自 社会发展学院 2023级 级', 'Imported from V2 dataset', '{"skills": "["羽毛球、短视频、桌游、电影"]"}');
INSERT INTO student_profile (user_id, interest_tags, weekly_free_hours, commitment_level, personality_type) VALUES (1329, '["羽毛球、短视频、桌游、电影"]', 10, 'MED', 'EXPLORER');
INSERT INTO sys_user (id, school_email, password) VALUES (1330, 'u20230330', 'Campus@20237090');
INSERT INTO student_resume (user_id, real_name, contact_phone, major, personal_statement, raw_text, structured_data) VALUES (1330, '彭启沫', '199348449161', '电子信息工程', '来自 外国语学院 2023级 级', 'Imported from V2 dataset', '{"skills": "["羽毛球、电影、志愿服务、音乐"]"}');
INSERT INTO student_profile (user_id, interest_tags, weekly_free_hours, commitment_level, personality_type) VALUES (1330, '["羽毛球、电影、志愿服务、音乐"]', 10, 'MED', 'EXPLORER');
INSERT INTO sys_user (id, school_email, password) VALUES (1331, 'u20230331', 'Campus@20237163');
INSERT INTO student_resume (user_id, real_name, contact_phone, major, personal_statement, raw_text, structured_data) VALUES (1331, '梁浩妍', '177731247102', '电子信息工程', '来自 法学院 2023级 级', 'Imported from V2 dataset', '{"skills": "["志愿服务、羽毛球、摄影、设计"]"}');
INSERT INTO student_profile (user_id, interest_tags, weekly_free_hours, commitment_level, personality_type) VALUES (1331, '["志愿服务、羽毛球、摄影、设计"]', 10, 'MED', 'EXPLORER');
INSERT INTO sys_user (id, school_email, password) VALUES (1332, 'u20230332', 'Campus@20237236');
INSERT INTO student_resume (user_id, real_name, contact_phone, major, personal_statement, raw_text, structured_data) VALUES (1332, '潘书霖', '189533395742', '新闻学', '来自 社会发展学院 2023级 级', 'Imported from V2 dataset', '{"skills": "["电影、辩论、公益、摄影"]"}');
INSERT INTO student_profile (user_id, interest_tags, weekly_free_hours, commitment_level, personality_type) VALUES (1332, '["电影、辩论、公益、摄影"]', 10, 'MED', 'EXPLORER');
INSERT INTO sys_user (id, school_email, password) VALUES (1333, 'u20230333', 'Campus@20237309');
INSERT INTO student_resume (user_id, real_name, contact_phone, major, personal_statement, raw_text, structured_data) VALUES (1333, '许晨晗', '137484315599', '会计学', '来自 文学院 2023级 级', 'Imported from V2 dataset', '{"skills": "["跑步、摄影、绘画、辩论"]"}');
INSERT INTO student_profile (user_id, interest_tags, weekly_free_hours, commitment_level, personality_type) VALUES (1333, '["跑步、摄影、绘画、辩论"]', 10, 'MED', 'EXPLORER');
INSERT INTO sys_user (id, school_email, password) VALUES (1334, 'u20230334', 'Campus@20237382');
INSERT INTO student_resume (user_id, real_name, contact_phone, major, personal_statement, raw_text, structured_data) VALUES (1334, '黄知', '198592571079', '法学', '来自 计算机学院 2023级 级', 'Imported from V2 dataset', '{"skills": "["摄影、公益、跑步、辩论"]"}');
INSERT INTO student_profile (user_id, interest_tags, weekly_free_hours, commitment_level, personality_type) VALUES (1334, '["摄影、公益、跑步、辩论"]', 10, 'MED', 'EXPLORER');
INSERT INTO sys_user (id, school_email, password) VALUES (1335, 'u20230335', 'Campus@20237455');
INSERT INTO student_resume (user_id, real_name, contact_phone, major, personal_statement, raw_text, structured_data) VALUES (1335, '林明宸', '188220457777', '软件工程', '来自 文学院 2023级 级', 'Imported from V2 dataset', '{"skills": "["电影、志愿服务、阅读、创业"]"}');
INSERT INTO student_profile (user_id, interest_tags, weekly_free_hours, commitment_level, personality_type) VALUES (1335, '["电影、志愿服务、阅读、创业"]', 10, 'MED', 'EXPLORER');
INSERT INTO sys_user (id, school_email, password) VALUES (1336, 'u20230336', 'Campus@20237528');
INSERT INTO student_resume (user_id, real_name, contact_phone, major, personal_statement, raw_text, structured_data) VALUES (1336, '陈宇远', '178120904258', '法学', '来自 教育学院 2023级 级', 'Imported from V2 dataset', '{"skills": "["短视频、阅读、公益、编程"]"}');
INSERT INTO student_profile (user_id, interest_tags, weekly_free_hours, commitment_level, personality_type) VALUES (1336, '["短视频、阅读、公益、编程"]', 10, 'MED', 'EXPLORER');
INSERT INTO sys_user (id, school_email, password) VALUES (1337, 'u20230337', 'Campus@20237601');
INSERT INTO student_resume (user_id, real_name, contact_phone, major, personal_statement, raw_text, structured_data) VALUES (1337, '王启歌', '179260353661', '金融学', '来自 文学院 2023级 级', 'Imported from V2 dataset', '{"skills": "["公益、短视频、跑步、音乐"]"}');
INSERT INTO student_profile (user_id, interest_tags, weekly_free_hours, commitment_level, personality_type) VALUES (1337, '["公益、短视频、跑步、音乐"]', 10, 'MED', 'EXPLORER');
INSERT INTO sys_user (id, school_email, password) VALUES (1338, 'u20230338', 'Campus@20237674');
INSERT INTO student_resume (user_id, real_name, contact_phone, major, personal_statement, raw_text, structured_data) VALUES (1338, '陈意岚', '182580653336', '自动化', '来自 法学院 2023级 级', 'Imported from V2 dataset', '{"skills": "["桌游、设计、辩论、编程"]"}');
INSERT INTO student_profile (user_id, interest_tags, weekly_free_hours, commitment_level, personality_type) VALUES (1338, '["桌游、设计、辩论、编程"]', 10, 'MED', 'EXPLORER');
INSERT INTO sys_user (id, school_email, password) VALUES (1339, 'u20230339', 'Campus@20237747');
INSERT INTO student_resume (user_id, real_name, contact_phone, major, personal_statement, raw_text, structured_data) VALUES (1339, '周子沫', '139151545816', '自动化', '来自 信息工程学院 2023级 级', 'Imported from V2 dataset', '{"skills": "["跑步、摄影、桌游、辩论"]"}');
INSERT INTO student_profile (user_id, interest_tags, weekly_free_hours, commitment_level, personality_type) VALUES (1339, '["跑步、摄影、桌游、辩论"]', 10, 'MED', 'EXPLORER');
INSERT INTO sys_user (id, school_email, password) VALUES (1340, 'u20230340', 'Campus@20237820');
INSERT INTO student_resume (user_id, real_name, contact_phone, major, personal_statement, raw_text, structured_data) VALUES (1340, '冯泽', '132869375580', '教育学', '来自 建筑工程学院 2023级 级', 'Imported from V2 dataset', '{"skills": "["阅读、志愿服务、短视频、摄影"]"}');
INSERT INTO student_profile (user_id, interest_tags, weekly_free_hours, commitment_level, personality_type) VALUES (1340, '["阅读、志愿服务、短视频、摄影"]', 10, 'MED', 'EXPLORER');
INSERT INTO sys_user (id, school_email, password) VALUES (1341, 'u20230341', 'Campus@20237893');
INSERT INTO student_resume (user_id, real_name, contact_phone, major, personal_statement, raw_text, structured_data) VALUES (1341, '余南', '175114358734', '法学', '来自 文学院 2023级 级', 'Imported from V2 dataset', '{"skills": "["公益、音乐、桌游、志愿服务"]"}');
INSERT INTO student_profile (user_id, interest_tags, weekly_free_hours, commitment_level, personality_type) VALUES (1341, '["公益、音乐、桌游、志愿服务"]', 10, 'MED', 'EXPLORER');
INSERT INTO sys_user (id, school_email, password) VALUES (1342, 'u20230342', 'Campus@20237966');
INSERT INTO student_resume (user_id, real_name, contact_phone, major, personal_statement, raw_text, structured_data) VALUES (1342, '许乔', '153792666350', '法学', '来自 教育学院 2023级 级', 'Imported from V2 dataset', '{"skills": "["电影、旅行、创业、志愿服务"]"}');
INSERT INTO student_profile (user_id, interest_tags, weekly_free_hours, commitment_level, personality_type) VALUES (1342, '["电影、旅行、创业、志愿服务"]', 10, 'MED', 'EXPLORER');
INSERT INTO sys_user (id, school_email, password) VALUES (1343, 'u20230343', 'Campus@20238039');
INSERT INTO student_resume (user_id, real_name, contact_phone, major, personal_statement, raw_text, structured_data) VALUES (1343, '萧明珂', '193092321814', '数据科学与大数据技术', '来自 教育学院 2023级 级', 'Imported from V2 dataset', '{"skills": "["阅读、摄影、旅行、绘画"]"}');
INSERT INTO student_profile (user_id, interest_tags, weekly_free_hours, commitment_level, personality_type) VALUES (1343, '["阅读、摄影、旅行、绘画"]', 10, 'MED', 'EXPLORER');
INSERT INTO sys_user (id, school_email, password) VALUES (1344, 'u20230344', 'Campus@20238112');
INSERT INTO student_resume (user_id, real_name, contact_phone, major, personal_statement, raw_text, structured_data) VALUES (1344, '蒋诗', '176647086824', '自动化', '来自 计算机学院 2023级 级', 'Imported from V2 dataset', '{"skills": "["创业、设计、公益、辩论"]"}');
INSERT INTO student_profile (user_id, interest_tags, weekly_free_hours, commitment_level, personality_type) VALUES (1344, '["创业、设计、公益、辩论"]', 10, 'MED', 'EXPLORER');
INSERT INTO sys_user (id, school_email, password) VALUES (1345, 'u20230345', 'Campus@20238185');
INSERT INTO student_resume (user_id, real_name, contact_phone, major, personal_statement, raw_text, structured_data) VALUES (1345, '袁怡轩', '153953971813', '数据科学与大数据技术', '来自 社会发展学院 2023级 级', 'Imported from V2 dataset', '{"skills": "["公益、辩论、短视频、设计"]"}');
INSERT INTO student_profile (user_id, interest_tags, weekly_free_hours, commitment_level, personality_type) VALUES (1345, '["公益、辩论、短视频、设计"]', 10, 'MED', 'EXPLORER');
INSERT INTO sys_user (id, school_email, password) VALUES (1346, 'u20230346', 'Campus@20238258');
INSERT INTO student_resume (user_id, real_name, contact_phone, major, personal_statement, raw_text, structured_data) VALUES (1346, '杨明', '189365119167', '建筑学', '来自 理学院 2023级 级', 'Imported from V2 dataset', '{"skills": "["辩论、旅行、编程、公益"]"}');
INSERT INTO student_profile (user_id, interest_tags, weekly_free_hours, commitment_level, personality_type) VALUES (1346, '["辩论、旅行、编程、公益"]', 10, 'MED', 'EXPLORER');
INSERT INTO sys_user (id, school_email, password) VALUES (1347, 'u20230347', 'Campus@20238331');
INSERT INTO student_resume (user_id, real_name, contact_phone, major, personal_statement, raw_text, structured_data) VALUES (1347, '王宇言', '192685737506', '汉语言文学', '来自 经济管理学院 2023级 级', 'Imported from V2 dataset', '{"skills": "["桌游、跑步、阅读、编程"]"}');
INSERT INTO student_profile (user_id, interest_tags, weekly_free_hours, commitment_level, personality_type) VALUES (1347, '["桌游、跑步、阅读、编程"]', 10, 'MED', 'EXPLORER');
INSERT INTO sys_user (id, school_email, password) VALUES (1348, 'u20230348', 'Campus@20238404');
INSERT INTO student_resume (user_id, real_name, contact_phone, major, personal_statement, raw_text, structured_data) VALUES (1348, '彭知洋', '193932591369', '环境工程', '来自 信息工程学院 2023级 级', 'Imported from V2 dataset', '{"skills": "["桌游、设计、摄影、辩论"]"}');
INSERT INTO student_profile (user_id, interest_tags, weekly_free_hours, commitment_level, personality_type) VALUES (1348, '["桌游、设计、摄影、辩论"]', 10, 'MED', 'EXPLORER');
INSERT INTO sys_user (id, school_email, password) VALUES (1349, 'u20230349', 'Campus@20238477');
INSERT INTO student_resume (user_id, real_name, contact_phone, major, personal_statement, raw_text, structured_data) VALUES (1349, '宋文', '137710566924', '生物工程', '来自 文学院 2023级 级', 'Imported from V2 dataset', '{"skills": "["志愿服务、电影、设计、编程"]"}');
INSERT INTO student_profile (user_id, interest_tags, weekly_free_hours, commitment_level, personality_type) VALUES (1349, '["志愿服务、电影、设计、编程"]', 10, 'MED', 'EXPLORER');
INSERT INTO sys_user (id, school_email, password) VALUES (1350, 'u20230350', 'Campus@20238550');
INSERT INTO student_resume (user_id, real_name, contact_phone, major, personal_statement, raw_text, structured_data) VALUES (1350, '刘天琪', '138871909868', '网络空间安全', '来自 环境科学学院 2023级 级', 'Imported from V2 dataset', '{"skills": "["摄影、桌游、辩论、旅行"]"}');
INSERT INTO student_profile (user_id, interest_tags, weekly_free_hours, commitment_level, personality_type) VALUES (1350, '["摄影、桌游、辩论、旅行"]', 10, 'MED', 'EXPLORER');
INSERT INTO sys_user (id, school_email, password) VALUES (1351, 'u20230351', 'Campus@20238623');
INSERT INTO student_resume (user_id, real_name, contact_phone, major, personal_statement, raw_text, structured_data) VALUES (1351, '孙若菲', '153317277738', '环境工程', '来自 理学院 2023级 级', 'Imported from V2 dataset', '{"skills": "["跑步、音乐、羽毛球、电影"]"}');
INSERT INTO student_profile (user_id, interest_tags, weekly_free_hours, commitment_level, personality_type) VALUES (1351, '["跑步、音乐、羽毛球、电影"]', 10, 'MED', 'EXPLORER');
INSERT INTO sys_user (id, school_email, password) VALUES (1352, 'u20230352', 'Campus@20238696');
INSERT INTO student_resume (user_id, real_name, contact_phone, major, personal_statement, raw_text, structured_data) VALUES (1352, '张佳', '156029289486', '数学与应用数学', '来自 教育学院 2023级 级', 'Imported from V2 dataset', '{"skills": "["短视频、跑步、音乐、羽毛球"]"}');
INSERT INTO student_profile (user_id, interest_tags, weekly_free_hours, commitment_level, personality_type) VALUES (1352, '["短视频、跑步、音乐、羽毛球"]', 10, 'MED', 'EXPLORER');
INSERT INTO sys_user (id, school_email, password) VALUES (1353, 'u20230353', 'Campus@20238769');
INSERT INTO student_resume (user_id, real_name, contact_phone, major, personal_statement, raw_text, structured_data) VALUES (1353, '宋怡岚', '189354118469', '电子信息工程', '来自 教育学院 2023级 级', 'Imported from V2 dataset', '{"skills": "["旅行、阅读、音乐、摄影"]"}');
INSERT INTO student_profile (user_id, interest_tags, weekly_free_hours, commitment_level, personality_type) VALUES (1353, '["旅行、阅读、音乐、摄影"]', 10, 'MED', 'EXPLORER');
INSERT INTO sys_user (id, school_email, password) VALUES (1354, 'u20230354', 'Campus@20238842');
INSERT INTO student_resume (user_id, real_name, contact_phone, major, personal_statement, raw_text, structured_data) VALUES (1354, '吴意', '193620293492', '会计学', '来自 计算机学院 2023级 级', 'Imported from V2 dataset', '{"skills": "["旅行、跑步、设计、摄影"]"}');
INSERT INTO student_profile (user_id, interest_tags, weekly_free_hours, commitment_level, personality_type) VALUES (1354, '["旅行、跑步、设计、摄影"]', 10, 'MED', 'EXPLORER');
INSERT INTO sys_user (id, school_email, password) VALUES (1355, 'u20230355', 'Campus@20238915');
INSERT INTO student_resume (user_id, real_name, contact_phone, major, personal_statement, raw_text, structured_data) VALUES (1355, '郑景璇', '151683529506', '历史学', '来自 社会发展学院 2023级 级', 'Imported from V2 dataset', '{"skills": "["桌游、绘画、创业、阅读"]"}');
INSERT INTO student_profile (user_id, interest_tags, weekly_free_hours, commitment_level, personality_type) VALUES (1355, '["桌游、绘画、创业、阅读"]', 10, 'MED', 'EXPLORER');
INSERT INTO sys_user (id, school_email, password) VALUES (1356, 'u20230356', 'Campus@20238988');
INSERT INTO student_resume (user_id, real_name, contact_phone, major, personal_statement, raw_text, structured_data) VALUES (1356, '田可然', '196541698233', '自动化', '来自 文学院 2023级 级', 'Imported from V2 dataset', '{"skills": "["阅读、公益、音乐、创业"]"}');
INSERT INTO student_profile (user_id, interest_tags, weekly_free_hours, commitment_level, personality_type) VALUES (1356, '["阅读、公益、音乐、创业"]', 10, 'MED', 'EXPLORER');
INSERT INTO sys_user (id, school_email, password) VALUES (1357, 'u20230357', 'Campus@20239061');
INSERT INTO student_resume (user_id, real_name, contact_phone, major, personal_statement, raw_text, structured_data) VALUES (1357, '吴思航', '193929011484', '统计学', '来自 教育学院 2023级 级', 'Imported from V2 dataset', '{"skills": "["编程、羽毛球、桌游、设计"]"}');
INSERT INTO student_profile (user_id, interest_tags, weekly_free_hours, commitment_level, personality_type) VALUES (1357, '["编程、羽毛球、桌游、设计"]', 10, 'MED', 'EXPLORER');
INSERT INTO sys_user (id, school_email, password) VALUES (1358, 'u20230358', 'Campus@20239134');
INSERT INTO student_resume (user_id, real_name, contact_phone, major, personal_statement, raw_text, structured_data) VALUES (1358, '蔡意萌', '176083081990', '教育学', '来自 经济管理学院 2023级 级', 'Imported from V2 dataset', '{"skills": "["羽毛球、公益、旅行、辩论"]"}');
INSERT INTO student_profile (user_id, interest_tags, weekly_free_hours, commitment_level, personality_type) VALUES (1358, '["羽毛球、公益、旅行、辩论"]', 10, 'MED', 'EXPLORER');
INSERT INTO sys_user (id, school_email, password) VALUES (1359, 'u20230359', 'Campus@20239207');
INSERT INTO student_resume (user_id, real_name, contact_phone, major, personal_statement, raw_text, structured_data) VALUES (1359, '黄安', '131750523512', '计算机科学与技术', '来自 计算机学院 2023级 级', 'Imported from V2 dataset', '{"skills": "["志愿服务、阅读、短视频、辩论"]"}');
INSERT INTO student_profile (user_id, interest_tags, weekly_free_hours, commitment_level, personality_type) VALUES (1359, '["志愿服务、阅读、短视频、辩论"]', 10, 'MED', 'EXPLORER');
INSERT INTO sys_user (id, school_email, password) VALUES (1360, 'u20230360', 'Campus@20239280');
INSERT INTO student_resume (user_id, real_name, contact_phone, major, personal_statement, raw_text, structured_data) VALUES (1360, '蔡亦洋', '135334828495', '土木工程', '来自 社会发展学院 2023级 级', 'Imported from V2 dataset', '{"skills": "["旅行、短视频、电影、阅读"]"}');
INSERT INTO student_profile (user_id, interest_tags, weekly_free_hours, commitment_level, personality_type) VALUES (1360, '["旅行、短视频、电影、阅读"]', 10, 'MED', 'EXPLORER');
INSERT INTO sys_user (id, school_email, password) VALUES (1361, 'u20230361', 'Campus@20239353');
INSERT INTO student_resume (user_id, real_name, contact_phone, major, personal_statement, raw_text, structured_data) VALUES (1361, '曾浩', '155380143475', '环境工程', '来自 文学院 2023级 级', 'Imported from V2 dataset', '{"skills": "["创业、设计、桌游、志愿服务"]"}');
INSERT INTO student_profile (user_id, interest_tags, weekly_free_hours, commitment_level, personality_type) VALUES (1361, '["创业、设计、桌游、志愿服务"]', 10, 'MED', 'EXPLORER');
INSERT INTO sys_user (id, school_email, password) VALUES (1362, 'u20230362', 'Campus@20239426');
INSERT INTO student_resume (user_id, real_name, contact_phone, major, personal_statement, raw_text, structured_data) VALUES (1362, '赵柏昊', '135161417397', '汉语言文学', '来自 经济管理学院 2023级 级', 'Imported from V2 dataset', '{"skills": "["音乐、公益、桌游、电影"]"}');
INSERT INTO student_profile (user_id, interest_tags, weekly_free_hours, commitment_level, personality_type) VALUES (1362, '["音乐、公益、桌游、电影"]', 10, 'MED', 'EXPLORER');
INSERT INTO sys_user (id, school_email, password) VALUES (1363, 'u20230363', 'Campus@20239499');
INSERT INTO student_resume (user_id, real_name, contact_phone, major, personal_statement, raw_text, structured_data) VALUES (1363, '郑乐璇', '197946299334', '机械设计制造及其自动化', '来自 文学院 2023级 级', 'Imported from V2 dataset', '{"skills": "["设计、创业、电影、志愿服务"]"}');
INSERT INTO student_profile (user_id, interest_tags, weekly_free_hours, commitment_level, personality_type) VALUES (1363, '["设计、创业、电影、志愿服务"]', 10, 'MED', 'EXPLORER');
INSERT INTO sys_user (id, school_email, password) VALUES (1364, 'u20230364', 'Campus@20239572');
INSERT INTO student_resume (user_id, real_name, contact_phone, major, personal_statement, raw_text, structured_data) VALUES (1364, '蔡明', '191070503352', '建筑学', '来自 信息工程学院 2023级 级', 'Imported from V2 dataset', '{"skills": "["短视频、设计、公益、摄影"]"}');
INSERT INTO student_profile (user_id, interest_tags, weekly_free_hours, commitment_level, personality_type) VALUES (1364, '["短视频、设计、公益、摄影"]', 10, 'MED', 'EXPLORER');
INSERT INTO sys_user (id, school_email, password) VALUES (1365, 'u20230365', 'Campus@20239645');
INSERT INTO student_resume (user_id, real_name, contact_phone, major, personal_statement, raw_text, structured_data) VALUES (1365, '陈向熙', '196562209845', '社会学', '来自 法学院 2023级 级', 'Imported from V2 dataset', '{"skills": "["阅读、摄影、编程、志愿服务"]"}');
INSERT INTO student_profile (user_id, interest_tags, weekly_free_hours, commitment_level, personality_type) VALUES (1365, '["阅读、摄影、编程、志愿服务"]', 10, 'MED', 'EXPLORER');
INSERT INTO sys_user (id, school_email, password) VALUES (1366, 'u20230366', 'Campus@20239718');
INSERT INTO student_resume (user_id, real_name, contact_phone, major, personal_statement, raw_text, structured_data) VALUES (1366, '梁安航', '135896291215', '国际经济与贸易', '来自 建筑工程学院 2023级 级', 'Imported from V2 dataset', '{"skills": "["桌游、电影、音乐、公益"]"}');
INSERT INTO student_profile (user_id, interest_tags, weekly_free_hours, commitment_level, personality_type) VALUES (1366, '["桌游、电影、音乐、公益"]', 10, 'MED', 'EXPLORER');
INSERT INTO sys_user (id, school_email, password) VALUES (1367, 'u20230367', 'Campus@20239791');
INSERT INTO student_resume (user_id, real_name, contact_phone, major, personal_statement, raw_text, structured_data) VALUES (1367, '何文朗', '175619693993', '软件工程', '来自 教育学院 2023级 级', 'Imported from V2 dataset', '{"skills": "["公益、编程、跑步、创业"]"}');
INSERT INTO student_profile (user_id, interest_tags, weekly_free_hours, commitment_level, personality_type) VALUES (1367, '["公益、编程、跑步、创业"]', 10, 'MED', 'EXPLORER');
INSERT INTO sys_user (id, school_email, password) VALUES (1368, 'u20230368', 'Campus@20239864');
INSERT INTO student_resume (user_id, real_name, contact_phone, major, personal_statement, raw_text, structured_data) VALUES (1368, '杨清诚', '188534883561', '传播学', '来自 信息工程学院 2023级 级', 'Imported from V2 dataset', '{"skills": "["桌游、旅行、公益、音乐"]"}');
INSERT INTO student_profile (user_id, interest_tags, weekly_free_hours, commitment_level, personality_type) VALUES (1368, '["桌游、旅行、公益、音乐"]', 10, 'MED', 'EXPLORER');
INSERT INTO sys_user (id, school_email, password) VALUES (1369, 'u20230369', 'Campus@20239937');
INSERT INTO student_resume (user_id, real_name, contact_phone, major, personal_statement, raw_text, structured_data) VALUES (1369, '唐宇璇', '131188884787', '计算机科学与技术', '来自 信息工程学院 2023级 级', 'Imported from V2 dataset', '{"skills": "["桌游、短视频、旅行、跑步"]"}');
INSERT INTO student_profile (user_id, interest_tags, weekly_free_hours, commitment_level, personality_type) VALUES (1369, '["桌游、短视频、旅行、跑步"]', 10, 'MED', 'EXPLORER');
INSERT INTO sys_user (id, school_email, password) VALUES (1370, 'u20230370', 'Campus@20231010');
INSERT INTO student_resume (user_id, real_name, contact_phone, major, personal_statement, raw_text, structured_data) VALUES (1370, '许思琪', '154058123450', '金融学', '来自 信息工程学院 2023级 级', 'Imported from V2 dataset', '{"skills": "["设计、阅读、辩论、公益"]"}');
INSERT INTO student_profile (user_id, interest_tags, weekly_free_hours, commitment_level, personality_type) VALUES (1370, '["设计、阅读、辩论、公益"]', 10, 'MED', 'EXPLORER');
INSERT INTO sys_user (id, school_email, password) VALUES (1371, 'u20230371', 'Campus@20231083');
INSERT INTO student_resume (user_id, real_name, contact_phone, major, personal_statement, raw_text, structured_data) VALUES (1371, '蔡思', '185220544688', '历史学', '来自 教育学院 2023级 级', 'Imported from V2 dataset', '{"skills": "["短视频、摄影、羽毛球、创业"]"}');
INSERT INTO student_profile (user_id, interest_tags, weekly_free_hours, commitment_level, personality_type) VALUES (1371, '["短视频、摄影、羽毛球、创业"]', 10, 'MED', 'EXPLORER');
INSERT INTO sys_user (id, school_email, password) VALUES (1372, 'u20230372', 'Campus@20231156');
INSERT INTO student_resume (user_id, real_name, contact_phone, major, personal_statement, raw_text, structured_data) VALUES (1372, '郭一', '131756645321', '数据科学与大数据技术', '来自 理学院 2023级 级', 'Imported from V2 dataset', '{"skills": "["绘画、设计、公益、桌游"]"}');
INSERT INTO student_profile (user_id, interest_tags, weekly_free_hours, commitment_level, personality_type) VALUES (1372, '["绘画、设计、公益、桌游"]', 10, 'MED', 'EXPLORER');
INSERT INTO sys_user (id, school_email, password) VALUES (1373, 'u20230373', 'Campus@20231229');
INSERT INTO student_resume (user_id, real_name, contact_phone, major, personal_statement, raw_text, structured_data) VALUES (1373, '梁睿航', '137824899337', '统计学', '来自 建筑工程学院 2023级 级', 'Imported from V2 dataset', '{"skills": "["公益、阅读、编程、旅行"]"}');
INSERT INTO student_profile (user_id, interest_tags, weekly_free_hours, commitment_level, personality_type) VALUES (1373, '["公益、阅读、编程、旅行"]', 10, 'MED', 'EXPLORER');
INSERT INTO sys_user (id, school_email, password) VALUES (1374, 'u20230374', 'Campus@20231302');
INSERT INTO student_resume (user_id, real_name, contact_phone, major, personal_statement, raw_text, structured_data) VALUES (1374, '高南言', '178151194577', '新闻学', '来自 法学院 2023级 级', 'Imported from V2 dataset', '{"skills": "["电影、公益、志愿服务、创业"]"}');
INSERT INTO student_profile (user_id, interest_tags, weekly_free_hours, commitment_level, personality_type) VALUES (1374, '["电影、公益、志愿服务、创业"]', 10, 'MED', 'EXPLORER');
INSERT INTO sys_user (id, school_email, password) VALUES (1375, 'u20230375', 'Campus@20231375');
INSERT INTO student_resume (user_id, real_name, contact_phone, major, personal_statement, raw_text, structured_data) VALUES (1375, '曹俊川', '184119652496', '自动化', '来自 信息工程学院 2023级 级', 'Imported from V2 dataset', '{"skills": "["编程、旅行、羽毛球、设计"]"}');
INSERT INTO student_profile (user_id, interest_tags, weekly_free_hours, commitment_level, personality_type) VALUES (1375, '["编程、旅行、羽毛球、设计"]', 10, 'MED', 'EXPLORER');
INSERT INTO sys_user (id, school_email, password) VALUES (1376, 'u20230376', 'Campus@20231448');
INSERT INTO student_resume (user_id, real_name, contact_phone, major, personal_statement, raw_text, structured_data) VALUES (1376, '蒋文言', '182872577479', '历史学', '来自 新闻传播学院 2023级 级', 'Imported from V2 dataset', '{"skills": "["辩论、羽毛球、电影、公益"]"}');
INSERT INTO student_profile (user_id, interest_tags, weekly_free_hours, commitment_level, personality_type) VALUES (1376, '["辩论、羽毛球、电影、公益"]', 10, 'MED', 'EXPLORER');
INSERT INTO sys_user (id, school_email, password) VALUES (1377, 'u20230377', 'Campus@20231521');
INSERT INTO student_resume (user_id, real_name, contact_phone, major, personal_statement, raw_text, structured_data) VALUES (1377, '周向', '156810934803', '数字媒体技术', '来自 计算机学院 2023级 级', 'Imported from V2 dataset', '{"skills": "["旅行、桌游、绘画、跑步"]"}');
INSERT INTO student_profile (user_id, interest_tags, weekly_free_hours, commitment_level, personality_type) VALUES (1377, '["旅行、桌游、绘画、跑步"]', 10, 'MED', 'EXPLORER');
INSERT INTO sys_user (id, school_email, password) VALUES (1378, 'u20230378', 'Campus@20231594');
INSERT INTO student_resume (user_id, real_name, contact_phone, major, personal_statement, raw_text, structured_data) VALUES (1378, '许子萌', '153038423754', '社会学', '来自 经济管理学院 2023级 级', 'Imported from V2 dataset', '{"skills": "["旅行、公益、阅读、羽毛球"]"}');
INSERT INTO student_profile (user_id, interest_tags, weekly_free_hours, commitment_level, personality_type) VALUES (1378, '["旅行、公益、阅读、羽毛球"]', 10, 'MED', 'EXPLORER');
INSERT INTO sys_user (id, school_email, password) VALUES (1379, 'u20230379', 'Campus@20231667');
INSERT INTO student_resume (user_id, real_name, contact_phone, major, personal_statement, raw_text, structured_data) VALUES (1379, '冯星', '191441369489', '环境工程', '来自 文学院 2023级 级', 'Imported from V2 dataset', '{"skills": "["公益、电影、短视频、编程"]"}');
INSERT INTO student_profile (user_id, interest_tags, weekly_free_hours, commitment_level, personality_type) VALUES (1379, '["公益、电影、短视频、编程"]', 10, 'MED', 'EXPLORER');
INSERT INTO sys_user (id, school_email, password) VALUES (1380, 'u20230380', 'Campus@20231740');
INSERT INTO student_resume (user_id, real_name, contact_phone, major, personal_statement, raw_text, structured_data) VALUES (1380, '田启', '174859577649', '市场营销', '来自 文学院 2023级 级', 'Imported from V2 dataset', '{"skills": "["短视频、桌游、编程、电影"]"}');
INSERT INTO student_profile (user_id, interest_tags, weekly_free_hours, commitment_level, personality_type) VALUES (1380, '["短视频、桌游、编程、电影"]', 10, 'MED', 'EXPLORER');
INSERT INTO sys_user (id, school_email, password) VALUES (1381, 'u20230381', 'Campus@20231813');
INSERT INTO student_resume (user_id, real_name, contact_phone, major, personal_statement, raw_text, structured_data) VALUES (1381, '吴子宸', '155186568563', '自动化', '来自 社会发展学院 2023级 级', 'Imported from V2 dataset', '{"skills": "["桌游、编程、羽毛球、跑步"]"}');
INSERT INTO student_profile (user_id, interest_tags, weekly_free_hours, commitment_level, personality_type) VALUES (1381, '["桌游、编程、羽毛球、跑步"]', 10, 'MED', 'EXPLORER');
INSERT INTO sys_user (id, school_email, password) VALUES (1382, 'u20230382', 'Campus@20231886');
INSERT INTO student_resume (user_id, real_name, contact_phone, major, personal_statement, raw_text, structured_data) VALUES (1382, '于欣', '175622005051', '土木工程', '来自 信息工程学院 2023级 级', 'Imported from V2 dataset', '{"skills": "["羽毛球、摄影、志愿服务、编程"]"}');
INSERT INTO student_profile (user_id, interest_tags, weekly_free_hours, commitment_level, personality_type) VALUES (1382, '["羽毛球、摄影、志愿服务、编程"]', 10, 'MED', 'EXPLORER');
INSERT INTO sys_user (id, school_email, password) VALUES (1383, 'u20230383', 'Campus@20231959');
INSERT INTO student_resume (user_id, real_name, contact_phone, major, personal_statement, raw_text, structured_data) VALUES (1383, '曹景岚', '155554112474', '教育学', '来自 信息工程学院 2023级 级', 'Imported from V2 dataset', '{"skills": "["编程、摄影、短视频、志愿服务"]"}');
INSERT INTO student_profile (user_id, interest_tags, weekly_free_hours, commitment_level, personality_type) VALUES (1383, '["编程、摄影、短视频、志愿服务"]', 10, 'MED', 'EXPLORER');
INSERT INTO sys_user (id, school_email, password) VALUES (1384, 'u20230384', 'Campus@20232032');
INSERT INTO student_resume (user_id, real_name, contact_phone, major, personal_statement, raw_text, structured_data) VALUES (1384, '朱星沫', '182457251671', '国际经济与贸易', '来自 新闻传播学院 2023级 级', 'Imported from V2 dataset', '{"skills": "["旅行、跑步、设计、编程"]"}');
INSERT INTO student_profile (user_id, interest_tags, weekly_free_hours, commitment_level, personality_type) VALUES (1384, '["旅行、跑步、设计、编程"]', 10, 'MED', 'EXPLORER');
INSERT INTO sys_user (id, school_email, password) VALUES (1385, 'u20230385', 'Campus@20232105');
INSERT INTO student_resume (user_id, real_name, contact_phone, major, personal_statement, raw_text, structured_data) VALUES (1385, '韩乔', '136019726619', '环境工程', '来自 外国语学院 2023级 级', 'Imported from V2 dataset', '{"skills": "["设计、短视频、阅读、跑步"]"}');
INSERT INTO student_profile (user_id, interest_tags, weekly_free_hours, commitment_level, personality_type) VALUES (1385, '["设计、短视频、阅读、跑步"]', 10, 'MED', 'EXPLORER');
INSERT INTO sys_user (id, school_email, password) VALUES (1386, 'u20230386', 'Campus@20232178');
INSERT INTO student_resume (user_id, real_name, contact_phone, major, personal_statement, raw_text, structured_data) VALUES (1386, '余星轩', '171649353946', '自动化', '来自 信息工程学院 2023级 级', 'Imported from V2 dataset', '{"skills": "["桌游、旅行、绘画、跑步"]"}');
INSERT INTO student_profile (user_id, interest_tags, weekly_free_hours, commitment_level, personality_type) VALUES (1386, '["桌游、旅行、绘画、跑步"]', 10, 'MED', 'EXPLORER');
INSERT INTO sys_user (id, school_email, password) VALUES (1387, 'u20230387', 'Campus@20232251');
INSERT INTO student_resume (user_id, real_name, contact_phone, major, personal_statement, raw_text, structured_data) VALUES (1387, '林泽熙', '196487657185', '市场营销', '来自 外国语学院 2023级 级', 'Imported from V2 dataset', '{"skills": "["阅读、志愿服务、短视频、摄影"]"}');
INSERT INTO student_profile (user_id, interest_tags, weekly_free_hours, commitment_level, personality_type) VALUES (1387, '["阅读、志愿服务、短视频、摄影"]', 10, 'MED', 'EXPLORER');
INSERT INTO sys_user (id, school_email, password) VALUES (1388, 'u20230388', 'Campus@20232324');
INSERT INTO student_resume (user_id, real_name, contact_phone, major, personal_statement, raw_text, structured_data) VALUES (1388, '李书川', '174948647419', '英语', '来自 理学院 2023级 级', 'Imported from V2 dataset', '{"skills": "["绘画、公益、设计、羽毛球"]"}');
INSERT INTO student_profile (user_id, interest_tags, weekly_free_hours, commitment_level, personality_type) VALUES (1388, '["绘画、公益、设计、羽毛球"]', 10, 'MED', 'EXPLORER');
INSERT INTO sys_user (id, school_email, password) VALUES (1389, 'u20230389', 'Campus@20232397');
INSERT INTO student_resume (user_id, real_name, contact_phone, major, personal_statement, raw_text, structured_data) VALUES (1389, '曹雨远', '175720952154', '工商管理', '来自 信息工程学院 2023级 级', 'Imported from V2 dataset', '{"skills": "["志愿服务、辩论、旅行、羽毛球"]"}');
INSERT INTO student_profile (user_id, interest_tags, weekly_free_hours, commitment_level, personality_type) VALUES (1389, '["志愿服务、辩论、旅行、羽毛球"]', 10, 'MED', 'EXPLORER');
INSERT INTO sys_user (id, school_email, password) VALUES (1390, 'u20230390', 'Campus@20232470');
INSERT INTO student_resume (user_id, real_name, contact_phone, major, personal_statement, raw_text, structured_data) VALUES (1390, '徐知', '138567729180', '数学与应用数学', '来自 外国语学院 2023级 级', 'Imported from V2 dataset', '{"skills": "["设计、阅读、公益、桌游"]"}');
INSERT INTO student_profile (user_id, interest_tags, weekly_free_hours, commitment_level, personality_type) VALUES (1390, '["设计、阅读、公益、桌游"]', 10, 'MED', 'EXPLORER');
INSERT INTO sys_user (id, school_email, password) VALUES (1391, 'u20230391', 'Campus@20232543');
INSERT INTO student_resume (user_id, real_name, contact_phone, major, personal_statement, raw_text, structured_data) VALUES (1391, '曾柏婷', '152167633160', '数字媒体技术', '来自 理学院 2023级 级', 'Imported from V2 dataset', '{"skills": "["短视频、志愿服务、电影、绘画"]"}');
INSERT INTO student_profile (user_id, interest_tags, weekly_free_hours, commitment_level, personality_type) VALUES (1391, '["短视频、志愿服务、电影、绘画"]', 10, 'MED', 'EXPLORER');
INSERT INTO sys_user (id, school_email, password) VALUES (1392, 'u20230392', 'Campus@20232616');
INSERT INTO student_resume (user_id, real_name, contact_phone, major, personal_statement, raw_text, structured_data) VALUES (1392, '冯宁瑶', '199386396040', '信息管理与信息系统', '来自 社会发展学院 2023级 级', 'Imported from V2 dataset', '{"skills": "["电影、创业、音乐、桌游"]"}');
INSERT INTO student_profile (user_id, interest_tags, weekly_free_hours, commitment_level, personality_type) VALUES (1392, '["电影、创业、音乐、桌游"]', 10, 'MED', 'EXPLORER');
INSERT INTO sys_user (id, school_email, password) VALUES (1393, 'u20230393', 'Campus@20232689');
INSERT INTO student_resume (user_id, real_name, contact_phone, major, personal_statement, raw_text, structured_data) VALUES (1393, '彭清', '189055383484', '英语', '来自 信息工程学院 2023级 级', 'Imported from V2 dataset', '{"skills": "["跑步、电影、摄影、阅读"]"}');
INSERT INTO student_profile (user_id, interest_tags, weekly_free_hours, commitment_level, personality_type) VALUES (1393, '["跑步、电影、摄影、阅读"]', 10, 'MED', 'EXPLORER');
INSERT INTO sys_user (id, school_email, password) VALUES (1394, 'u20230394', 'Campus@20232762');
INSERT INTO student_resume (user_id, real_name, contact_phone, major, personal_statement, raw_text, structured_data) VALUES (1394, '张安屿', '173455122954', '社会学', '来自 信息工程学院 2023级 级', 'Imported from V2 dataset', '{"skills": "["羽毛球、音乐、绘画、摄影"]"}');
INSERT INTO student_profile (user_id, interest_tags, weekly_free_hours, commitment_level, personality_type) VALUES (1394, '["羽毛球、音乐、绘画、摄影"]', 10, 'MED', 'EXPLORER');
INSERT INTO sys_user (id, school_email, password) VALUES (1395, 'u20230395', 'Campus@20232835');
INSERT INTO student_resume (user_id, real_name, contact_phone, major, personal_statement, raw_text, structured_data) VALUES (1395, '郭安彤', '155282181497', '自动化', '来自 信息工程学院 2023级 级', 'Imported from V2 dataset', '{"skills": "["音乐、公益、电影、阅读"]"}');
INSERT INTO student_profile (user_id, interest_tags, weekly_free_hours, commitment_level, personality_type) VALUES (1395, '["音乐、公益、电影、阅读"]', 10, 'MED', 'EXPLORER');
INSERT INTO sys_user (id, school_email, password) VALUES (1396, 'u20230396', 'Campus@20232908');
INSERT INTO student_resume (user_id, real_name, contact_phone, major, personal_statement, raw_text, structured_data) VALUES (1396, '彭晨婷', '174068563330', '英语', '来自 经济管理学院 2023级 级', 'Imported from V2 dataset', '{"skills": "["阅读、辩论、音乐、公益"]"}');
INSERT INTO student_profile (user_id, interest_tags, weekly_free_hours, commitment_level, personality_type) VALUES (1396, '["阅读、辩论、音乐、公益"]', 10, 'MED', 'EXPLORER');
INSERT INTO sys_user (id, school_email, password) VALUES (1397, 'u20230397', 'Campus@20232981');
INSERT INTO student_resume (user_id, real_name, contact_phone, major, personal_statement, raw_text, structured_data) VALUES (1397, '潘清婷', '178626385336', '建筑学', '来自 环境科学学院 2023级 级', 'Imported from V2 dataset', '{"skills": "["跑步、音乐、设计、公益"]"}');
INSERT INTO student_profile (user_id, interest_tags, weekly_free_hours, commitment_level, personality_type) VALUES (1397, '["跑步、音乐、设计、公益"]', 10, 'MED', 'EXPLORER');
INSERT INTO sys_user (id, school_email, password) VALUES (1398, 'u20230398', 'Campus@20233054');
INSERT INTO student_resume (user_id, real_name, contact_phone, major, personal_statement, raw_text, structured_data) VALUES (1398, '赵亦菲', '195049904810', '环境工程', '来自 社会发展学院 2023级 级', 'Imported from V2 dataset', '{"skills": "["桌游、旅行、志愿服务、短视频"]"}');
INSERT INTO student_profile (user_id, interest_tags, weekly_free_hours, commitment_level, personality_type) VALUES (1398, '["桌游、旅行、志愿服务、短视频"]', 10, 'MED', 'EXPLORER');
INSERT INTO sys_user (id, school_email, password) VALUES (1399, 'u20230399', 'Campus@20233127');
INSERT INTO student_resume (user_id, real_name, contact_phone, major, personal_statement, raw_text, structured_data) VALUES (1399, '李向', '186111899426', '传播学', '来自 文学院 2023级 级', 'Imported from V2 dataset', '{"skills": "["公益、志愿服务、摄影、绘画"]"}');
INSERT INTO student_profile (user_id, interest_tags, weekly_free_hours, commitment_level, personality_type) VALUES (1399, '["公益、志愿服务、摄影、绘画"]', 10, 'MED', 'EXPLORER');
INSERT INTO sys_user (id, school_email, password) VALUES (1400, 'u20230400', 'Campus@20233200');
INSERT INTO student_resume (user_id, real_name, contact_phone, major, personal_statement, raw_text, structured_data) VALUES (1400, '吴依宸', '197386282002', '数据科学与大数据技术', '来自 信息工程学院 2023级 级', 'Imported from V2 dataset', '{"skills": "["短视频、摄影、电影、羽毛球"]"}');
INSERT INTO student_profile (user_id, interest_tags, weekly_free_hours, commitment_level, personality_type) VALUES (1400, '["短视频、摄影、电影、羽毛球"]', 10, 'MED', 'EXPLORER');
INSERT INTO sys_user (id, school_email, password) VALUES (1401, 'u20240401', 'Campus@20243273');
INSERT INTO student_resume (user_id, real_name, contact_phone, major, personal_statement, raw_text, structured_data) VALUES (1401, '林佳熙', '185498376583', '统计学', '来自 建筑工程学院 2024级 级', 'Imported from V2 dataset', '{"skills": "["旅行、电影、短视频、桌游"]"}');
INSERT INTO student_profile (user_id, interest_tags, weekly_free_hours, commitment_level, personality_type) VALUES (1401, '["旅行、电影、短视频、桌游"]', 10, 'MED', 'EXPLORER');
INSERT INTO sys_user (id, school_email, password) VALUES (1402, 'u20240402', 'Campus@20243346');
INSERT INTO student_resume (user_id, real_name, contact_phone, major, personal_statement, raw_text, structured_data) VALUES (1402, '潘乐川', '191371627144', '数学与应用数学', '来自 环境科学学院 2024级 级', 'Imported from V2 dataset', '{"skills": "["设计、摄影、旅行、桌游"]"}');
INSERT INTO student_profile (user_id, interest_tags, weekly_free_hours, commitment_level, personality_type) VALUES (1402, '["设计、摄影、旅行、桌游"]', 10, 'MED', 'EXPLORER');
INSERT INTO sys_user (id, school_email, password) VALUES (1403, 'u20240403', 'Campus@20243419');
INSERT INTO student_resume (user_id, real_name, contact_phone, major, personal_statement, raw_text, structured_data) VALUES (1403, '杨佳萱', '199061184033', '工商管理', '来自 法学院 2024级 级', 'Imported from V2 dataset', '{"skills": "["公益、羽毛球、旅行、创业"]"}');
INSERT INTO student_profile (user_id, interest_tags, weekly_free_hours, commitment_level, personality_type) VALUES (1403, '["公益、羽毛球、旅行、创业"]', 10, 'MED', 'EXPLORER');
INSERT INTO sys_user (id, school_email, password) VALUES (1404, 'u20240404', 'Campus@20243492');
INSERT INTO student_resume (user_id, real_name, contact_phone, major, personal_statement, raw_text, structured_data) VALUES (1404, '谢诺', '194549764052', '数据科学与大数据技术', '来自 计算机学院 2024级 级', 'Imported from V2 dataset', '{"skills": "["旅行、创业、桌游、设计"]"}');
INSERT INTO student_profile (user_id, interest_tags, weekly_free_hours, commitment_level, personality_type) VALUES (1404, '["旅行、创业、桌游、设计"]', 10, 'MED', 'EXPLORER');
INSERT INTO sys_user (id, school_email, password) VALUES (1405, 'u20240405', 'Campus@20243565');
INSERT INTO student_resume (user_id, real_name, contact_phone, major, personal_statement, raw_text, structured_data) VALUES (1405, '曹乔', '191588191816', '数据科学与大数据技术', '来自 文学院 2024级 级', 'Imported from V2 dataset', '{"skills": "["设计、短视频、创业、编程"]"}');
INSERT INTO student_profile (user_id, interest_tags, weekly_free_hours, commitment_level, personality_type) VALUES (1405, '["设计、短视频、创业、编程"]', 10, 'MED', 'EXPLORER');
INSERT INTO sys_user (id, school_email, password) VALUES (1406, 'u20240406', 'Campus@20243638');
INSERT INTO student_resume (user_id, real_name, contact_phone, major, personal_statement, raw_text, structured_data) VALUES (1406, '林乔璇', '131386567512', '计算机科学与技术', '来自 教育学院 2024级 级', 'Imported from V2 dataset', '{"skills": "["摄影、电影、公益、桌游"]"}');
INSERT INTO student_profile (user_id, interest_tags, weekly_free_hours, commitment_level, personality_type) VALUES (1406, '["摄影、电影、公益、桌游"]', 10, 'MED', 'EXPLORER');
INSERT INTO sys_user (id, school_email, password) VALUES (1407, 'u20240407', 'Campus@20243711');
INSERT INTO student_resume (user_id, real_name, contact_phone, major, personal_statement, raw_text, structured_data) VALUES (1407, '林明希', '182015576063', '社会学', '来自 文学院 2024级 级', 'Imported from V2 dataset', '{"skills": "["跑步、志愿服务、设计、电影"]"}');
INSERT INTO student_profile (user_id, interest_tags, weekly_free_hours, commitment_level, personality_type) VALUES (1407, '["跑步、志愿服务、设计、电影"]', 10, 'MED', 'EXPLORER');
INSERT INTO sys_user (id, school_email, password) VALUES (1408, 'u20240408', 'Campus@20243784');
INSERT INTO student_resume (user_id, real_name, contact_phone, major, personal_statement, raw_text, structured_data) VALUES (1408, '杨星屿', '131372005663', '传播学', '来自 外国语学院 2024级 级', 'Imported from V2 dataset', '{"skills": "["设计、志愿服务、跑步、旅行"]"}');
INSERT INTO student_profile (user_id, interest_tags, weekly_free_hours, commitment_level, personality_type) VALUES (1408, '["设计、志愿服务、跑步、旅行"]', 10, 'MED', 'EXPLORER');
INSERT INTO sys_user (id, school_email, password) VALUES (1409, 'u20240409', 'Campus@20243857');
INSERT INTO student_resume (user_id, real_name, contact_phone, major, personal_statement, raw_text, structured_data) VALUES (1409, '郑可', '132327785962', '数学与应用数学', '来自 文学院 2024级 级', 'Imported from V2 dataset', '{"skills": "["旅行、绘画、创业、音乐"]"}');
INSERT INTO student_profile (user_id, interest_tags, weekly_free_hours, commitment_level, personality_type) VALUES (1409, '["旅行、绘画、创业、音乐"]', 10, 'MED', 'EXPLORER');
INSERT INTO sys_user (id, school_email, password) VALUES (1410, 'u20240410', 'Campus@20243930');
INSERT INTO student_resume (user_id, real_name, contact_phone, major, personal_statement, raw_text, structured_data) VALUES (1410, '彭乔宸', '172133793084', '法学', '来自 计算机学院 2024级 级', 'Imported from V2 dataset', '{"skills": "["桌游、辩论、设计、跑步"]"}');
INSERT INTO student_profile (user_id, interest_tags, weekly_free_hours, commitment_level, personality_type) VALUES (1410, '["桌游、辩论、设计、跑步"]', 10, 'MED', 'EXPLORER');
INSERT INTO sys_user (id, school_email, password) VALUES (1411, 'u20240411', 'Campus@20244003');
INSERT INTO student_resume (user_id, real_name, contact_phone, major, personal_statement, raw_text, structured_data) VALUES (1411, '曾依祺', '188855183353', '信息管理与信息系统', '来自 教育学院 2024级 级', 'Imported from V2 dataset', '{"skills": "["电影、跑步、设计、辩论"]"}');
INSERT INTO student_profile (user_id, interest_tags, weekly_free_hours, commitment_level, personality_type) VALUES (1411, '["电影、跑步、设计、辩论"]', 10, 'MED', 'EXPLORER');
INSERT INTO sys_user (id, school_email, password) VALUES (1412, 'u20240412', 'Campus@20244076');
INSERT INTO student_resume (user_id, real_name, contact_phone, major, personal_statement, raw_text, structured_data) VALUES (1412, '罗子婷', '182120919761', '数据科学与大数据技术', '来自 信息工程学院 2024级 级', 'Imported from V2 dataset', '{"skills": "["编程、绘画、跑步、电影"]"}');
INSERT INTO student_profile (user_id, interest_tags, weekly_free_hours, commitment_level, personality_type) VALUES (1412, '["编程、绘画、跑步、电影"]', 10, 'MED', 'EXPLORER');
INSERT INTO sys_user (id, school_email, password) VALUES (1413, 'u20240413', 'Campus@20244149');
INSERT INTO student_resume (user_id, real_name, contact_phone, major, personal_statement, raw_text, structured_data) VALUES (1413, '彭诺', '192592669944', '教育学', '来自 文学院 2024级 级', 'Imported from V2 dataset', '{"skills": "["辩论、绘画、短视频、阅读"]"}');
INSERT INTO student_profile (user_id, interest_tags, weekly_free_hours, commitment_level, personality_type) VALUES (1413, '["辩论、绘画、短视频、阅读"]', 10, 'MED', 'EXPLORER');
INSERT INTO sys_user (id, school_email, password) VALUES (1414, 'u20240414', 'Campus@20244222');
INSERT INTO student_resume (user_id, real_name, contact_phone, major, personal_statement, raw_text, structured_data) VALUES (1414, '吴诺岚', '173243787875', '环境工程', '来自 社会发展学院 2024级 级', 'Imported from V2 dataset', '{"skills": "["旅行、阅读、桌游、设计"]"}');
INSERT INTO student_profile (user_id, interest_tags, weekly_free_hours, commitment_level, personality_type) VALUES (1414, '["旅行、阅读、桌游、设计"]', 10, 'MED', 'EXPLORER');
INSERT INTO sys_user (id, school_email, password) VALUES (1415, 'u20240415', 'Campus@20244295');
INSERT INTO student_resume (user_id, real_name, contact_phone, major, personal_statement, raw_text, structured_data) VALUES (1415, '杨卓', '135425436390', '英语', '来自 社会发展学院 2024级 级', 'Imported from V2 dataset', '{"skills": "["羽毛球、摄影、桌游、公益"]"}');
INSERT INTO student_profile (user_id, interest_tags, weekly_free_hours, commitment_level, personality_type) VALUES (1415, '["羽毛球、摄影、桌游、公益"]', 10, 'MED', 'EXPLORER');
INSERT INTO sys_user (id, school_email, password) VALUES (1416, 'u20240416', 'Campus@20244368');
INSERT INTO student_resume (user_id, real_name, contact_phone, major, personal_statement, raw_text, structured_data) VALUES (1416, '孙书涵', '155121291075', '数学与应用数学', '来自 教育学院 2024级 级', 'Imported from V2 dataset', '{"skills": "["摄影、阅读、辩论、桌游"]"}');
INSERT INTO student_profile (user_id, interest_tags, weekly_free_hours, commitment_level, personality_type) VALUES (1416, '["摄影、阅读、辩论、桌游"]', 10, 'MED', 'EXPLORER');
INSERT INTO sys_user (id, school_email, password) VALUES (1417, 'u20240417', 'Campus@20244441');
INSERT INTO student_resume (user_id, real_name, contact_phone, major, personal_statement, raw_text, structured_data) VALUES (1417, '胡安禾', '193244594205', '电子信息工程', '来自 教育学院 2024级 级', 'Imported from V2 dataset', '{"skills": "["创业、羽毛球、摄影、编程"]"}');
INSERT INTO student_profile (user_id, interest_tags, weekly_free_hours, commitment_level, personality_type) VALUES (1417, '["创业、羽毛球、摄影、编程"]', 10, 'MED', 'EXPLORER');
INSERT INTO sys_user (id, school_email, password) VALUES (1418, 'u20240418', 'Campus@20244514');
INSERT INTO student_resume (user_id, real_name, contact_phone, major, personal_statement, raw_text, structured_data) VALUES (1418, '陈意昊', '199478383417', '生物工程', '来自 信息工程学院 2024级 级', 'Imported from V2 dataset', '{"skills": "["公益、绘画、电影、音乐"]"}');
INSERT INTO student_profile (user_id, interest_tags, weekly_free_hours, commitment_level, personality_type) VALUES (1418, '["公益、绘画、电影、音乐"]', 10, 'MED', 'EXPLORER');
INSERT INTO sys_user (id, school_email, password) VALUES (1419, 'u20240419', 'Campus@20244587');
INSERT INTO student_resume (user_id, real_name, contact_phone, major, personal_statement, raw_text, structured_data) VALUES (1419, '杨意辰', '193794889515', '数学与应用数学', '来自 法学院 2024级 级', 'Imported from V2 dataset', '{"skills": "["公益、创业、旅行、音乐"]"}');
INSERT INTO student_profile (user_id, interest_tags, weekly_free_hours, commitment_level, personality_type) VALUES (1419, '["公益、创业、旅行、音乐"]', 10, 'MED', 'EXPLORER');
INSERT INTO sys_user (id, school_email, password) VALUES (1420, 'u20240420', 'Campus@20244660');
INSERT INTO student_resume (user_id, real_name, contact_phone, major, personal_statement, raw_text, structured_data) VALUES (1420, '朱诺珂', '176449897778', '信息管理与信息系统', '来自 外国语学院 2024级 级', 'Imported from V2 dataset', '{"skills": "["跑步、志愿服务、公益、旅行"]"}');
INSERT INTO student_profile (user_id, interest_tags, weekly_free_hours, commitment_level, personality_type) VALUES (1420, '["跑步、志愿服务、公益、旅行"]', 10, 'MED', 'EXPLORER');
INSERT INTO sys_user (id, school_email, password) VALUES (1421, 'u20240421', 'Campus@20244733');
INSERT INTO student_resume (user_id, real_name, contact_phone, major, personal_statement, raw_text, structured_data) VALUES (1421, '胡南', '199862319477', '统计学', '来自 信息工程学院 2024级 级', 'Imported from V2 dataset', '{"skills": "["设计、羽毛球、旅行、跑步"]"}');
INSERT INTO student_profile (user_id, interest_tags, weekly_free_hours, commitment_level, personality_type) VALUES (1421, '["设计、羽毛球、旅行、跑步"]', 10, 'MED', 'EXPLORER');
INSERT INTO sys_user (id, school_email, password) VALUES (1422, 'u20240422', 'Campus@20244806');
INSERT INTO student_resume (user_id, real_name, contact_phone, major, personal_statement, raw_text, structured_data) VALUES (1422, '谢启熙', '135135696130', '人工智能', '来自 教育学院 2024级 级', 'Imported from V2 dataset', '{"skills": "["编程、公益、设计、志愿服务"]"}');
INSERT INTO student_profile (user_id, interest_tags, weekly_free_hours, commitment_level, personality_type) VALUES (1422, '["编程、公益、设计、志愿服务"]', 10, 'MED', 'EXPLORER');
INSERT INTO sys_user (id, school_email, password) VALUES (1423, 'u20240423', 'Campus@20244879');
INSERT INTO student_resume (user_id, real_name, contact_phone, major, personal_statement, raw_text, structured_data) VALUES (1423, '朱怡歌', '134255818394', '国际经济与贸易', '来自 法学院 2024级 级', 'Imported from V2 dataset', '{"skills": "["电影、设计、辩论、摄影"]"}');
INSERT INTO student_profile (user_id, interest_tags, weekly_free_hours, commitment_level, personality_type) VALUES (1423, '["电影、设计、辩论、摄影"]', 10, 'MED', 'EXPLORER');
INSERT INTO sys_user (id, school_email, password) VALUES (1424, 'u20240424', 'Campus@20244952');
INSERT INTO student_resume (user_id, real_name, contact_phone, major, personal_statement, raw_text, structured_data) VALUES (1424, '宋乔', '179079385346', '数字媒体技术', '来自 新闻传播学院 2024级 级', 'Imported from V2 dataset', '{"skills": "["辩论、桌游、羽毛球、志愿服务"]"}');
INSERT INTO student_profile (user_id, interest_tags, weekly_free_hours, commitment_level, personality_type) VALUES (1424, '["辩论、桌游、羽毛球、志愿服务"]', 10, 'MED', 'EXPLORER');
INSERT INTO sys_user (id, school_email, password) VALUES (1425, 'u20240425', 'Campus@20245025');
INSERT INTO student_resume (user_id, real_name, contact_phone, major, personal_statement, raw_text, structured_data) VALUES (1425, '朱安', '138131981729', '电子信息工程', '来自 理学院 2024级 级', 'Imported from V2 dataset', '{"skills": "["公益、创业、羽毛球、志愿服务"]"}');
INSERT INTO student_profile (user_id, interest_tags, weekly_free_hours, commitment_level, personality_type) VALUES (1425, '["公益、创业、羽毛球、志愿服务"]', 10, 'MED', 'EXPLORER');
INSERT INTO sys_user (id, school_email, password) VALUES (1426, 'u20240426', 'Campus@20245098');
INSERT INTO student_resume (user_id, real_name, contact_phone, major, personal_statement, raw_text, structured_data) VALUES (1426, '周雨熙', '132465964310', '国际经济与贸易', '来自 外国语学院 2024级 级', 'Imported from V2 dataset', '{"skills": "["跑步、编程、音乐、旅行"]"}');
INSERT INTO student_profile (user_id, interest_tags, weekly_free_hours, commitment_level, personality_type) VALUES (1426, '["跑步、编程、音乐、旅行"]', 10, 'MED', 'EXPLORER');
INSERT INTO sys_user (id, school_email, password) VALUES (1427, 'u20240427', 'Campus@20245171');
INSERT INTO student_resume (user_id, real_name, contact_phone, major, personal_statement, raw_text, structured_data) VALUES (1427, '胡亦雅', '135155024367', '人工智能', '来自 经济管理学院 2024级 级', 'Imported from V2 dataset', '{"skills": "["公益、旅行、阅读、音乐"]"}');
INSERT INTO student_profile (user_id, interest_tags, weekly_free_hours, commitment_level, personality_type) VALUES (1427, '["公益、旅行、阅读、音乐"]', 10, 'MED', 'EXPLORER');
INSERT INTO sys_user (id, school_email, password) VALUES (1428, 'u20240428', 'Campus@20245244');
INSERT INTO student_resume (user_id, real_name, contact_phone, major, personal_statement, raw_text, structured_data) VALUES (1428, '周思瑶', '198985936649', '数学与应用数学', '来自 教育学院 2024级 级', 'Imported from V2 dataset', '{"skills": "["桌游、志愿服务、摄影、跑步"]"}');
INSERT INTO student_profile (user_id, interest_tags, weekly_free_hours, commitment_level, personality_type) VALUES (1428, '["桌游、志愿服务、摄影、跑步"]', 10, 'MED', 'EXPLORER');
INSERT INTO sys_user (id, school_email, password) VALUES (1429, 'u20240429', 'Campus@20245317');
INSERT INTO student_resume (user_id, real_name, contact_phone, major, personal_statement, raw_text, structured_data) VALUES (1429, '徐俊宸', '131047235185', '建筑学', '来自 计算机学院 2024级 级', 'Imported from V2 dataset', '{"skills": "["阅读、绘画、跑步、羽毛球"]"}');
INSERT INTO student_profile (user_id, interest_tags, weekly_free_hours, commitment_level, personality_type) VALUES (1429, '["阅读、绘画、跑步、羽毛球"]', 10, 'MED', 'EXPLORER');
INSERT INTO sys_user (id, school_email, password) VALUES (1430, 'u20240430', 'Campus@20245390');
INSERT INTO student_resume (user_id, real_name, contact_phone, major, personal_statement, raw_text, structured_data) VALUES (1430, '唐亦彤', '174629093828', '工商管理', '来自 理学院 2024级 级', 'Imported from V2 dataset', '{"skills": "["旅行、电影、桌游、绘画"]"}');
INSERT INTO student_profile (user_id, interest_tags, weekly_free_hours, commitment_level, personality_type) VALUES (1430, '["旅行、电影、桌游、绘画"]', 10, 'MED', 'EXPLORER');
INSERT INTO sys_user (id, school_email, password) VALUES (1431, 'u20240431', 'Campus@20245463');
INSERT INTO student_resume (user_id, real_name, contact_phone, major, personal_statement, raw_text, structured_data) VALUES (1431, '田子', '133664185772', '新闻学', '来自 新闻传播学院 2024级 级', 'Imported from V2 dataset', '{"skills": "["创业、编程、辩论、阅读"]"}');
INSERT INTO student_profile (user_id, interest_tags, weekly_free_hours, commitment_level, personality_type) VALUES (1431, '["创业、编程、辩论、阅读"]', 10, 'MED', 'EXPLORER');
INSERT INTO sys_user (id, school_email, password) VALUES (1432, 'u20240432', 'Campus@20245536');
INSERT INTO student_resume (user_id, real_name, contact_phone, major, personal_statement, raw_text, structured_data) VALUES (1432, '徐乐歌', '132046142427', '工商管理', '来自 法学院 2024级 级', 'Imported from V2 dataset', '{"skills": "["志愿服务、跑步、旅行、绘画"]"}');
INSERT INTO student_profile (user_id, interest_tags, weekly_free_hours, commitment_level, personality_type) VALUES (1432, '["志愿服务、跑步、旅行、绘画"]', 10, 'MED', 'EXPLORER');
INSERT INTO sys_user (id, school_email, password) VALUES (1433, 'u20240433', 'Campus@20245609');
INSERT INTO student_resume (user_id, real_name, contact_phone, major, personal_statement, raw_text, structured_data) VALUES (1433, '谢意', '158623112611', '统计学', '来自 环境科学学院 2024级 级', 'Imported from V2 dataset', '{"skills": "["音乐、设计、志愿服务、电影"]"}');
INSERT INTO student_profile (user_id, interest_tags, weekly_free_hours, commitment_level, personality_type) VALUES (1433, '["音乐、设计、志愿服务、电影"]', 10, 'MED', 'EXPLORER');
INSERT INTO sys_user (id, school_email, password) VALUES (1434, 'u20240434', 'Campus@20245682');
INSERT INTO student_resume (user_id, real_name, contact_phone, major, personal_statement, raw_text, structured_data) VALUES (1434, '郑欣彤', '156014762210', '数学与应用数学', '来自 信息工程学院 2024级 级', 'Imported from V2 dataset', '{"skills": "["志愿服务、公益、桌游、羽毛球"]"}');
INSERT INTO student_profile (user_id, interest_tags, weekly_free_hours, commitment_level, personality_type) VALUES (1434, '["志愿服务、公益、桌游、羽毛球"]', 10, 'MED', 'EXPLORER');
INSERT INTO sys_user (id, school_email, password) VALUES (1435, 'u20240435', 'Campus@20245755');
INSERT INTO student_resume (user_id, real_name, contact_phone, major, personal_statement, raw_text, structured_data) VALUES (1435, '余意雅', '154645941191', '法学', '来自 法学院 2024级 级', 'Imported from V2 dataset', '{"skills": "["桌游、短视频、创业、摄影"]"}');
INSERT INTO student_profile (user_id, interest_tags, weekly_free_hours, commitment_level, personality_type) VALUES (1435, '["桌游、短视频、创业、摄影"]', 10, 'MED', 'EXPLORER');
INSERT INTO sys_user (id, school_email, password) VALUES (1436, 'u20240436', 'Campus@20245828');
INSERT INTO student_resume (user_id, real_name, contact_phone, major, personal_statement, raw_text, structured_data) VALUES (1436, '吴知', '151997911532', '会计学', '来自 外国语学院 2024级 级', 'Imported from V2 dataset', '{"skills": "["阅读、短视频、旅行、电影"]"}');
INSERT INTO student_profile (user_id, interest_tags, weekly_free_hours, commitment_level, personality_type) VALUES (1436, '["阅读、短视频、旅行、电影"]', 10, 'MED', 'EXPLORER');
INSERT INTO sys_user (id, school_email, password) VALUES (1437, 'u20240437', 'Campus@20245901');
INSERT INTO student_resume (user_id, real_name, contact_phone, major, personal_statement, raw_text, structured_data) VALUES (1437, '林向彤', '194982616845', '生物工程', '来自 外国语学院 2024级 级', 'Imported from V2 dataset', '{"skills": "["音乐、绘画、跑步、设计"]"}');
INSERT INTO student_profile (user_id, interest_tags, weekly_free_hours, commitment_level, personality_type) VALUES (1437, '["音乐、绘画、跑步、设计"]', 10, 'MED', 'EXPLORER');
INSERT INTO sys_user (id, school_email, password) VALUES (1438, 'u20240438', 'Campus@20245974');
INSERT INTO student_resume (user_id, real_name, contact_phone, major, personal_statement, raw_text, structured_data) VALUES (1438, '冯俊言', '176644913393', '法学', '来自 信息工程学院 2024级 级', 'Imported from V2 dataset', '{"skills": "["编程、羽毛球、跑步、电影"]"}');
INSERT INTO student_profile (user_id, interest_tags, weekly_free_hours, commitment_level, personality_type) VALUES (1438, '["编程、羽毛球、跑步、电影"]', 10, 'MED', 'EXPLORER');
INSERT INTO sys_user (id, school_email, password) VALUES (1439, 'u20240439', 'Campus@20246047');
INSERT INTO student_resume (user_id, real_name, contact_phone, major, personal_statement, raw_text, structured_data) VALUES (1439, '田俊', '158793987538', '英语', '来自 计算机学院 2024级 级', 'Imported from V2 dataset', '{"skills": "["旅行、志愿服务、电影、公益"]"}');
INSERT INTO student_profile (user_id, interest_tags, weekly_free_hours, commitment_level, personality_type) VALUES (1439, '["旅行、志愿服务、电影、公益"]', 10, 'MED', 'EXPLORER');
INSERT INTO sys_user (id, school_email, password) VALUES (1440, 'u20240440', 'Campus@20246120');
INSERT INTO student_resume (user_id, real_name, contact_phone, major, personal_statement, raw_text, structured_data) VALUES (1440, '陈俊琳', '177481471433', '法学', '来自 社会发展学院 2024级 级', 'Imported from V2 dataset', '{"skills": "["短视频、音乐、摄影、设计"]"}');
INSERT INTO student_profile (user_id, interest_tags, weekly_free_hours, commitment_level, personality_type) VALUES (1440, '["短视频、音乐、摄影、设计"]', 10, 'MED', 'EXPLORER');
INSERT INTO sys_user (id, school_email, password) VALUES (1441, 'u20240441', 'Campus@20246193');
INSERT INTO student_resume (user_id, real_name, contact_phone, major, personal_statement, raw_text, structured_data) VALUES (1441, '朱文珂', '179169271379', '汉语言文学', '来自 信息工程学院 2024级 级', 'Imported from V2 dataset', '{"skills": "["电影、音乐、摄影、旅行"]"}');
INSERT INTO student_profile (user_id, interest_tags, weekly_free_hours, commitment_level, personality_type) VALUES (1441, '["电影、音乐、摄影、旅行"]', 10, 'MED', 'EXPLORER');
INSERT INTO sys_user (id, school_email, password) VALUES (1442, 'u20240442', 'Campus@20246266');
INSERT INTO student_resume (user_id, real_name, contact_phone, major, personal_statement, raw_text, structured_data) VALUES (1442, '袁嘉', '199467363892', '教育学', '来自 建筑工程学院 2024级 级', 'Imported from V2 dataset', '{"skills": "["电影、阅读、桌游、羽毛球"]"}');
INSERT INTO student_profile (user_id, interest_tags, weekly_free_hours, commitment_level, personality_type) VALUES (1442, '["电影、阅读、桌游、羽毛球"]', 10, 'MED', 'EXPLORER');
INSERT INTO sys_user (id, school_email, password) VALUES (1443, 'u20240443', 'Campus@20246339');
INSERT INTO student_resume (user_id, real_name, contact_phone, major, personal_statement, raw_text, structured_data) VALUES (1443, '高博雅', '186274359747', '历史学', '来自 文学院 2024级 级', 'Imported from V2 dataset', '{"skills": "["绘画、阅读、桌游、创业"]"}');
INSERT INTO student_profile (user_id, interest_tags, weekly_free_hours, commitment_level, personality_type) VALUES (1443, '["绘画、阅读、桌游、创业"]', 10, 'MED', 'EXPLORER');
INSERT INTO sys_user (id, school_email, password) VALUES (1444, 'u20240444', 'Campus@20246412');
INSERT INTO student_resume (user_id, real_name, contact_phone, major, personal_statement, raw_text, structured_data) VALUES (1444, '高向萱', '191451687485', '人工智能', '来自 环境科学学院 2024级 级', 'Imported from V2 dataset', '{"skills": "["辩论、电影、桌游、摄影"]"}');
INSERT INTO student_profile (user_id, interest_tags, weekly_free_hours, commitment_level, personality_type) VALUES (1444, '["辩论、电影、桌游、摄影"]', 10, 'MED', 'EXPLORER');
INSERT INTO sys_user (id, school_email, password) VALUES (1445, 'u20240445', 'Campus@20246485');
INSERT INTO student_resume (user_id, real_name, contact_phone, major, personal_statement, raw_text, structured_data) VALUES (1445, '胡文', '186211652408', '生物工程', '来自 法学院 2024级 级', 'Imported from V2 dataset', '{"skills": "["跑步、桌游、羽毛球、电影"]"}');
INSERT INTO student_profile (user_id, interest_tags, weekly_free_hours, commitment_level, personality_type) VALUES (1445, '["跑步、桌游、羽毛球、电影"]', 10, 'MED', 'EXPLORER');
INSERT INTO sys_user (id, school_email, password) VALUES (1446, 'u20240446', 'Campus@20246558');
INSERT INTO student_resume (user_id, real_name, contact_phone, major, personal_statement, raw_text, structured_data) VALUES (1446, '朱晨昊', '197893726408', '法学', '来自 建筑工程学院 2024级 级', 'Imported from V2 dataset', '{"skills": "["桌游、设计、公益、电影"]"}');
INSERT INTO student_profile (user_id, interest_tags, weekly_free_hours, commitment_level, personality_type) VALUES (1446, '["桌游、设计、公益、电影"]', 10, 'MED', 'EXPLORER');
INSERT INTO sys_user (id, school_email, password) VALUES (1447, 'u20240447', 'Campus@20246631');
INSERT INTO student_resume (user_id, real_name, contact_phone, major, personal_statement, raw_text, structured_data) VALUES (1447, '董启', '191076596885', '数学与应用数学', '来自 新闻传播学院 2024级 级', 'Imported from V2 dataset', '{"skills": "["跑步、旅行、辩论、短视频"]"}');
INSERT INTO student_profile (user_id, interest_tags, weekly_free_hours, commitment_level, personality_type) VALUES (1447, '["跑步、旅行、辩论、短视频"]', 10, 'MED', 'EXPLORER');
INSERT INTO sys_user (id, school_email, password) VALUES (1448, 'u20240448', 'Campus@20246704');
INSERT INTO student_resume (user_id, real_name, contact_phone, major, personal_statement, raw_text, structured_data) VALUES (1448, '郭清言', '137071063482', '心理学', '来自 经济管理学院 2024级 级', 'Imported from V2 dataset', '{"skills": "["音乐、跑步、辩论、编程"]"}');
INSERT INTO student_profile (user_id, interest_tags, weekly_free_hours, commitment_level, personality_type) VALUES (1448, '["音乐、跑步、辩论、编程"]', 10, 'MED', 'EXPLORER');
INSERT INTO sys_user (id, school_email, password) VALUES (1449, 'u20240449', 'Campus@20246777');
INSERT INTO student_resume (user_id, real_name, contact_phone, major, personal_statement, raw_text, structured_data) VALUES (1449, '于一岚', '133033864284', '计算机科学与技术', '来自 信息工程学院 2024级 级', 'Imported from V2 dataset', '{"skills": "["辩论、跑步、公益、旅行"]"}');
INSERT INTO student_profile (user_id, interest_tags, weekly_free_hours, commitment_level, personality_type) VALUES (1449, '["辩论、跑步、公益、旅行"]', 10, 'MED', 'EXPLORER');
INSERT INTO sys_user (id, school_email, password) VALUES (1450, 'u20240450', 'Campus@20246850');
INSERT INTO student_resume (user_id, real_name, contact_phone, major, personal_statement, raw_text, structured_data) VALUES (1450, '马明岚', '159581286403', '金融学', '来自 外国语学院 2024级 级', 'Imported from V2 dataset', '{"skills": "["音乐、羽毛球、电影、设计"]"}');
INSERT INTO student_profile (user_id, interest_tags, weekly_free_hours, commitment_level, personality_type) VALUES (1450, '["音乐、羽毛球、电影、设计"]', 10, 'MED', 'EXPLORER');
INSERT INTO sys_user (id, school_email, password) VALUES (1451, 'u20240451', 'Campus@20246923');
INSERT INTO student_resume (user_id, real_name, contact_phone, major, personal_statement, raw_text, structured_data) VALUES (1451, '高意', '177085497111', '信息管理与信息系统', '来自 文学院 2024级 级', 'Imported from V2 dataset', '{"skills": "["音乐、辩论、绘画、设计"]"}');
INSERT INTO student_profile (user_id, interest_tags, weekly_free_hours, commitment_level, personality_type) VALUES (1451, '["音乐、辩论、绘画、设计"]', 10, 'MED', 'EXPLORER');
INSERT INTO sys_user (id, school_email, password) VALUES (1452, 'u20240452', 'Campus@20246996');
INSERT INTO student_resume (user_id, real_name, contact_phone, major, personal_statement, raw_text, structured_data) VALUES (1452, '萧怡远', '154077489133', '新闻学', '来自 文学院 2024级 级', 'Imported from V2 dataset', '{"skills": "["旅行、设计、阅读、志愿服务"]"}');
INSERT INTO student_profile (user_id, interest_tags, weekly_free_hours, commitment_level, personality_type) VALUES (1452, '["旅行、设计、阅读、志愿服务"]', 10, 'MED', 'EXPLORER');
INSERT INTO sys_user (id, school_email, password) VALUES (1453, 'u20240453', 'Campus@20247069');
INSERT INTO student_resume (user_id, real_name, contact_phone, major, personal_statement, raw_text, structured_data) VALUES (1453, '萧安霏', '194193282909', '环境工程', '来自 新闻传播学院 2024级 级', 'Imported from V2 dataset', '{"skills": "["电影、编程、创业、音乐"]"}');
INSERT INTO student_profile (user_id, interest_tags, weekly_free_hours, commitment_level, personality_type) VALUES (1453, '["电影、编程、创业、音乐"]', 10, 'MED', 'EXPLORER');
INSERT INTO sys_user (id, school_email, password) VALUES (1454, 'u20240454', 'Campus@20247142');
INSERT INTO student_resume (user_id, real_name, contact_phone, major, personal_statement, raw_text, structured_data) VALUES (1454, '余思', '193058975574', '法学', '来自 环境科学学院 2024级 级', 'Imported from V2 dataset', '{"skills": "["阅读、设计、短视频、羽毛球"]"}');
INSERT INTO student_profile (user_id, interest_tags, weekly_free_hours, commitment_level, personality_type) VALUES (1454, '["阅读、设计、短视频、羽毛球"]', 10, 'MED', 'EXPLORER');
INSERT INTO sys_user (id, school_email, password) VALUES (1455, 'u20240455', 'Campus@20247215');
INSERT INTO student_resume (user_id, real_name, contact_phone, major, personal_statement, raw_text, structured_data) VALUES (1455, '胡言菲', '153746968938', '国际经济与贸易', '来自 教育学院 2024级 级', 'Imported from V2 dataset', '{"skills": "["志愿服务、跑步、绘画、创业"]"}');
INSERT INTO student_profile (user_id, interest_tags, weekly_free_hours, commitment_level, personality_type) VALUES (1455, '["志愿服务、跑步、绘画、创业"]', 10, 'MED', 'EXPLORER');
INSERT INTO sys_user (id, school_email, password) VALUES (1456, 'u20240456', 'Campus@20247288');
INSERT INTO student_resume (user_id, real_name, contact_phone, major, personal_statement, raw_text, structured_data) VALUES (1456, '萧子璇', '171827709088', '数字媒体技术', '来自 文学院 2024级 级', 'Imported from V2 dataset', '{"skills": "["公益、志愿服务、阅读、跑步"]"}');
INSERT INTO student_profile (user_id, interest_tags, weekly_free_hours, commitment_level, personality_type) VALUES (1456, '["公益、志愿服务、阅读、跑步"]', 10, 'MED', 'EXPLORER');
INSERT INTO sys_user (id, school_email, password) VALUES (1457, 'u20240457', 'Campus@20247361');
INSERT INTO student_resume (user_id, real_name, contact_phone, major, personal_statement, raw_text, structured_data) VALUES (1457, '林明', '193670384624', '工商管理', '来自 经济管理学院 2024级 级', 'Imported from V2 dataset', '{"skills": "["桌游、旅行、公益、设计"]"}');
INSERT INTO student_profile (user_id, interest_tags, weekly_free_hours, commitment_level, personality_type) VALUES (1457, '["桌游、旅行、公益、设计"]', 10, 'MED', 'EXPLORER');
INSERT INTO sys_user (id, school_email, password) VALUES (1458, 'u20240458', 'Campus@20247434');
INSERT INTO student_resume (user_id, real_name, contact_phone, major, personal_statement, raw_text, structured_data) VALUES (1458, '林子洋', '181524085798', '数学与应用数学', '来自 计算机学院 2024级 级', 'Imported from V2 dataset', '{"skills": "["电影、公益、桌游、创业"]"}');
INSERT INTO student_profile (user_id, interest_tags, weekly_free_hours, commitment_level, personality_type) VALUES (1458, '["电影、公益、桌游、创业"]', 10, 'MED', 'EXPLORER');
INSERT INTO sys_user (id, school_email, password) VALUES (1459, 'u20240459', 'Campus@20247507');
INSERT INTO student_resume (user_id, real_name, contact_phone, major, personal_statement, raw_text, structured_data) VALUES (1459, '刘卓熙', '159636712827', '数学与应用数学', '来自 法学院 2024级 级', 'Imported from V2 dataset', '{"skills": "["电影、羽毛球、桌游、短视频"]"}');
INSERT INTO student_profile (user_id, interest_tags, weekly_free_hours, commitment_level, personality_type) VALUES (1459, '["电影、羽毛球、桌游、短视频"]', 10, 'MED', 'EXPLORER');
INSERT INTO sys_user (id, school_email, password) VALUES (1460, 'u20240460', 'Campus@20247580');
INSERT INTO student_resume (user_id, real_name, contact_phone, major, personal_statement, raw_text, structured_data) VALUES (1460, '冯子轩', '174347249329', '网络空间安全', '来自 信息工程学院 2024级 级', 'Imported from V2 dataset', '{"skills": "["志愿服务、阅读、摄影、绘画"]"}');
INSERT INTO student_profile (user_id, interest_tags, weekly_free_hours, commitment_level, personality_type) VALUES (1460, '["志愿服务、阅读、摄影、绘画"]', 10, 'MED', 'EXPLORER');
INSERT INTO sys_user (id, school_email, password) VALUES (1461, 'u20240461', 'Campus@20247653');
INSERT INTO student_resume (user_id, real_name, contact_phone, major, personal_statement, raw_text, structured_data) VALUES (1461, '徐雨禾', '154213284120', '环境工程', '来自 经济管理学院 2024级 级', 'Imported from V2 dataset', '{"skills": "["电影、设计、公益、编程"]"}');
INSERT INTO student_profile (user_id, interest_tags, weekly_free_hours, commitment_level, personality_type) VALUES (1461, '["电影、设计、公益、编程"]', 10, 'MED', 'EXPLORER');
INSERT INTO sys_user (id, school_email, password) VALUES (1462, 'u20240462', 'Campus@20247726');
INSERT INTO student_resume (user_id, real_name, contact_phone, major, personal_statement, raw_text, structured_data) VALUES (1462, '刘嘉屿', '195730693591', '市场营销', '来自 信息工程学院 2024级 级', 'Imported from V2 dataset', '{"skills": "["跑步、设计、音乐、志愿服务"]"}');
INSERT INTO student_profile (user_id, interest_tags, weekly_free_hours, commitment_level, personality_type) VALUES (1462, '["跑步、设计、音乐、志愿服务"]', 10, 'MED', 'EXPLORER');
INSERT INTO sys_user (id, school_email, password) VALUES (1463, 'u20240463', 'Campus@20247799');
INSERT INTO student_resume (user_id, real_name, contact_phone, major, personal_statement, raw_text, structured_data) VALUES (1463, '朱景', '191068945623', '英语', '来自 法学院 2024级 级', 'Imported from V2 dataset', '{"skills": "["音乐、创业、桌游、羽毛球"]"}');
INSERT INTO student_profile (user_id, interest_tags, weekly_free_hours, commitment_level, personality_type) VALUES (1463, '["音乐、创业、桌游、羽毛球"]', 10, 'MED', 'EXPLORER');
INSERT INTO sys_user (id, school_email, password) VALUES (1464, 'u20240464', 'Campus@20247872');
INSERT INTO student_resume (user_id, real_name, contact_phone, major, personal_statement, raw_text, structured_data) VALUES (1464, '袁柏', '193462932560', '法学', '来自 文学院 2024级 级', 'Imported from V2 dataset', '{"skills": "["阅读、绘画、音乐、创业"]"}');
INSERT INTO student_profile (user_id, interest_tags, weekly_free_hours, commitment_level, personality_type) VALUES (1464, '["阅读、绘画、音乐、创业"]', 10, 'MED', 'EXPLORER');
INSERT INTO sys_user (id, school_email, password) VALUES (1465, 'u20240465', 'Campus@20247945');
INSERT INTO student_resume (user_id, real_name, contact_phone, major, personal_statement, raw_text, structured_data) VALUES (1465, '董可远', '159436787983', '电子信息工程', '来自 信息工程学院 2024级 级', 'Imported from V2 dataset', '{"skills": "["辩论、绘画、阅读、桌游"]"}');
INSERT INTO student_profile (user_id, interest_tags, weekly_free_hours, commitment_level, personality_type) VALUES (1465, '["辩论、绘画、阅读、桌游"]', 10, 'MED', 'EXPLORER');
INSERT INTO sys_user (id, school_email, password) VALUES (1466, 'u20240466', 'Campus@20248018');
INSERT INTO student_resume (user_id, real_name, contact_phone, major, personal_statement, raw_text, structured_data) VALUES (1466, '陈依', '158190287840', '信息管理与信息系统', '来自 社会发展学院 2024级 级', 'Imported from V2 dataset', '{"skills": "["志愿服务、音乐、电影、编程"]"}');
INSERT INTO student_profile (user_id, interest_tags, weekly_free_hours, commitment_level, personality_type) VALUES (1466, '["志愿服务、音乐、电影、编程"]', 10, 'MED', 'EXPLORER');
INSERT INTO sys_user (id, school_email, password) VALUES (1467, 'u20240467', 'Campus@20248091');
INSERT INTO student_resume (user_id, real_name, contact_phone, major, personal_statement, raw_text, structured_data) VALUES (1467, '许诺雅', '199175717005', '电子信息工程', '来自 教育学院 2024级 级', 'Imported from V2 dataset', '{"skills": "["电影、辩论、设计、短视频"]"}');
INSERT INTO student_profile (user_id, interest_tags, weekly_free_hours, commitment_level, personality_type) VALUES (1467, '["电影、辩论、设计、短视频"]', 10, 'MED', 'EXPLORER');
INSERT INTO sys_user (id, school_email, password) VALUES (1468, 'u20240468', 'Campus@20248164');
INSERT INTO student_resume (user_id, real_name, contact_phone, major, personal_statement, raw_text, structured_data) VALUES (1468, '郭欣洋', '159981043004', '英语', '来自 社会发展学院 2024级 级', 'Imported from V2 dataset', '{"skills": "["编程、设计、志愿服务、绘画"]"}');
INSERT INTO student_profile (user_id, interest_tags, weekly_free_hours, commitment_level, personality_type) VALUES (1468, '["编程、设计、志愿服务、绘画"]', 10, 'MED', 'EXPLORER');
INSERT INTO sys_user (id, school_email, password) VALUES (1469, 'u20240469', 'Campus@20248237');
INSERT INTO student_resume (user_id, real_name, contact_phone, major, personal_statement, raw_text, structured_data) VALUES (1469, '杨怡涵', '184472681721', '英语', '来自 新闻传播学院 2024级 级', 'Imported from V2 dataset', '{"skills": "["绘画、跑步、创业、阅读"]"}');
INSERT INTO student_profile (user_id, interest_tags, weekly_free_hours, commitment_level, personality_type) VALUES (1469, '["绘画、跑步、创业、阅读"]', 10, 'MED', 'EXPLORER');
INSERT INTO sys_user (id, school_email, password) VALUES (1470, 'u20240470', 'Campus@20248310');
INSERT INTO student_resume (user_id, real_name, contact_phone, major, personal_statement, raw_text, structured_data) VALUES (1470, '王欣婷', '182736311006', '机械设计制造及其自动化', '来自 建筑工程学院 2024级 级', 'Imported from V2 dataset', '{"skills": "["绘画、公益、设计、音乐"]"}');
INSERT INTO student_profile (user_id, interest_tags, weekly_free_hours, commitment_level, personality_type) VALUES (1470, '["绘画、公益、设计、音乐"]', 10, 'MED', 'EXPLORER');
INSERT INTO sys_user (id, school_email, password) VALUES (1471, 'u20240471', 'Campus@20248383');
INSERT INTO student_resume (user_id, real_name, contact_phone, major, personal_statement, raw_text, structured_data) VALUES (1471, '吴亦希', '195626941838', '心理学', '来自 经济管理学院 2024级 级', 'Imported from V2 dataset', '{"skills": "["旅行、短视频、编程、创业"]"}');
INSERT INTO student_profile (user_id, interest_tags, weekly_free_hours, commitment_level, personality_type) VALUES (1471, '["旅行、短视频、编程、创业"]', 10, 'MED', 'EXPLORER');
INSERT INTO sys_user (id, school_email, password) VALUES (1472, 'u20240472', 'Campus@20248456');
INSERT INTO student_resume (user_id, real_name, contact_phone, major, personal_statement, raw_text, structured_data) VALUES (1472, '马文岚', '176572831767', '历史学', '来自 计算机学院 2024级 级', 'Imported from V2 dataset', '{"skills": "["桌游、编程、阅读、羽毛球"]"}');
INSERT INTO student_profile (user_id, interest_tags, weekly_free_hours, commitment_level, personality_type) VALUES (1472, '["桌游、编程、阅读、羽毛球"]', 10, 'MED', 'EXPLORER');
INSERT INTO sys_user (id, school_email, password) VALUES (1473, 'u20240473', 'Campus@20248529');
INSERT INTO student_resume (user_id, real_name, contact_phone, major, personal_statement, raw_text, structured_data) VALUES (1473, '唐文', '199160823306', '环境工程', '来自 新闻传播学院 2024级 级', 'Imported from V2 dataset', '{"skills": "["短视频、摄影、跑步、桌游"]"}');
INSERT INTO student_profile (user_id, interest_tags, weekly_free_hours, commitment_level, personality_type) VALUES (1473, '["短视频、摄影、跑步、桌游"]', 10, 'MED', 'EXPLORER');
INSERT INTO sys_user (id, school_email, password) VALUES (1474, 'u20240474', 'Campus@20248602');
INSERT INTO student_resume (user_id, real_name, contact_phone, major, personal_statement, raw_text, structured_data) VALUES (1474, '赵向', '158517191248', '教育学', '来自 外国语学院 2024级 级', 'Imported from V2 dataset', '{"skills": "["设计、绘画、辩论、旅行"]"}');
INSERT INTO student_profile (user_id, interest_tags, weekly_free_hours, commitment_level, personality_type) VALUES (1474, '["设计、绘画、辩论、旅行"]', 10, 'MED', 'EXPLORER');
INSERT INTO sys_user (id, school_email, password) VALUES (1475, 'u20240475', 'Campus@20248675');
INSERT INTO student_resume (user_id, real_name, contact_phone, major, personal_statement, raw_text, structured_data) VALUES (1475, '陈雨', '195262618828', '机械设计制造及其自动化', '来自 教育学院 2024级 级', 'Imported from V2 dataset', '{"skills": "["音乐、跑步、羽毛球、摄影"]"}');
INSERT INTO student_profile (user_id, interest_tags, weekly_free_hours, commitment_level, personality_type) VALUES (1475, '["音乐、跑步、羽毛球、摄影"]', 10, 'MED', 'EXPLORER');
INSERT INTO sys_user (id, school_email, password) VALUES (1476, 'u20240476', 'Campus@20248748');
INSERT INTO student_resume (user_id, real_name, contact_phone, major, personal_statement, raw_text, structured_data) VALUES (1476, '曹景', '153211887876', '电子信息工程', '来自 法学院 2024级 级', 'Imported from V2 dataset', '{"skills": "["短视频、旅行、摄影、创业"]"}');
INSERT INTO student_profile (user_id, interest_tags, weekly_free_hours, commitment_level, personality_type) VALUES (1476, '["短视频、旅行、摄影、创业"]', 10, 'MED', 'EXPLORER');
INSERT INTO sys_user (id, school_email, password) VALUES (1477, 'u20240477', 'Campus@20248821');
INSERT INTO student_resume (user_id, real_name, contact_phone, major, personal_statement, raw_text, structured_data) VALUES (1477, '赵景', '179081832490', '新闻学', '来自 外国语学院 2024级 级', 'Imported from V2 dataset', '{"skills": "["设计、音乐、跑步、羽毛球"]"}');
INSERT INTO student_profile (user_id, interest_tags, weekly_free_hours, commitment_level, personality_type) VALUES (1477, '["设计、音乐、跑步、羽毛球"]', 10, 'MED', 'EXPLORER');
INSERT INTO sys_user (id, school_email, password) VALUES (1478, 'u20240478', 'Campus@20248894');
INSERT INTO student_resume (user_id, real_name, contact_phone, major, personal_statement, raw_text, structured_data) VALUES (1478, '董清琳', '136553084430', '新闻学', '来自 计算机学院 2024级 级', 'Imported from V2 dataset', '{"skills": "["音乐、创业、辩论、公益"]"}');
INSERT INTO student_profile (user_id, interest_tags, weekly_free_hours, commitment_level, personality_type) VALUES (1478, '["音乐、创业、辩论、公益"]', 10, 'MED', 'EXPLORER');
INSERT INTO sys_user (id, school_email, password) VALUES (1479, 'u20240479', 'Campus@20248967');
INSERT INTO student_resume (user_id, real_name, contact_phone, major, personal_statement, raw_text, structured_data) VALUES (1479, '曹星雅', '178219736675', '汉语言文学', '来自 建筑工程学院 2024级 级', 'Imported from V2 dataset', '{"skills": "["辩论、电影、绘画、桌游"]"}');
INSERT INTO student_profile (user_id, interest_tags, weekly_free_hours, commitment_level, personality_type) VALUES (1479, '["辩论、电影、绘画、桌游"]', 10, 'MED', 'EXPLORER');
INSERT INTO sys_user (id, school_email, password) VALUES (1480, 'u20240480', 'Campus@20249040');
INSERT INTO student_resume (user_id, real_name, contact_phone, major, personal_statement, raw_text, structured_data) VALUES (1480, '罗宇悦', '174587814746', '计算机科学与技术', '来自 法学院 2024级 级', 'Imported from V2 dataset', '{"skills": "["志愿服务、阅读、羽毛球、音乐"]"}');
INSERT INTO student_profile (user_id, interest_tags, weekly_free_hours, commitment_level, personality_type) VALUES (1480, '["志愿服务、阅读、羽毛球、音乐"]', 10, 'MED', 'EXPLORER');
INSERT INTO sys_user (id, school_email, password) VALUES (1481, 'u20240481', 'Campus@20249113');
INSERT INTO student_resume (user_id, real_name, contact_phone, major, personal_statement, raw_text, structured_data) VALUES (1481, '蒋明言', '156545969232', '土木工程', '来自 外国语学院 2024级 级', 'Imported from V2 dataset', '{"skills": "["绘画、摄影、跑步、辩论"]"}');
INSERT INTO student_profile (user_id, interest_tags, weekly_free_hours, commitment_level, personality_type) VALUES (1481, '["绘画、摄影、跑步、辩论"]', 10, 'MED', 'EXPLORER');
INSERT INTO sys_user (id, school_email, password) VALUES (1482, 'u20240482', 'Campus@20249186');
INSERT INTO student_resume (user_id, real_name, contact_phone, major, personal_statement, raw_text, structured_data) VALUES (1482, '许佳雅', '196796209236', '电子信息工程', '来自 环境科学学院 2024级 级', 'Imported from V2 dataset', '{"skills": "["跑步、志愿服务、音乐、公益"]"}');
INSERT INTO student_profile (user_id, interest_tags, weekly_free_hours, commitment_level, personality_type) VALUES (1482, '["跑步、志愿服务、音乐、公益"]', 10, 'MED', 'EXPLORER');
INSERT INTO sys_user (id, school_email, password) VALUES (1483, 'u20240483', 'Campus@20249259');
INSERT INTO student_resume (user_id, real_name, contact_phone, major, personal_statement, raw_text, structured_data) VALUES (1483, '蔡浩雯', '136948113299', '汉语言文学', '来自 教育学院 2024级 级', 'Imported from V2 dataset', '{"skills": "["创业、辩论、志愿服务、公益"]"}');
INSERT INTO student_profile (user_id, interest_tags, weekly_free_hours, commitment_level, personality_type) VALUES (1483, '["创业、辩论、志愿服务、公益"]', 10, 'MED', 'EXPLORER');
INSERT INTO sys_user (id, school_email, password) VALUES (1484, 'u20240484', 'Campus@20249332');
INSERT INTO student_resume (user_id, real_name, contact_phone, major, personal_statement, raw_text, structured_data) VALUES (1484, '赵卓宁', '198025622031', '工商管理', '来自 理学院 2024级 级', 'Imported from V2 dataset', '{"skills": "["编程、跑步、阅读、羽毛球"]"}');
INSERT INTO student_profile (user_id, interest_tags, weekly_free_hours, commitment_level, personality_type) VALUES (1484, '["编程、跑步、阅读、羽毛球"]', 10, 'MED', 'EXPLORER');
INSERT INTO sys_user (id, school_email, password) VALUES (1485, 'u20240485', 'Campus@20249405');
INSERT INTO student_resume (user_id, real_name, contact_phone, major, personal_statement, raw_text, structured_data) VALUES (1485, '刘启婷', '154852509445', '新闻学', '来自 经济管理学院 2024级 级', 'Imported from V2 dataset', '{"skills": "["绘画、志愿服务、桌游、辩论"]"}');
INSERT INTO student_profile (user_id, interest_tags, weekly_free_hours, commitment_level, personality_type) VALUES (1485, '["绘画、志愿服务、桌游、辩论"]', 10, 'MED', 'EXPLORER');
INSERT INTO sys_user (id, school_email, password) VALUES (1486, 'u20240486', 'Campus@20249478');
INSERT INTO student_resume (user_id, real_name, contact_phone, major, personal_statement, raw_text, structured_data) VALUES (1486, '赵亦', '196833933450', '法学', '来自 环境科学学院 2024级 级', 'Imported from V2 dataset', '{"skills": "["桌游、设计、辩论、短视频"]"}');
INSERT INTO student_profile (user_id, interest_tags, weekly_free_hours, commitment_level, personality_type) VALUES (1486, '["桌游、设计、辩论、短视频"]', 10, 'MED', 'EXPLORER');
INSERT INTO sys_user (id, school_email, password) VALUES (1487, 'u20240487', 'Campus@20249551');
INSERT INTO student_resume (user_id, real_name, contact_phone, major, personal_statement, raw_text, structured_data) VALUES (1487, '袁依', '133446316933', '历史学', '来自 环境科学学院 2024级 级', 'Imported from V2 dataset', '{"skills": "["电影、音乐、公益、设计"]"}');
INSERT INTO student_profile (user_id, interest_tags, weekly_free_hours, commitment_level, personality_type) VALUES (1487, '["电影、音乐、公益、设计"]', 10, 'MED', 'EXPLORER');
INSERT INTO sys_user (id, school_email, password) VALUES (1488, 'u20240488', 'Campus@20249624');
INSERT INTO student_resume (user_id, real_name, contact_phone, major, personal_statement, raw_text, structured_data) VALUES (1488, '董宇涵', '174463539424', '生物工程', '来自 法学院 2024级 级', 'Imported from V2 dataset', '{"skills": "["志愿服务、短视频、公益、跑步"]"}');
INSERT INTO student_profile (user_id, interest_tags, weekly_free_hours, commitment_level, personality_type) VALUES (1488, '["志愿服务、短视频、公益、跑步"]', 10, 'MED', 'EXPLORER');
INSERT INTO sys_user (id, school_email, password) VALUES (1489, 'u20240489', 'Campus@20249697');
INSERT INTO student_resume (user_id, real_name, contact_phone, major, personal_statement, raw_text, structured_data) VALUES (1489, '董雨霏', '179195585178', '传播学', '来自 社会发展学院 2024级 级', 'Imported from V2 dataset', '{"skills": "["桌游、跑步、阅读、摄影"]"}');
INSERT INTO student_profile (user_id, interest_tags, weekly_free_hours, commitment_level, personality_type) VALUES (1489, '["桌游、跑步、阅读、摄影"]', 10, 'MED', 'EXPLORER');
INSERT INTO sys_user (id, school_email, password) VALUES (1490, 'u20240490', 'Campus@20249770');
INSERT INTO student_resume (user_id, real_name, contact_phone, major, personal_statement, raw_text, structured_data) VALUES (1490, '黄睿辰', '158032482591', '信息管理与信息系统', '来自 文学院 2024级 级', 'Imported from V2 dataset', '{"skills": "["音乐、创业、短视频、桌游"]"}');
INSERT INTO student_profile (user_id, interest_tags, weekly_free_hours, commitment_level, personality_type) VALUES (1490, '["音乐、创业、短视频、桌游"]', 10, 'MED', 'EXPLORER');
INSERT INTO sys_user (id, school_email, password) VALUES (1491, 'u20240491', 'Campus@20249843');
INSERT INTO student_resume (user_id, real_name, contact_phone, major, personal_statement, raw_text, structured_data) VALUES (1491, '宋思桐', '199419959694', '英语', '来自 社会发展学院 2024级 级', 'Imported from V2 dataset', '{"skills": "["阅读、创业、摄影、羽毛球"]"}');
INSERT INTO student_profile (user_id, interest_tags, weekly_free_hours, commitment_level, personality_type) VALUES (1491, '["阅读、创业、摄影、羽毛球"]', 10, 'MED', 'EXPLORER');
INSERT INTO sys_user (id, school_email, password) VALUES (1492, 'u20240492', 'Campus@20249916');
INSERT INTO student_resume (user_id, real_name, contact_phone, major, personal_statement, raw_text, structured_data) VALUES (1492, '吴启然', '191541813397', '环境工程', '来自 经济管理学院 2024级 级', 'Imported from V2 dataset', '{"skills": "["编程、桌游、设计、创业"]"}');
INSERT INTO student_profile (user_id, interest_tags, weekly_free_hours, commitment_level, personality_type) VALUES (1492, '["编程、桌游、设计、创业"]', 10, 'MED', 'EXPLORER');
INSERT INTO sys_user (id, school_email, password) VALUES (1493, 'u20240493', 'Campus@20249989');
INSERT INTO student_resume (user_id, real_name, contact_phone, major, personal_statement, raw_text, structured_data) VALUES (1493, '杨乔轩', '181418458637', '生物工程', '来自 建筑工程学院 2024级 级', 'Imported from V2 dataset', '{"skills": "["公益、编程、绘画、电影"]"}');
INSERT INTO student_profile (user_id, interest_tags, weekly_free_hours, commitment_level, personality_type) VALUES (1493, '["公益、编程、绘画、电影"]', 10, 'MED', 'EXPLORER');
INSERT INTO sys_user (id, school_email, password) VALUES (1494, 'u20240494', 'Campus@20241062');
INSERT INTO student_resume (user_id, real_name, contact_phone, major, personal_statement, raw_text, structured_data) VALUES (1494, '张安昊', '152690392476', '环境工程', '来自 社会发展学院 2024级 级', 'Imported from V2 dataset', '{"skills": "["羽毛球、短视频、编程、阅读"]"}');
INSERT INTO student_profile (user_id, interest_tags, weekly_free_hours, commitment_level, personality_type) VALUES (1494, '["羽毛球、短视频、编程、阅读"]', 10, 'MED', 'EXPLORER');
INSERT INTO sys_user (id, school_email, password) VALUES (1495, 'u20240495', 'Campus@20241135');
INSERT INTO student_resume (user_id, real_name, contact_phone, major, personal_statement, raw_text, structured_data) VALUES (1495, '刘诗菲', '152511891377', '自动化', '来自 文学院 2024级 级', 'Imported from V2 dataset', '{"skills": "["短视频、旅行、编程、桌游"]"}');
INSERT INTO student_profile (user_id, interest_tags, weekly_free_hours, commitment_level, personality_type) VALUES (1495, '["短视频、旅行、编程、桌游"]', 10, 'MED', 'EXPLORER');
INSERT INTO sys_user (id, school_email, password) VALUES (1496, 'u20240496', 'Campus@20241208');
INSERT INTO student_resume (user_id, real_name, contact_phone, major, personal_statement, raw_text, structured_data) VALUES (1496, '宋星桐', '179555105121', '自动化', '来自 新闻传播学院 2024级 级', 'Imported from V2 dataset', '{"skills": "["桌游、摄影、公益、短视频"]"}');
INSERT INTO student_profile (user_id, interest_tags, weekly_free_hours, commitment_level, personality_type) VALUES (1496, '["桌游、摄影、公益、短视频"]', 10, 'MED', 'EXPLORER');
INSERT INTO sys_user (id, school_email, password) VALUES (1497, 'u20240497', 'Campus@20241281');
INSERT INTO student_resume (user_id, real_name, contact_phone, major, personal_statement, raw_text, structured_data) VALUES (1497, '罗嘉然', '183181724443', '建筑学', '来自 环境科学学院 2024级 级', 'Imported from V2 dataset', '{"skills": "["音乐、绘画、编程、阅读"]"}');
INSERT INTO student_profile (user_id, interest_tags, weekly_free_hours, commitment_level, personality_type) VALUES (1497, '["音乐、绘画、编程、阅读"]', 10, 'MED', 'EXPLORER');
INSERT INTO sys_user (id, school_email, password) VALUES (1498, 'u20240498', 'Campus@20241354');
INSERT INTO student_resume (user_id, real_name, contact_phone, major, personal_statement, raw_text, structured_data) VALUES (1498, '徐俊', '175382109563', '数据科学与大数据技术', '来自 建筑工程学院 2024级 级', 'Imported from V2 dataset', '{"skills": "["跑步、志愿服务、公益、设计"]"}');
INSERT INTO student_profile (user_id, interest_tags, weekly_free_hours, commitment_level, personality_type) VALUES (1498, '["跑步、志愿服务、公益、设计"]', 10, 'MED', 'EXPLORER');
INSERT INTO sys_user (id, school_email, password) VALUES (1499, 'u20240499', 'Campus@20241427');
INSERT INTO student_resume (user_id, real_name, contact_phone, major, personal_statement, raw_text, structured_data) VALUES (1499, '于清萌', '174170357049', '软件工程', '来自 经济管理学院 2024级 级', 'Imported from V2 dataset', '{"skills": "["短视频、音乐、志愿服务、羽毛球"]"}');
INSERT INTO student_profile (user_id, interest_tags, weekly_free_hours, commitment_level, personality_type) VALUES (1499, '["短视频、音乐、志愿服务、羽毛球"]', 10, 'MED', 'EXPLORER');
INSERT INTO sys_user (id, school_email, password) VALUES (1500, 'u20240500', 'Campus@20241500');
INSERT INTO student_resume (user_id, real_name, contact_phone, major, personal_statement, raw_text, structured_data) VALUES (1500, '余清璇', '189169304607', '网络空间安全', '来自 建筑工程学院 2024级 级', 'Imported from V2 dataset', '{"skills": "["绘画、创业、阅读、跑步"]"}');
INSERT INTO student_profile (user_id, interest_tags, weekly_free_hours, commitment_level, personality_type) VALUES (1500, '["绘画、创业、阅读、跑步"]', 10, 'MED', 'EXPLORER');
INSERT INTO sys_user (id, school_email, password) VALUES (1501, 'u20240501', 'Campus@20241573');
INSERT INTO student_resume (user_id, real_name, contact_phone, major, personal_statement, raw_text, structured_data) VALUES (1501, '刘佳', '182571016183', '会计学', '来自 外国语学院 2024级 级', 'Imported from V2 dataset', '{"skills": "["桌游、公益、志愿服务、旅行"]"}');
INSERT INTO student_profile (user_id, interest_tags, weekly_free_hours, commitment_level, personality_type) VALUES (1501, '["桌游、公益、志愿服务、旅行"]', 10, 'MED', 'EXPLORER');
INSERT INTO sys_user (id, school_email, password) VALUES (1502, 'u20240502', 'Campus@20241646');
INSERT INTO student_resume (user_id, real_name, contact_phone, major, personal_statement, raw_text, structured_data) VALUES (1502, '蒋雨悦', '175941876014', '社会学', '来自 法学院 2024级 级', 'Imported from V2 dataset', '{"skills": "["公益、编程、短视频、羽毛球"]"}');
INSERT INTO student_profile (user_id, interest_tags, weekly_free_hours, commitment_level, personality_type) VALUES (1502, '["公益、编程、短视频、羽毛球"]', 10, 'MED', 'EXPLORER');
INSERT INTO sys_user (id, school_email, password) VALUES (1503, 'u20240503', 'Campus@20241719');
INSERT INTO student_resume (user_id, real_name, contact_phone, major, personal_statement, raw_text, structured_data) VALUES (1503, '王天', '186989561067', '金融学', '来自 经济管理学院 2024级 级', 'Imported from V2 dataset', '{"skills": "["跑步、短视频、设计、志愿服务"]"}');
INSERT INTO student_profile (user_id, interest_tags, weekly_free_hours, commitment_level, personality_type) VALUES (1503, '["跑步、短视频、设计、志愿服务"]', 10, 'MED', 'EXPLORER');
INSERT INTO sys_user (id, school_email, password) VALUES (1504, 'u20240504', 'Campus@20241792');
INSERT INTO student_resume (user_id, real_name, contact_phone, major, personal_statement, raw_text, structured_data) VALUES (1504, '张星轩', '195017746233', '汉语言文学', '来自 文学院 2024级 级', 'Imported from V2 dataset', '{"skills": "["设计、羽毛球、桌游、音乐"]"}');
INSERT INTO student_profile (user_id, interest_tags, weekly_free_hours, commitment_level, personality_type) VALUES (1504, '["设计、羽毛球、桌游、音乐"]', 10, 'MED', 'EXPLORER');
INSERT INTO sys_user (id, school_email, password) VALUES (1505, 'u20240505', 'Campus@20241865');
INSERT INTO student_resume (user_id, real_name, contact_phone, major, personal_statement, raw_text, structured_data) VALUES (1505, '黄亦轩', '195865545387', '土木工程', '来自 理学院 2024级 级', 'Imported from V2 dataset', '{"skills": "["桌游、公益、音乐、电影"]"}');
INSERT INTO student_profile (user_id, interest_tags, weekly_free_hours, commitment_level, personality_type) VALUES (1505, '["桌游、公益、音乐、电影"]', 10, 'MED', 'EXPLORER');
INSERT INTO sys_user (id, school_email, password) VALUES (1506, 'u20240506', 'Campus@20241938');
INSERT INTO student_resume (user_id, real_name, contact_phone, major, personal_statement, raw_text, structured_data) VALUES (1506, '余一然', '174455729540', '软件工程', '来自 建筑工程学院 2024级 级', 'Imported from V2 dataset', '{"skills": "["公益、阅读、创业、羽毛球"]"}');
INSERT INTO student_profile (user_id, interest_tags, weekly_free_hours, commitment_level, personality_type) VALUES (1506, '["公益、阅读、创业、羽毛球"]', 10, 'MED', 'EXPLORER');
INSERT INTO sys_user (id, school_email, password) VALUES (1507, 'u20240507', 'Campus@20242011');
INSERT INTO student_resume (user_id, real_name, contact_phone, major, personal_statement, raw_text, structured_data) VALUES (1507, '韩景', '154851029594', '金融学', '来自 计算机学院 2024级 级', 'Imported from V2 dataset', '{"skills": "["创业、跑步、阅读、桌游"]"}');
INSERT INTO student_profile (user_id, interest_tags, weekly_free_hours, commitment_level, personality_type) VALUES (1507, '["创业、跑步、阅读、桌游"]', 10, 'MED', 'EXPLORER');
INSERT INTO sys_user (id, school_email, password) VALUES (1508, 'u20240508', 'Campus@20242084');
INSERT INTO student_resume (user_id, real_name, contact_phone, major, personal_statement, raw_text, structured_data) VALUES (1508, '林柏晗', '196039412106', '汉语言文学', '来自 理学院 2024级 级', 'Imported from V2 dataset', '{"skills": "["摄影、旅行、阅读、编程"]"}');
INSERT INTO student_profile (user_id, interest_tags, weekly_free_hours, commitment_level, personality_type) VALUES (1508, '["摄影、旅行、阅读、编程"]', 10, 'MED', 'EXPLORER');
INSERT INTO sys_user (id, school_email, password) VALUES (1509, 'u20240509', 'Campus@20242157');
INSERT INTO student_resume (user_id, real_name, contact_phone, major, personal_statement, raw_text, structured_data) VALUES (1509, '朱嘉朗', '152375505039', '自动化', '来自 教育学院 2024级 级', 'Imported from V2 dataset', '{"skills": "["志愿服务、创业、音乐、桌游"]"}');
INSERT INTO student_profile (user_id, interest_tags, weekly_free_hours, commitment_level, personality_type) VALUES (1509, '["志愿服务、创业、音乐、桌游"]', 10, 'MED', 'EXPLORER');
INSERT INTO sys_user (id, school_email, password) VALUES (1510, 'u20240510', 'Campus@20242230');
INSERT INTO student_resume (user_id, real_name, contact_phone, major, personal_statement, raw_text, structured_data) VALUES (1510, '彭雨悦', '138822938743', '环境工程', '来自 法学院 2024级 级', 'Imported from V2 dataset', '{"skills": "["跑步、创业、公益、绘画"]"}');
INSERT INTO student_profile (user_id, interest_tags, weekly_free_hours, commitment_level, personality_type) VALUES (1510, '["跑步、创业、公益、绘画"]', 10, 'MED', 'EXPLORER');
INSERT INTO sys_user (id, school_email, password) VALUES (1511, 'u20240511', 'Campus@20242303');
INSERT INTO student_resume (user_id, real_name, contact_phone, major, personal_statement, raw_text, structured_data) VALUES (1511, '刘怡屿', '176321176877', '社会学', '来自 教育学院 2024级 级', 'Imported from V2 dataset', '{"skills": "["电影、志愿服务、编程、旅行"]"}');
INSERT INTO student_profile (user_id, interest_tags, weekly_free_hours, commitment_level, personality_type) VALUES (1511, '["电影、志愿服务、编程、旅行"]', 10, 'MED', 'EXPLORER');
INSERT INTO sys_user (id, school_email, password) VALUES (1512, 'u20240512', 'Campus@20242376');
INSERT INTO student_resume (user_id, real_name, contact_phone, major, personal_statement, raw_text, structured_data) VALUES (1512, '罗书岚', '181835081829', '软件工程', '来自 建筑工程学院 2024级 级', 'Imported from V2 dataset', '{"skills": "["桌游、跑步、设计、编程"]"}');
INSERT INTO student_profile (user_id, interest_tags, weekly_free_hours, commitment_level, personality_type) VALUES (1512, '["桌游、跑步、设计、编程"]', 10, 'MED', 'EXPLORER');
INSERT INTO sys_user (id, school_email, password) VALUES (1513, 'u20240513', 'Campus@20242449');
INSERT INTO student_resume (user_id, real_name, contact_phone, major, personal_statement, raw_text, structured_data) VALUES (1513, '谢嘉桐', '171799454899', '机械设计制造及其自动化', '来自 环境科学学院 2024级 级', 'Imported from V2 dataset', '{"skills": "["阅读、旅行、设计、羽毛球"]"}');
INSERT INTO student_profile (user_id, interest_tags, weekly_free_hours, commitment_level, personality_type) VALUES (1513, '["阅读、旅行、设计、羽毛球"]', 10, 'MED', 'EXPLORER');
INSERT INTO sys_user (id, school_email, password) VALUES (1514, 'u20240514', 'Campus@20242522');
INSERT INTO student_resume (user_id, real_name, contact_phone, major, personal_statement, raw_text, structured_data) VALUES (1514, '朱乔远', '153048738482', '会计学', '来自 环境科学学院 2024级 级', 'Imported from V2 dataset', '{"skills": "["设计、公益、创业、摄影"]"}');
INSERT INTO student_profile (user_id, interest_tags, weekly_free_hours, commitment_level, personality_type) VALUES (1514, '["设计、公益、创业、摄影"]', 10, 'MED', 'EXPLORER');
INSERT INTO sys_user (id, school_email, password) VALUES (1515, 'u20240515', 'Campus@20242595');
INSERT INTO student_resume (user_id, real_name, contact_phone, major, personal_statement, raw_text, structured_data) VALUES (1515, '于书歌', '172618794087', '生物工程', '来自 教育学院 2024级 级', 'Imported from V2 dataset', '{"skills": "["羽毛球、摄影、音乐、编程"]"}');
INSERT INTO student_profile (user_id, interest_tags, weekly_free_hours, commitment_level, personality_type) VALUES (1515, '["羽毛球、摄影、音乐、编程"]', 10, 'MED', 'EXPLORER');
INSERT INTO sys_user (id, school_email, password) VALUES (1516, 'u20240516', 'Campus@20242668');
INSERT INTO student_resume (user_id, real_name, contact_phone, major, personal_statement, raw_text, structured_data) VALUES (1516, '王宁雅', '198720433188', '法学', '来自 经济管理学院 2024级 级', 'Imported from V2 dataset', '{"skills": "["编程、摄影、电影、阅读"]"}');
INSERT INTO student_profile (user_id, interest_tags, weekly_free_hours, commitment_level, personality_type) VALUES (1516, '["编程、摄影、电影、阅读"]', 10, 'MED', 'EXPLORER');
INSERT INTO sys_user (id, school_email, password) VALUES (1517, 'u20240517', 'Campus@20242741');
INSERT INTO student_resume (user_id, real_name, contact_phone, major, personal_statement, raw_text, structured_data) VALUES (1517, '彭欣言', '197731978176', '社会学', '来自 新闻传播学院 2024级 级', 'Imported from V2 dataset', '{"skills": "["羽毛球、阅读、旅行、摄影"]"}');
INSERT INTO student_profile (user_id, interest_tags, weekly_free_hours, commitment_level, personality_type) VALUES (1517, '["羽毛球、阅读、旅行、摄影"]', 10, 'MED', 'EXPLORER');
INSERT INTO sys_user (id, school_email, password) VALUES (1518, 'u20240518', 'Campus@20242814');
INSERT INTO student_resume (user_id, real_name, contact_phone, major, personal_statement, raw_text, structured_data) VALUES (1518, '郑泽轩', '188638168675', '法学', '来自 经济管理学院 2024级 级', 'Imported from V2 dataset', '{"skills": "["旅行、短视频、摄影、创业"]"}');
INSERT INTO student_profile (user_id, interest_tags, weekly_free_hours, commitment_level, personality_type) VALUES (1518, '["旅行、短视频、摄影、创业"]', 10, 'MED', 'EXPLORER');
INSERT INTO sys_user (id, school_email, password) VALUES (1519, 'u20240519', 'Campus@20242887');
INSERT INTO student_resume (user_id, real_name, contact_phone, major, personal_statement, raw_text, structured_data) VALUES (1519, '冯乔岚', '133530797542', '机械设计制造及其自动化', '来自 建筑工程学院 2024级 级', 'Imported from V2 dataset', '{"skills": "["编程、桌游、音乐、阅读"]"}');
INSERT INTO student_profile (user_id, interest_tags, weekly_free_hours, commitment_level, personality_type) VALUES (1519, '["编程、桌游、音乐、阅读"]', 10, 'MED', 'EXPLORER');
INSERT INTO sys_user (id, school_email, password) VALUES (1520, 'u20240520', 'Campus@20242960');
INSERT INTO student_resume (user_id, real_name, contact_phone, major, personal_statement, raw_text, structured_data) VALUES (1520, '冯清屿', '156482897906', '历史学', '来自 文学院 2024级 级', 'Imported from V2 dataset', '{"skills": "["公益、桌游、音乐、旅行"]"}');
INSERT INTO student_profile (user_id, interest_tags, weekly_free_hours, commitment_level, personality_type) VALUES (1520, '["公益、桌游、音乐、旅行"]', 10, 'MED', 'EXPLORER');
INSERT INTO sys_user (id, school_email, password) VALUES (1521, 'u20240521', 'Campus@20243033');
INSERT INTO student_resume (user_id, real_name, contact_phone, major, personal_statement, raw_text, structured_data) VALUES (1521, '周乐彤', '139115669765', '土木工程', '来自 计算机学院 2024级 级', 'Imported from V2 dataset', '{"skills": "["羽毛球、电影、公益、设计"]"}');
INSERT INTO student_profile (user_id, interest_tags, weekly_free_hours, commitment_level, personality_type) VALUES (1521, '["羽毛球、电影、公益、设计"]', 10, 'MED', 'EXPLORER');
INSERT INTO sys_user (id, school_email, password) VALUES (1522, 'u20240522', 'Campus@20243106');
INSERT INTO student_resume (user_id, real_name, contact_phone, major, personal_statement, raw_text, structured_data) VALUES (1522, '刘明沫', '136446434126', '土木工程', '来自 计算机学院 2024级 级', 'Imported from V2 dataset', '{"skills": "["跑步、志愿服务、辩论、音乐"]"}');
INSERT INTO student_profile (user_id, interest_tags, weekly_free_hours, commitment_level, personality_type) VALUES (1522, '["跑步、志愿服务、辩论、音乐"]', 10, 'MED', 'EXPLORER');
INSERT INTO sys_user (id, school_email, password) VALUES (1523, 'u20240523', 'Campus@20243179');
INSERT INTO student_resume (user_id, real_name, contact_phone, major, personal_statement, raw_text, structured_data) VALUES (1523, '陈启晗', '198211584044', '会计学', '来自 教育学院 2024级 级', 'Imported from V2 dataset', '{"skills": "["旅行、摄影、电影、桌游"]"}');
INSERT INTO student_profile (user_id, interest_tags, weekly_free_hours, commitment_level, personality_type) VALUES (1523, '["旅行、摄影、电影、桌游"]', 10, 'MED', 'EXPLORER');
INSERT INTO sys_user (id, school_email, password) VALUES (1524, 'u20240524', 'Campus@20243252');
INSERT INTO student_resume (user_id, real_name, contact_phone, major, personal_statement, raw_text, structured_data) VALUES (1524, '宋晨', '189761782249', '数据科学与大数据技术', '来自 文学院 2024级 级', 'Imported from V2 dataset', '{"skills": "["旅行、设计、电影、摄影"]"}');
INSERT INTO student_profile (user_id, interest_tags, weekly_free_hours, commitment_level, personality_type) VALUES (1524, '["旅行、设计、电影、摄影"]', 10, 'MED', 'EXPLORER');
INSERT INTO sys_user (id, school_email, password) VALUES (1525, 'u20240525', 'Campus@20243325');
INSERT INTO student_resume (user_id, real_name, contact_phone, major, personal_statement, raw_text, structured_data) VALUES (1525, '梁亦然', '191945339837', '信息管理与信息系统', '来自 环境科学学院 2024级 级', 'Imported from V2 dataset', '{"skills": "["跑步、羽毛球、创业、电影"]"}');
INSERT INTO student_profile (user_id, interest_tags, weekly_free_hours, commitment_level, personality_type) VALUES (1525, '["跑步、羽毛球、创业、电影"]', 10, 'MED', 'EXPLORER');
INSERT INTO sys_user (id, school_email, password) VALUES (1526, 'u20240526', 'Campus@20243398');
INSERT INTO student_resume (user_id, real_name, contact_phone, major, personal_statement, raw_text, structured_data) VALUES (1526, '谢宇', '191978149458', '数字媒体技术', '来自 经济管理学院 2024级 级', 'Imported from V2 dataset', '{"skills": "["羽毛球、桌游、创业、设计"]"}');
INSERT INTO student_profile (user_id, interest_tags, weekly_free_hours, commitment_level, personality_type) VALUES (1526, '["羽毛球、桌游、创业、设计"]', 10, 'MED', 'EXPLORER');
INSERT INTO sys_user (id, school_email, password) VALUES (1527, 'u20240527', 'Campus@20243471');
INSERT INTO student_resume (user_id, real_name, contact_phone, major, personal_statement, raw_text, structured_data) VALUES (1527, '王诺琪', '173885908009', '新闻学', '来自 建筑工程学院 2024级 级', 'Imported from V2 dataset', '{"skills": "["短视频、羽毛球、创业、音乐"]"}');
INSERT INTO student_profile (user_id, interest_tags, weekly_free_hours, commitment_level, personality_type) VALUES (1527, '["短视频、羽毛球、创业、音乐"]', 10, 'MED', 'EXPLORER');
INSERT INTO sys_user (id, school_email, password) VALUES (1528, 'u20240528', 'Campus@20243544');
INSERT INTO student_resume (user_id, real_name, contact_phone, major, personal_statement, raw_text, structured_data) VALUES (1528, '何乐祺', '153112139191', '历史学', '来自 建筑工程学院 2024级 级', 'Imported from V2 dataset', '{"skills": "["设计、创业、电影、旅行"]"}');
INSERT INTO student_profile (user_id, interest_tags, weekly_free_hours, commitment_level, personality_type) VALUES (1528, '["设计、创业、电影、旅行"]', 10, 'MED', 'EXPLORER');
INSERT INTO sys_user (id, school_email, password) VALUES (1529, 'u20240529', 'Campus@20243617');
INSERT INTO student_resume (user_id, real_name, contact_phone, major, personal_statement, raw_text, structured_data) VALUES (1529, '田浩萌', '188619527269', '数据科学与大数据技术', '来自 新闻传播学院 2024级 级', 'Imported from V2 dataset', '{"skills": "["音乐、旅行、跑步、设计"]"}');
INSERT INTO student_profile (user_id, interest_tags, weekly_free_hours, commitment_level, personality_type) VALUES (1529, '["音乐、旅行、跑步、设计"]', 10, 'MED', 'EXPLORER');
INSERT INTO sys_user (id, school_email, password) VALUES (1530, 'u20240530', 'Campus@20243690');
INSERT INTO student_resume (user_id, real_name, contact_phone, major, personal_statement, raw_text, structured_data) VALUES (1530, '吴柏', '195094916465', '新闻学', '来自 理学院 2024级 级', 'Imported from V2 dataset', '{"skills": "["摄影、辩论、电影、志愿服务"]"}');
INSERT INTO student_profile (user_id, interest_tags, weekly_free_hours, commitment_level, personality_type) VALUES (1530, '["摄影、辩论、电影、志愿服务"]', 10, 'MED', 'EXPLORER');
INSERT INTO sys_user (id, school_email, password) VALUES (1531, 'u20240531', 'Campus@20243763');
INSERT INTO student_resume (user_id, real_name, contact_phone, major, personal_statement, raw_text, structured_data) VALUES (1531, '吴诗', '183793419304', '土木工程', '来自 法学院 2024级 级', 'Imported from V2 dataset', '{"skills": "["跑步、设计、摄影、电影"]"}');
INSERT INTO student_profile (user_id, interest_tags, weekly_free_hours, commitment_level, personality_type) VALUES (1531, '["跑步、设计、摄影、电影"]', 10, 'MED', 'EXPLORER');
INSERT INTO sys_user (id, school_email, password) VALUES (1532, 'u20240532', 'Campus@20243836');
INSERT INTO student_resume (user_id, real_name, contact_phone, major, personal_statement, raw_text, structured_data) VALUES (1532, '黄欣霏', '183489869762', '自动化', '来自 新闻传播学院 2024级 级', 'Imported from V2 dataset', '{"skills": "["短视频、设计、羽毛球、辩论"]"}');
INSERT INTO student_profile (user_id, interest_tags, weekly_free_hours, commitment_level, personality_type) VALUES (1532, '["短视频、设计、羽毛球、辩论"]', 10, 'MED', 'EXPLORER');
INSERT INTO sys_user (id, school_email, password) VALUES (1533, 'u20240533', 'Campus@20243909');
INSERT INTO student_resume (user_id, real_name, contact_phone, major, personal_statement, raw_text, structured_data) VALUES (1533, '陈若萌', '173820049639', '金融学', '来自 文学院 2024级 级', 'Imported from V2 dataset', '{"skills": "["桌游、公益、创业、旅行"]"}');
INSERT INTO student_profile (user_id, interest_tags, weekly_free_hours, commitment_level, personality_type) VALUES (1533, '["桌游、公益、创业、旅行"]', 10, 'MED', 'EXPLORER');
INSERT INTO sys_user (id, school_email, password) VALUES (1534, 'u20240534', 'Campus@20243982');
INSERT INTO student_resume (user_id, real_name, contact_phone, major, personal_statement, raw_text, structured_data) VALUES (1534, '宋博', '186953283944', '法学', '来自 计算机学院 2024级 级', 'Imported from V2 dataset', '{"skills": "["志愿服务、旅行、短视频、摄影"]"}');
INSERT INTO student_profile (user_id, interest_tags, weekly_free_hours, commitment_level, personality_type) VALUES (1534, '["志愿服务、旅行、短视频、摄影"]', 10, 'MED', 'EXPLORER');
INSERT INTO sys_user (id, school_email, password) VALUES (1535, 'u20240535', 'Campus@20244055');
INSERT INTO student_resume (user_id, real_name, contact_phone, major, personal_statement, raw_text, structured_data) VALUES (1535, '吴泽朗', '135177072663', '数学与应用数学', '来自 理学院 2024级 级', 'Imported from V2 dataset', '{"skills": "["摄影、音乐、辩论、设计"]"}');
INSERT INTO student_profile (user_id, interest_tags, weekly_free_hours, commitment_level, personality_type) VALUES (1535, '["摄影、音乐、辩论、设计"]', 10, 'MED', 'EXPLORER');
INSERT INTO sys_user (id, school_email, password) VALUES (1536, 'u20240536', 'Campus@20244128');
INSERT INTO student_resume (user_id, real_name, contact_phone, major, personal_statement, raw_text, structured_data) VALUES (1536, '许嘉', '174592215843', '生物工程', '来自 建筑工程学院 2024级 级', 'Imported from V2 dataset', '{"skills": "["绘画、阅读、摄影、创业"]"}');
INSERT INTO student_profile (user_id, interest_tags, weekly_free_hours, commitment_level, personality_type) VALUES (1536, '["绘画、阅读、摄影、创业"]', 10, 'MED', 'EXPLORER');
INSERT INTO sys_user (id, school_email, password) VALUES (1537, 'u20240537', 'Campus@20244201');
INSERT INTO student_resume (user_id, real_name, contact_phone, major, personal_statement, raw_text, structured_data) VALUES (1537, '曾南熙', '136234014909', '人工智能', '来自 建筑工程学院 2024级 级', 'Imported from V2 dataset', '{"skills": "["公益、绘画、桌游、编程"]"}');
INSERT INTO student_profile (user_id, interest_tags, weekly_free_hours, commitment_level, personality_type) VALUES (1537, '["公益、绘画、桌游、编程"]', 10, 'MED', 'EXPLORER');
INSERT INTO sys_user (id, school_email, password) VALUES (1538, 'u20240538', 'Campus@20244274');
INSERT INTO student_resume (user_id, real_name, contact_phone, major, personal_statement, raw_text, structured_data) VALUES (1538, '林俊熙', '196830722464', '环境工程', '来自 计算机学院 2024级 级', 'Imported from V2 dataset', '{"skills": "["志愿服务、跑步、编程、公益"]"}');
INSERT INTO student_profile (user_id, interest_tags, weekly_free_hours, commitment_level, personality_type) VALUES (1538, '["志愿服务、跑步、编程、公益"]', 10, 'MED', 'EXPLORER');
INSERT INTO sys_user (id, school_email, password) VALUES (1539, 'u20240539', 'Campus@20244347');
INSERT INTO student_resume (user_id, real_name, contact_phone, major, personal_statement, raw_text, structured_data) VALUES (1539, '袁可涵', '156420106741', '电子信息工程', '来自 外国语学院 2024级 级', 'Imported from V2 dataset', '{"skills": "["短视频、桌游、阅读、跑步"]"}');
INSERT INTO student_profile (user_id, interest_tags, weekly_free_hours, commitment_level, personality_type) VALUES (1539, '["短视频、桌游、阅读、跑步"]', 10, 'MED', 'EXPLORER');
INSERT INTO sys_user (id, school_email, password) VALUES (1540, 'u20240540', 'Campus@20244420');
INSERT INTO student_resume (user_id, real_name, contact_phone, major, personal_statement, raw_text, structured_data) VALUES (1540, '宋泽', '178377019153', '市场营销', '来自 信息工程学院 2024级 级', 'Imported from V2 dataset', '{"skills": "["音乐、辩论、旅行、编程"]"}');
INSERT INTO student_profile (user_id, interest_tags, weekly_free_hours, commitment_level, personality_type) VALUES (1540, '["音乐、辩论、旅行、编程"]', 10, 'MED', 'EXPLORER');
INSERT INTO sys_user (id, school_email, password) VALUES (1541, 'u20240541', 'Campus@20244493');
INSERT INTO student_resume (user_id, real_name, contact_phone, major, personal_statement, raw_text, structured_data) VALUES (1541, '徐浩妍', '193767729737', '软件工程', '来自 建筑工程学院 2024级 级', 'Imported from V2 dataset', '{"skills": "["短视频、电影、辩论、创业"]"}');
INSERT INTO student_profile (user_id, interest_tags, weekly_free_hours, commitment_level, personality_type) VALUES (1541, '["短视频、电影、辩论、创业"]', 10, 'MED', 'EXPLORER');
INSERT INTO sys_user (id, school_email, password) VALUES (1542, 'u20240542', 'Campus@20244566');
INSERT INTO student_resume (user_id, real_name, contact_phone, major, personal_statement, raw_text, structured_data) VALUES (1542, '孙若妍', '159122574336', '土木工程', '来自 法学院 2024级 级', 'Imported from V2 dataset', '{"skills": "["短视频、绘画、摄影、编程"]"}');
INSERT INTO student_profile (user_id, interest_tags, weekly_free_hours, commitment_level, personality_type) VALUES (1542, '["短视频、绘画、摄影、编程"]', 10, 'MED', 'EXPLORER');
INSERT INTO sys_user (id, school_email, password) VALUES (1543, 'u20240543', 'Campus@20244639');
INSERT INTO student_resume (user_id, real_name, contact_phone, major, personal_statement, raw_text, structured_data) VALUES (1543, '马意彤', '193698091662', '计算机科学与技术', '来自 理学院 2024级 级', 'Imported from V2 dataset', '{"skills": "["电影、跑步、旅行、桌游"]"}');
INSERT INTO student_profile (user_id, interest_tags, weekly_free_hours, commitment_level, personality_type) VALUES (1543, '["电影、跑步、旅行、桌游"]', 10, 'MED', 'EXPLORER');
INSERT INTO sys_user (id, school_email, password) VALUES (1544, 'u20240544', 'Campus@20244712');
INSERT INTO student_resume (user_id, real_name, contact_phone, major, personal_statement, raw_text, structured_data) VALUES (1544, '曹诺', '183897078845', '环境工程', '来自 社会发展学院 2024级 级', 'Imported from V2 dataset', '{"skills": "["旅行、短视频、音乐、辩论"]"}');
INSERT INTO student_profile (user_id, interest_tags, weekly_free_hours, commitment_level, personality_type) VALUES (1544, '["旅行、短视频、音乐、辩论"]', 10, 'MED', 'EXPLORER');
INSERT INTO sys_user (id, school_email, password) VALUES (1545, 'u20240545', 'Campus@20244785');
INSERT INTO student_resume (user_id, real_name, contact_phone, major, personal_statement, raw_text, structured_data) VALUES (1545, '杨知', '188456677339', '人工智能', '来自 环境科学学院 2024级 级', 'Imported from V2 dataset', '{"skills": "["羽毛球、桌游、辩论、绘画"]"}');
INSERT INTO student_profile (user_id, interest_tags, weekly_free_hours, commitment_level, personality_type) VALUES (1545, '["羽毛球、桌游、辩论、绘画"]', 10, 'MED', 'EXPLORER');
INSERT INTO sys_user (id, school_email, password) VALUES (1546, 'u20240546', 'Campus@20244858');
INSERT INTO student_resume (user_id, real_name, contact_phone, major, personal_statement, raw_text, structured_data) VALUES (1546, '蒋明希', '193921797319', '新闻学', '来自 新闻传播学院 2024级 级', 'Imported from V2 dataset', '{"skills": "["桌游、羽毛球、编程、设计"]"}');
INSERT INTO student_profile (user_id, interest_tags, weekly_free_hours, commitment_level, personality_type) VALUES (1546, '["桌游、羽毛球、编程、设计"]', 10, 'MED', 'EXPLORER');
INSERT INTO sys_user (id, school_email, password) VALUES (1547, 'u20240547', 'Campus@20244931');
INSERT INTO student_resume (user_id, real_name, contact_phone, major, personal_statement, raw_text, structured_data) VALUES (1547, '周南沫', '193981676360', '工商管理', '来自 外国语学院 2024级 级', 'Imported from V2 dataset', '{"skills": "["公益、电影、阅读、设计"]"}');
INSERT INTO student_profile (user_id, interest_tags, weekly_free_hours, commitment_level, personality_type) VALUES (1547, '["公益、电影、阅读、设计"]', 10, 'MED', 'EXPLORER');
INSERT INTO sys_user (id, school_email, password) VALUES (1548, 'u20240548', 'Campus@20245004');
INSERT INTO student_resume (user_id, real_name, contact_phone, major, personal_statement, raw_text, structured_data) VALUES (1548, '梁一', '197998001423', '土木工程', '来自 教育学院 2024级 级', 'Imported from V2 dataset', '{"skills": "["公益、摄影、编程、跑步"]"}');
INSERT INTO student_profile (user_id, interest_tags, weekly_free_hours, commitment_level, personality_type) VALUES (1548, '["公益、摄影、编程、跑步"]', 10, 'MED', 'EXPLORER');
INSERT INTO sys_user (id, school_email, password) VALUES (1549, 'u20240549', 'Campus@20245077');
INSERT INTO student_resume (user_id, real_name, contact_phone, major, personal_statement, raw_text, structured_data) VALUES (1549, '罗乐妍', '171777314386', '教育学', '来自 社会发展学院 2024级 级', 'Imported from V2 dataset', '{"skills": "["短视频、设计、音乐、创业"]"}');
INSERT INTO student_profile (user_id, interest_tags, weekly_free_hours, commitment_level, personality_type) VALUES (1549, '["短视频、设计、音乐、创业"]', 10, 'MED', 'EXPLORER');
INSERT INTO sys_user (id, school_email, password) VALUES (1550, 'u20240550', 'Campus@20245150');
INSERT INTO student_resume (user_id, real_name, contact_phone, major, personal_statement, raw_text, structured_data) VALUES (1550, '袁文琪', '185444674575', '历史学', '来自 社会发展学院 2024级 级', 'Imported from V2 dataset', '{"skills": "["桌游、跑步、编程、公益"]"}');
INSERT INTO student_profile (user_id, interest_tags, weekly_free_hours, commitment_level, personality_type) VALUES (1550, '["桌游、跑步、编程、公益"]', 10, 'MED', 'EXPLORER');
INSERT INTO sys_user (id, school_email, password) VALUES (1551, 'u20240551', 'Campus@20245223');
INSERT INTO student_resume (user_id, real_name, contact_phone, major, personal_statement, raw_text, structured_data) VALUES (1551, '冯言', '183136136146', '心理学', '来自 信息工程学院 2024级 级', 'Imported from V2 dataset', '{"skills": "["桌游、编程、公益、音乐"]"}');
INSERT INTO student_profile (user_id, interest_tags, weekly_free_hours, commitment_level, personality_type) VALUES (1551, '["桌游、编程、公益、音乐"]', 10, 'MED', 'EXPLORER');
INSERT INTO sys_user (id, school_email, password) VALUES (1552, 'u20240552', 'Campus@20245296');
INSERT INTO student_resume (user_id, real_name, contact_phone, major, personal_statement, raw_text, structured_data) VALUES (1552, '韩欣', '183681907671', '英语', '来自 经济管理学院 2024级 级', 'Imported from V2 dataset', '{"skills": "["短视频、阅读、摄影、桌游"]"}');
INSERT INTO student_profile (user_id, interest_tags, weekly_free_hours, commitment_level, personality_type) VALUES (1552, '["短视频、阅读、摄影、桌游"]', 10, 'MED', 'EXPLORER');
INSERT INTO sys_user (id, school_email, password) VALUES (1553, 'u20240553', 'Campus@20245369');
INSERT INTO student_resume (user_id, real_name, contact_phone, major, personal_statement, raw_text, structured_data) VALUES (1553, '蔡星萌', '159713569212', '土木工程', '来自 文学院 2024级 级', 'Imported from V2 dataset', '{"skills": "["桌游、电影、志愿服务、设计"]"}');
INSERT INTO student_profile (user_id, interest_tags, weekly_free_hours, commitment_level, personality_type) VALUES (1553, '["桌游、电影、志愿服务、设计"]', 10, 'MED', 'EXPLORER');
INSERT INTO sys_user (id, school_email, password) VALUES (1554, 'u20240554', 'Campus@20245442');
INSERT INTO student_resume (user_id, real_name, contact_phone, major, personal_statement, raw_text, structured_data) VALUES (1554, '朱宁言', '139918321035', '会计学', '来自 建筑工程学院 2024级 级', 'Imported from V2 dataset', '{"skills": "["阅读、摄影、创业、公益"]"}');
INSERT INTO student_profile (user_id, interest_tags, weekly_free_hours, commitment_level, personality_type) VALUES (1554, '["阅读、摄影、创业、公益"]', 10, 'MED', 'EXPLORER');
INSERT INTO sys_user (id, school_email, password) VALUES (1555, 'u20240555', 'Campus@20245515');
INSERT INTO student_resume (user_id, real_name, contact_phone, major, personal_statement, raw_text, structured_data) VALUES (1555, '萧宁沫', '151644816370', '汉语言文学', '来自 教育学院 2024级 级', 'Imported from V2 dataset', '{"skills": "["短视频、阅读、摄影、跑步"]"}');
INSERT INTO student_profile (user_id, interest_tags, weekly_free_hours, commitment_level, personality_type) VALUES (1555, '["短视频、阅读、摄影、跑步"]', 10, 'MED', 'EXPLORER');
INSERT INTO sys_user (id, school_email, password) VALUES (1556, 'u20240556', 'Campus@20245588');
INSERT INTO student_resume (user_id, real_name, contact_phone, major, personal_statement, raw_text, structured_data) VALUES (1556, '杨诗禾', '155873262849', '数学与应用数学', '来自 环境科学学院 2024级 级', 'Imported from V2 dataset', '{"skills": "["编程、羽毛球、音乐、短视频"]"}');
INSERT INTO student_profile (user_id, interest_tags, weekly_free_hours, commitment_level, personality_type) VALUES (1556, '["编程、羽毛球、音乐、短视频"]', 10, 'MED', 'EXPLORER');
INSERT INTO sys_user (id, school_email, password) VALUES (1557, 'u20240557', 'Campus@20245661');
INSERT INTO student_resume (user_id, real_name, contact_phone, major, personal_statement, raw_text, structured_data) VALUES (1557, '郑星远', '153724158461', '市场营销', '来自 法学院 2024级 级', 'Imported from V2 dataset', '{"skills": "["短视频、绘画、跑步、音乐"]"}');
INSERT INTO student_profile (user_id, interest_tags, weekly_free_hours, commitment_level, personality_type) VALUES (1557, '["短视频、绘画、跑步、音乐"]', 10, 'MED', 'EXPLORER');
INSERT INTO sys_user (id, school_email, password) VALUES (1558, 'u20240558', 'Campus@20245734');
INSERT INTO student_resume (user_id, real_name, contact_phone, major, personal_statement, raw_text, structured_data) VALUES (1558, '董博', '138995549537', '土木工程', '来自 信息工程学院 2024级 级', 'Imported from V2 dataset', '{"skills": "["羽毛球、创业、摄影、音乐"]"}');
INSERT INTO student_profile (user_id, interest_tags, weekly_free_hours, commitment_level, personality_type) VALUES (1558, '["羽毛球、创业、摄影、音乐"]', 10, 'MED', 'EXPLORER');
INSERT INTO sys_user (id, school_email, password) VALUES (1559, 'u20240559', 'Campus@20245807');
INSERT INTO student_resume (user_id, real_name, contact_phone, major, personal_statement, raw_text, structured_data) VALUES (1559, '郭浩雯', '184883613401', '信息管理与信息系统', '来自 环境科学学院 2024级 级', 'Imported from V2 dataset', '{"skills": "["编程、辩论、旅行、桌游"]"}');
INSERT INTO student_profile (user_id, interest_tags, weekly_free_hours, commitment_level, personality_type) VALUES (1559, '["编程、辩论、旅行、桌游"]', 10, 'MED', 'EXPLORER');
INSERT INTO sys_user (id, school_email, password) VALUES (1560, 'u20240560', 'Campus@20245880');
INSERT INTO student_resume (user_id, real_name, contact_phone, major, personal_statement, raw_text, structured_data) VALUES (1560, '萧言', '191331672711', '市场营销', '来自 计算机学院 2024级 级', 'Imported from V2 dataset', '{"skills": "["创业、辩论、桌游、电影"]"}');
INSERT INTO student_profile (user_id, interest_tags, weekly_free_hours, commitment_level, personality_type) VALUES (1560, '["创业、辩论、桌游、电影"]', 10, 'MED', 'EXPLORER');
INSERT INTO sys_user (id, school_email, password) VALUES (1561, 'u20240561', 'Campus@20245953');
INSERT INTO student_resume (user_id, real_name, contact_phone, major, personal_statement, raw_text, structured_data) VALUES (1561, '曾浩禾', '135544036438', '环境工程', '来自 法学院 2024级 级', 'Imported from V2 dataset', '{"skills": "["旅行、绘画、音乐、公益"]"}');
INSERT INTO student_profile (user_id, interest_tags, weekly_free_hours, commitment_level, personality_type) VALUES (1561, '["旅行、绘画、音乐、公益"]', 10, 'MED', 'EXPLORER');
INSERT INTO sys_user (id, school_email, password) VALUES (1562, 'u20240562', 'Campus@20246026');
INSERT INTO student_resume (user_id, real_name, contact_phone, major, personal_statement, raw_text, structured_data) VALUES (1562, '王卓', '189888263335', '人工智能', '来自 外国语学院 2024级 级', 'Imported from V2 dataset', '{"skills": "["羽毛球、编程、音乐、跑步"]"}');
INSERT INTO student_profile (user_id, interest_tags, weekly_free_hours, commitment_level, personality_type) VALUES (1562, '["羽毛球、编程、音乐、跑步"]', 10, 'MED', 'EXPLORER');
INSERT INTO sys_user (id, school_email, password) VALUES (1563, 'u20240563', 'Campus@20246099');
INSERT INTO student_resume (user_id, real_name, contact_phone, major, personal_statement, raw_text, structured_data) VALUES (1563, '袁乔', '158561238142', '新闻学', '来自 计算机学院 2024级 级', 'Imported from V2 dataset', '{"skills": "["辩论、短视频、公益、桌游"]"}');
INSERT INTO student_profile (user_id, interest_tags, weekly_free_hours, commitment_level, personality_type) VALUES (1563, '["辩论、短视频、公益、桌游"]', 10, 'MED', 'EXPLORER');
INSERT INTO sys_user (id, school_email, password) VALUES (1564, 'u20240564', 'Campus@20246172');
INSERT INTO student_resume (user_id, real_name, contact_phone, major, personal_statement, raw_text, structured_data) VALUES (1564, '彭俊宸', '132121262379', '金融学', '来自 外国语学院 2024级 级', 'Imported from V2 dataset', '{"skills": "["志愿服务、摄影、电影、桌游"]"}');
INSERT INTO student_profile (user_id, interest_tags, weekly_free_hours, commitment_level, personality_type) VALUES (1564, '["志愿服务、摄影、电影、桌游"]', 10, 'MED', 'EXPLORER');
INSERT INTO sys_user (id, school_email, password) VALUES (1565, 'u20240565', 'Campus@20246245');
INSERT INTO student_resume (user_id, real_name, contact_phone, major, personal_statement, raw_text, structured_data) VALUES (1565, '田睿霏', '176431304009', '传播学', '来自 外国语学院 2024级 级', 'Imported from V2 dataset', '{"skills": "["旅行、编程、阅读、辩论"]"}');
INSERT INTO student_profile (user_id, interest_tags, weekly_free_hours, commitment_level, personality_type) VALUES (1565, '["旅行、编程、阅读、辩论"]', 10, 'MED', 'EXPLORER');
INSERT INTO sys_user (id, school_email, password) VALUES (1566, 'u20240566', 'Campus@20246318');
INSERT INTO student_resume (user_id, real_name, contact_phone, major, personal_statement, raw_text, structured_data) VALUES (1566, '曾书辰', '187558157605', '社会学', '来自 法学院 2024级 级', 'Imported from V2 dataset', '{"skills": "["创业、编程、辩论、绘画"]"}');
INSERT INTO student_profile (user_id, interest_tags, weekly_free_hours, commitment_level, personality_type) VALUES (1566, '["创业、编程、辩论、绘画"]', 10, 'MED', 'EXPLORER');
INSERT INTO sys_user (id, school_email, password) VALUES (1567, 'u20240567', 'Campus@20246391');
INSERT INTO student_resume (user_id, real_name, contact_phone, major, personal_statement, raw_text, structured_data) VALUES (1567, '周亦', '185276053745', '软件工程', '来自 环境科学学院 2024级 级', 'Imported from V2 dataset', '{"skills": "["志愿服务、跑步、设计、音乐"]"}');
INSERT INTO student_profile (user_id, interest_tags, weekly_free_hours, commitment_level, personality_type) VALUES (1567, '["志愿服务、跑步、设计、音乐"]', 10, 'MED', 'EXPLORER');
INSERT INTO sys_user (id, school_email, password) VALUES (1568, 'u20240568', 'Campus@20246464');
INSERT INTO student_resume (user_id, real_name, contact_phone, major, personal_statement, raw_text, structured_data) VALUES (1568, '杨宁祺', '139725919541', '汉语言文学', '来自 教育学院 2024级 级', 'Imported from V2 dataset', '{"skills": "["阅读、设计、创业、短视频"]"}');
INSERT INTO student_profile (user_id, interest_tags, weekly_free_hours, commitment_level, personality_type) VALUES (1568, '["阅读、设计、创业、短视频"]', 10, 'MED', 'EXPLORER');
INSERT INTO sys_user (id, school_email, password) VALUES (1569, 'u20240569', 'Campus@20246537');
INSERT INTO student_resume (user_id, real_name, contact_phone, major, personal_statement, raw_text, structured_data) VALUES (1569, '田佳瑶', '188439268464', '统计学', '来自 教育学院 2024级 级', 'Imported from V2 dataset', '{"skills": "["设计、志愿服务、摄影、跑步"]"}');
INSERT INTO student_profile (user_id, interest_tags, weekly_free_hours, commitment_level, personality_type) VALUES (1569, '["设计、志愿服务、摄影、跑步"]', 10, 'MED', 'EXPLORER');
INSERT INTO sys_user (id, school_email, password) VALUES (1570, 'u20240570', 'Campus@20246610');
INSERT INTO student_resume (user_id, real_name, contact_phone, major, personal_statement, raw_text, structured_data) VALUES (1570, '余启琪', '131591262929', '网络空间安全', '来自 社会发展学院 2024级 级', 'Imported from V2 dataset', '{"skills": "["志愿服务、旅行、创业、公益"]"}');
INSERT INTO student_profile (user_id, interest_tags, weekly_free_hours, commitment_level, personality_type) VALUES (1570, '["志愿服务、旅行、创业、公益"]', 10, 'MED', 'EXPLORER');
INSERT INTO sys_user (id, school_email, password) VALUES (1571, 'u20240571', 'Campus@20246683');
INSERT INTO student_resume (user_id, real_name, contact_phone, major, personal_statement, raw_text, structured_data) VALUES (1571, '胡南悦', '157688749266', '教育学', '来自 经济管理学院 2024级 级', 'Imported from V2 dataset', '{"skills": "["志愿服务、羽毛球、阅读、短视频"]"}');
INSERT INTO student_profile (user_id, interest_tags, weekly_free_hours, commitment_level, personality_type) VALUES (1571, '["志愿服务、羽毛球、阅读、短视频"]', 10, 'MED', 'EXPLORER');
INSERT INTO sys_user (id, school_email, password) VALUES (1572, 'u20240572', 'Campus@20246756');
INSERT INTO student_resume (user_id, real_name, contact_phone, major, personal_statement, raw_text, structured_data) VALUES (1572, '朱诗宁', '193865732122', '计算机科学与技术', '来自 理学院 2024级 级', 'Imported from V2 dataset', '{"skills": "["短视频、摄影、辩论、阅读"]"}');
INSERT INTO student_profile (user_id, interest_tags, weekly_free_hours, commitment_level, personality_type) VALUES (1572, '["短视频、摄影、辩论、阅读"]', 10, 'MED', 'EXPLORER');
INSERT INTO sys_user (id, school_email, password) VALUES (1573, 'u20240573', 'Campus@20246829');
INSERT INTO student_resume (user_id, real_name, contact_phone, major, personal_statement, raw_text, structured_data) VALUES (1573, '林向婷', '181098659867', '会计学', '来自 建筑工程学院 2024级 级', 'Imported from V2 dataset', '{"skills": "["公益、桌游、设计、阅读"]"}');
INSERT INTO student_profile (user_id, interest_tags, weekly_free_hours, commitment_level, personality_type) VALUES (1573, '["公益、桌游、设计、阅读"]', 10, 'MED', 'EXPLORER');
INSERT INTO sys_user (id, school_email, password) VALUES (1574, 'u20240574', 'Campus@20246902');
INSERT INTO student_resume (user_id, real_name, contact_phone, major, personal_statement, raw_text, structured_data) VALUES (1574, '朱书洋', '151954324676', '市场营销', '来自 理学院 2024级 级', 'Imported from V2 dataset', '{"skills": "["绘画、旅行、短视频、志愿服务"]"}');
INSERT INTO student_profile (user_id, interest_tags, weekly_free_hours, commitment_level, personality_type) VALUES (1574, '["绘画、旅行、短视频、志愿服务"]', 10, 'MED', 'EXPLORER');
INSERT INTO sys_user (id, school_email, password) VALUES (1575, 'u20240575', 'Campus@20246975');
INSERT INTO student_resume (user_id, real_name, contact_phone, major, personal_statement, raw_text, structured_data) VALUES (1575, '董宇祺', '181150016334', '生物工程', '来自 教育学院 2024级 级', 'Imported from V2 dataset', '{"skills": "["音乐、摄影、辩论、阅读"]"}');
INSERT INTO student_profile (user_id, interest_tags, weekly_free_hours, commitment_level, personality_type) VALUES (1575, '["音乐、摄影、辩论、阅读"]', 10, 'MED', 'EXPLORER');
INSERT INTO sys_user (id, school_email, password) VALUES (1576, 'u20240576', 'Campus@20247048');
INSERT INTO student_resume (user_id, real_name, contact_phone, major, personal_statement, raw_text, structured_data) VALUES (1576, '袁浩雯', '171942112638', '心理学', '来自 信息工程学院 2024级 级', 'Imported from V2 dataset', '{"skills": "["桌游、创业、羽毛球、摄影"]"}');
INSERT INTO student_profile (user_id, interest_tags, weekly_free_hours, commitment_level, personality_type) VALUES (1576, '["桌游、创业、羽毛球、摄影"]', 10, 'MED', 'EXPLORER');
INSERT INTO sys_user (id, school_email, password) VALUES (1577, 'u20240577', 'Campus@20247121');
INSERT INTO student_resume (user_id, real_name, contact_phone, major, personal_statement, raw_text, structured_data) VALUES (1577, '萧可婷', '171871124942', '工商管理', '来自 建筑工程学院 2024级 级', 'Imported from V2 dataset', '{"skills": "["辩论、绘画、音乐、设计"]"}');
INSERT INTO student_profile (user_id, interest_tags, weekly_free_hours, commitment_level, personality_type) VALUES (1577, '["辩论、绘画、音乐、设计"]', 10, 'MED', 'EXPLORER');
INSERT INTO sys_user (id, school_email, password) VALUES (1578, 'u20240578', 'Campus@20247194');
INSERT INTO student_resume (user_id, real_name, contact_phone, major, personal_statement, raw_text, structured_data) VALUES (1578, '谢若霖', '198755898912', '市场营销', '来自 计算机学院 2024级 级', 'Imported from V2 dataset', '{"skills": "["羽毛球、旅行、绘画、短视频"]"}');
INSERT INTO student_profile (user_id, interest_tags, weekly_free_hours, commitment_level, personality_type) VALUES (1578, '["羽毛球、旅行、绘画、短视频"]', 10, 'MED', 'EXPLORER');
INSERT INTO sys_user (id, school_email, password) VALUES (1579, 'u20240579', 'Campus@20247267');
INSERT INTO student_resume (user_id, real_name, contact_phone, major, personal_statement, raw_text, structured_data) VALUES (1579, '高雨萱', '131441535372', '人工智能', '来自 法学院 2024级 级', 'Imported from V2 dataset', '{"skills": "["创业、桌游、设计、辩论"]"}');
INSERT INTO student_profile (user_id, interest_tags, weekly_free_hours, commitment_level, personality_type) VALUES (1579, '["创业、桌游、设计、辩论"]', 10, 'MED', 'EXPLORER');
INSERT INTO sys_user (id, school_email, password) VALUES (1580, 'u20240580', 'Campus@20247340');
INSERT INTO student_resume (user_id, real_name, contact_phone, major, personal_statement, raw_text, structured_data) VALUES (1580, '潘清朗', '132036948283', '土木工程', '来自 环境科学学院 2024级 级', 'Imported from V2 dataset', '{"skills": "["音乐、阅读、设计、公益"]"}');
INSERT INTO student_profile (user_id, interest_tags, weekly_free_hours, commitment_level, personality_type) VALUES (1580, '["音乐、阅读、设计、公益"]', 10, 'MED', 'EXPLORER');
INSERT INTO sys_user (id, school_email, password) VALUES (1581, 'u20240581', 'Campus@20247413');
INSERT INTO student_resume (user_id, real_name, contact_phone, major, personal_statement, raw_text, structured_data) VALUES (1581, '袁浩', '138262645319', '金融学', '来自 社会发展学院 2024级 级', 'Imported from V2 dataset', '{"skills": "["旅行、羽毛球、公益、设计"]"}');
INSERT INTO student_profile (user_id, interest_tags, weekly_free_hours, commitment_level, personality_type) VALUES (1581, '["旅行、羽毛球、公益、设计"]', 10, 'MED', 'EXPLORER');
INSERT INTO sys_user (id, school_email, password) VALUES (1582, 'u20240582', 'Campus@20247486');
INSERT INTO student_resume (user_id, real_name, contact_phone, major, personal_statement, raw_text, structured_data) VALUES (1582, '郑宁航', '158733505353', '新闻学', '来自 教育学院 2024级 级', 'Imported from V2 dataset', '{"skills": "["音乐、志愿服务、公益、旅行"]"}');
INSERT INTO student_profile (user_id, interest_tags, weekly_free_hours, commitment_level, personality_type) VALUES (1582, '["音乐、志愿服务、公益、旅行"]', 10, 'MED', 'EXPLORER');
INSERT INTO sys_user (id, school_email, password) VALUES (1583, 'u20240583', 'Campus@20247559');
INSERT INTO student_resume (user_id, real_name, contact_phone, major, personal_statement, raw_text, structured_data) VALUES (1583, '蒋佳', '197179823571', '国际经济与贸易', '来自 计算机学院 2024级 级', 'Imported from V2 dataset', '{"skills": "["旅行、跑步、创业、电影"]"}');
INSERT INTO student_profile (user_id, interest_tags, weekly_free_hours, commitment_level, personality_type) VALUES (1583, '["旅行、跑步、创业、电影"]', 10, 'MED', 'EXPLORER');
INSERT INTO sys_user (id, school_email, password) VALUES (1584, 'u20240584', 'Campus@20247632');
INSERT INTO student_resume (user_id, real_name, contact_phone, major, personal_statement, raw_text, structured_data) VALUES (1584, '董博霖', '138220049323', '金融学', '来自 经济管理学院 2024级 级', 'Imported from V2 dataset', '{"skills": "["跑步、短视频、摄影、绘画"]"}');
INSERT INTO student_profile (user_id, interest_tags, weekly_free_hours, commitment_level, personality_type) VALUES (1584, '["跑步、短视频、摄影、绘画"]', 10, 'MED', 'EXPLORER');
INSERT INTO sys_user (id, school_email, password) VALUES (1585, 'u20240585', 'Campus@20247705');
INSERT INTO student_resume (user_id, real_name, contact_phone, major, personal_statement, raw_text, structured_data) VALUES (1585, '周晨菲', '199453464273', '教育学', '来自 文学院 2024级 级', 'Imported from V2 dataset', '{"skills": "["音乐、设计、公益、摄影"]"}');
INSERT INTO student_profile (user_id, interest_tags, weekly_free_hours, commitment_level, personality_type) VALUES (1585, '["音乐、设计、公益、摄影"]', 10, 'MED', 'EXPLORER');
INSERT INTO sys_user (id, school_email, password) VALUES (1586, 'u20240586', 'Campus@20247778');
INSERT INTO student_resume (user_id, real_name, contact_phone, major, personal_statement, raw_text, structured_data) VALUES (1586, '张言涵', '194377015861', '统计学', '来自 信息工程学院 2024级 级', 'Imported from V2 dataset', '{"skills": "["桌游、设计、辩论、旅行"]"}');
INSERT INTO student_profile (user_id, interest_tags, weekly_free_hours, commitment_level, personality_type) VALUES (1586, '["桌游、设计、辩论、旅行"]', 10, 'MED', 'EXPLORER');
INSERT INTO sys_user (id, school_email, password) VALUES (1587, 'u20240587', 'Campus@20247851');
INSERT INTO student_resume (user_id, real_name, contact_phone, major, personal_statement, raw_text, structured_data) VALUES (1587, '董若悦', '152432885049', '人工智能', '来自 文学院 2024级 级', 'Imported from V2 dataset', '{"skills": "["设计、羽毛球、阅读、绘画"]"}');
INSERT INTO student_profile (user_id, interest_tags, weekly_free_hours, commitment_level, personality_type) VALUES (1587, '["设计、羽毛球、阅读、绘画"]', 10, 'MED', 'EXPLORER');
INSERT INTO sys_user (id, school_email, password) VALUES (1588, 'u20240588', 'Campus@20247924');
INSERT INTO student_resume (user_id, real_name, contact_phone, major, personal_statement, raw_text, structured_data) VALUES (1588, '胡俊晗', '152222249953', '土木工程', '来自 新闻传播学院 2024级 级', 'Imported from V2 dataset', '{"skills": "["辩论、电影、编程、桌游"]"}');
INSERT INTO student_profile (user_id, interest_tags, weekly_free_hours, commitment_level, personality_type) VALUES (1588, '["辩论、电影、编程、桌游"]', 10, 'MED', 'EXPLORER');
INSERT INTO sys_user (id, school_email, password) VALUES (1589, 'u20240589', 'Campus@20247997');
INSERT INTO student_resume (user_id, real_name, contact_phone, major, personal_statement, raw_text, structured_data) VALUES (1589, '韩乐萱', '173448236714', '教育学', '来自 外国语学院 2024级 级', 'Imported from V2 dataset', '{"skills": "["辩论、志愿服务、摄影、阅读"]"}');
INSERT INTO student_profile (user_id, interest_tags, weekly_free_hours, commitment_level, personality_type) VALUES (1589, '["辩论、志愿服务、摄影、阅读"]', 10, 'MED', 'EXPLORER');
INSERT INTO sys_user (id, school_email, password) VALUES (1590, 'u20240590', 'Campus@20248070');
INSERT INTO student_resume (user_id, real_name, contact_phone, major, personal_statement, raw_text, structured_data) VALUES (1590, '谢知然', '139785489323', '统计学', '来自 信息工程学院 2024级 级', 'Imported from V2 dataset', '{"skills": "["跑步、创业、阅读、电影"]"}');
INSERT INTO student_profile (user_id, interest_tags, weekly_free_hours, commitment_level, personality_type) VALUES (1590, '["跑步、创业、阅读、电影"]', 10, 'MED', 'EXPLORER');
INSERT INTO sys_user (id, school_email, password) VALUES (1591, 'u20240591', 'Campus@20248143');
INSERT INTO student_resume (user_id, real_name, contact_phone, major, personal_statement, raw_text, structured_data) VALUES (1591, '冯南珂', '174216401628', '国际经济与贸易', '来自 环境科学学院 2024级 级', 'Imported from V2 dataset', '{"skills": "["摄影、旅行、创业、志愿服务"]"}');
INSERT INTO student_profile (user_id, interest_tags, weekly_free_hours, commitment_level, personality_type) VALUES (1591, '["摄影、旅行、创业、志愿服务"]', 10, 'MED', 'EXPLORER');
INSERT INTO sys_user (id, school_email, password) VALUES (1592, 'u20240592', 'Campus@20248216');
INSERT INTO student_resume (user_id, real_name, contact_phone, major, personal_statement, raw_text, structured_data) VALUES (1592, '彭文', '173924093185', '环境工程', '来自 环境科学学院 2024级 级', 'Imported from V2 dataset', '{"skills": "["辩论、音乐、跑步、短视频"]"}');
INSERT INTO student_profile (user_id, interest_tags, weekly_free_hours, commitment_level, personality_type) VALUES (1592, '["辩论、音乐、跑步、短视频"]', 10, 'MED', 'EXPLORER');
INSERT INTO sys_user (id, school_email, password) VALUES (1593, 'u20240593', 'Campus@20248289');
INSERT INTO student_resume (user_id, real_name, contact_phone, major, personal_statement, raw_text, structured_data) VALUES (1593, '唐向禾', '136330064661', '建筑学', '来自 文学院 2024级 级', 'Imported from V2 dataset', '{"skills": "["公益、跑步、电影、编程"]"}');
INSERT INTO student_profile (user_id, interest_tags, weekly_free_hours, commitment_level, personality_type) VALUES (1593, '["公益、跑步、电影、编程"]', 10, 'MED', 'EXPLORER');
INSERT INTO sys_user (id, school_email, password) VALUES (1594, 'u20240594', 'Campus@20248362');
INSERT INTO student_resume (user_id, real_name, contact_phone, major, personal_statement, raw_text, structured_data) VALUES (1594, '韩卓', '153568306078', '数字媒体技术', '来自 计算机学院 2024级 级', 'Imported from V2 dataset', '{"skills": "["摄影、音乐、旅行、跑步"]"}');
INSERT INTO student_profile (user_id, interest_tags, weekly_free_hours, commitment_level, personality_type) VALUES (1594, '["摄影、音乐、旅行、跑步"]', 10, 'MED', 'EXPLORER');
INSERT INTO sys_user (id, school_email, password) VALUES (1595, 'u20240595', 'Campus@20248435');
INSERT INTO student_resume (user_id, real_name, contact_phone, major, personal_statement, raw_text, structured_data) VALUES (1595, '彭子岚', '191780063330', '网络空间安全', '来自 经济管理学院 2024级 级', 'Imported from V2 dataset', '{"skills": "["志愿服务、阅读、羽毛球、设计"]"}');
INSERT INTO student_profile (user_id, interest_tags, weekly_free_hours, commitment_level, personality_type) VALUES (1595, '["志愿服务、阅读、羽毛球、设计"]', 10, 'MED', 'EXPLORER');
INSERT INTO sys_user (id, school_email, password) VALUES (1596, 'u20240596', 'Campus@20248508');
INSERT INTO student_resume (user_id, real_name, contact_phone, major, personal_statement, raw_text, structured_data) VALUES (1596, '唐乔雯', '173943673580', '会计学', '来自 外国语学院 2024级 级', 'Imported from V2 dataset', '{"skills": "["阅读、绘画、编程、辩论"]"}');
INSERT INTO student_profile (user_id, interest_tags, weekly_free_hours, commitment_level, personality_type) VALUES (1596, '["阅读、绘画、编程、辩论"]', 10, 'MED', 'EXPLORER');
INSERT INTO sys_user (id, school_email, password) VALUES (1597, 'u20240597', 'Campus@20248581');
INSERT INTO student_resume (user_id, real_name, contact_phone, major, personal_statement, raw_text, structured_data) VALUES (1597, '张卓', '177542167786', '数据科学与大数据技术', '来自 外国语学院 2024级 级', 'Imported from V2 dataset', '{"skills": "["羽毛球、辩论、绘画、阅读"]"}');
INSERT INTO student_profile (user_id, interest_tags, weekly_free_hours, commitment_level, personality_type) VALUES (1597, '["羽毛球、辩论、绘画、阅读"]', 10, 'MED', 'EXPLORER');
INSERT INTO sys_user (id, school_email, password) VALUES (1598, 'u20240598', 'Campus@20248654');
INSERT INTO student_resume (user_id, real_name, contact_phone, major, personal_statement, raw_text, structured_data) VALUES (1598, '胡泽', '156738503670', '数学与应用数学', '来自 信息工程学院 2024级 级', 'Imported from V2 dataset', '{"skills": "["跑步、短视频、旅行、设计"]"}');
INSERT INTO student_profile (user_id, interest_tags, weekly_free_hours, commitment_level, personality_type) VALUES (1598, '["跑步、短视频、旅行、设计"]', 10, 'MED', 'EXPLORER');
INSERT INTO sys_user (id, school_email, password) VALUES (1599, 'u20240599', 'Campus@20248727');
INSERT INTO student_resume (user_id, real_name, contact_phone, major, personal_statement, raw_text, structured_data) VALUES (1599, '林启霖', '132340762999', '数据科学与大数据技术', '来自 法学院 2024级 级', 'Imported from V2 dataset', '{"skills": "["音乐、志愿服务、摄影、绘画"]"}');
INSERT INTO student_profile (user_id, interest_tags, weekly_free_hours, commitment_level, personality_type) VALUES (1599, '["音乐、志愿服务、摄影、绘画"]', 10, 'MED', 'EXPLORER');
INSERT INTO sys_user (id, school_email, password) VALUES (1600, 'u20240600', 'Campus@20248800');
INSERT INTO student_resume (user_id, real_name, contact_phone, major, personal_statement, raw_text, structured_data) VALUES (1600, '郭睿轩', '156940606058', '会计学', '来自 外国语学院 2024级 级', 'Imported from V2 dataset', '{"skills": "["绘画、辩论、公益、桌游"]"}');
INSERT INTO student_profile (user_id, interest_tags, weekly_free_hours, commitment_level, personality_type) VALUES (1600, '["绘画、辩论、公益、桌游"]', 10, 'MED', 'EXPLORER');
INSERT INTO sys_user (id, school_email, password) VALUES (1601, 'u20250601', 'Campus@20258873');
INSERT INTO student_resume (user_id, real_name, contact_phone, major, personal_statement, raw_text, structured_data) VALUES (1601, '于晨歌', '133153611331', '会计学', '来自 新闻传播学院 2025级 级', 'Imported from V2 dataset', '{"skills": "["设计、羽毛球、辩论、音乐"]"}');
INSERT INTO student_profile (user_id, interest_tags, weekly_free_hours, commitment_level, personality_type) VALUES (1601, '["设计、羽毛球、辩论、音乐"]', 10, 'MED', 'EXPLORER');
INSERT INTO sys_user (id, school_email, password) VALUES (1602, 'u20250602', 'Campus@20258946');
INSERT INTO student_resume (user_id, real_name, contact_phone, major, personal_statement, raw_text, structured_data) VALUES (1602, '董子然', '175892222398', '软件工程', '来自 计算机学院 2025级 级', 'Imported from V2 dataset', '{"skills": "["桌游、羽毛球、旅行、音乐"]"}');
INSERT INTO student_profile (user_id, interest_tags, weekly_free_hours, commitment_level, personality_type) VALUES (1602, '["桌游、羽毛球、旅行、音乐"]', 10, 'MED', 'EXPLORER');
INSERT INTO sys_user (id, school_email, password) VALUES (1603, 'u20250603', 'Campus@20259019');
INSERT INTO student_resume (user_id, real_name, contact_phone, major, personal_statement, raw_text, structured_data) VALUES (1603, '赵睿雯', '154565366425', '数字媒体技术', '来自 教育学院 2025级 级', 'Imported from V2 dataset', '{"skills": "["短视频、志愿服务、阅读、电影"]"}');
INSERT INTO student_profile (user_id, interest_tags, weekly_free_hours, commitment_level, personality_type) VALUES (1603, '["短视频、志愿服务、阅读、电影"]', 10, 'MED', 'EXPLORER');
INSERT INTO sys_user (id, school_email, password) VALUES (1604, 'u20250604', 'Campus@20259092');
INSERT INTO student_resume (user_id, real_name, contact_phone, major, personal_statement, raw_text, structured_data) VALUES (1604, '谢明霖', '154642769497', '传播学', '来自 教育学院 2025级 级', 'Imported from V2 dataset', '{"skills": "["辩论、旅行、阅读、短视频"]"}');
INSERT INTO student_profile (user_id, interest_tags, weekly_free_hours, commitment_level, personality_type) VALUES (1604, '["辩论、旅行、阅读、短视频"]', 10, 'MED', 'EXPLORER');
INSERT INTO sys_user (id, school_email, password) VALUES (1605, 'u20250605', 'Campus@20259165');
INSERT INTO student_resume (user_id, real_name, contact_phone, major, personal_statement, raw_text, structured_data) VALUES (1605, '刘意熙', '192448302724', '传播学', '来自 社会发展学院 2025级 级', 'Imported from V2 dataset', '{"skills": "["音乐、桌游、阅读、编程"]"}');
INSERT INTO student_profile (user_id, interest_tags, weekly_free_hours, commitment_level, personality_type) VALUES (1605, '["音乐、桌游、阅读、编程"]', 10, 'MED', 'EXPLORER');
INSERT INTO sys_user (id, school_email, password) VALUES (1606, 'u20250606', 'Campus@20259238');
INSERT INTO student_resume (user_id, real_name, contact_phone, major, personal_statement, raw_text, structured_data) VALUES (1606, '刘星岚', '188523882551', '自动化', '来自 文学院 2025级 级', 'Imported from V2 dataset', '{"skills": "["志愿服务、音乐、绘画、编程"]"}');
INSERT INTO student_profile (user_id, interest_tags, weekly_free_hours, commitment_level, personality_type) VALUES (1606, '["志愿服务、音乐、绘画、编程"]', 10, 'MED', 'EXPLORER');
INSERT INTO sys_user (id, school_email, password) VALUES (1607, 'u20250607', 'Campus@20259311');
INSERT INTO student_resume (user_id, real_name, contact_phone, major, personal_statement, raw_text, structured_data) VALUES (1607, '陈柏', '134874778438', '土木工程', '来自 新闻传播学院 2025级 级', 'Imported from V2 dataset', '{"skills": "["旅行、绘画、辩论、音乐"]"}');
INSERT INTO student_profile (user_id, interest_tags, weekly_free_hours, commitment_level, personality_type) VALUES (1607, '["旅行、绘画、辩论、音乐"]', 10, 'MED', 'EXPLORER');
INSERT INTO sys_user (id, school_email, password) VALUES (1608, 'u20250608', 'Campus@20259384');
INSERT INTO student_resume (user_id, real_name, contact_phone, major, personal_statement, raw_text, structured_data) VALUES (1608, '杨俊', '136357354145', '数学与应用数学', '来自 社会发展学院 2025级 级', 'Imported from V2 dataset', '{"skills": "["摄影、编程、桌游、羽毛球"]"}');
INSERT INTO student_profile (user_id, interest_tags, weekly_free_hours, commitment_level, personality_type) VALUES (1608, '["摄影、编程、桌游、羽毛球"]', 10, 'MED', 'EXPLORER');
INSERT INTO sys_user (id, school_email, password) VALUES (1609, 'u20250609', 'Campus@20259457');
INSERT INTO student_resume (user_id, real_name, contact_phone, major, personal_statement, raw_text, structured_data) VALUES (1609, '张雨璇', '184386949299', '汉语言文学', '来自 社会发展学院 2025级 级', 'Imported from V2 dataset', '{"skills": "["摄影、音乐、绘画、辩论"]"}');
INSERT INTO student_profile (user_id, interest_tags, weekly_free_hours, commitment_level, personality_type) VALUES (1609, '["摄影、音乐、绘画、辩论"]', 10, 'MED', 'EXPLORER');
INSERT INTO sys_user (id, school_email, password) VALUES (1610, 'u20250610', 'Campus@20259530');
INSERT INTO student_resume (user_id, real_name, contact_phone, major, personal_statement, raw_text, structured_data) VALUES (1610, '董嘉宸', '157157312945', '土木工程', '来自 计算机学院 2025级 级', 'Imported from V2 dataset', '{"skills": "["旅行、绘画、桌游、短视频"]"}');
INSERT INTO student_profile (user_id, interest_tags, weekly_free_hours, commitment_level, personality_type) VALUES (1610, '["旅行、绘画、桌游、短视频"]', 10, 'MED', 'EXPLORER');
INSERT INTO sys_user (id, school_email, password) VALUES (1611, 'u20250611', 'Campus@20259603');
INSERT INTO student_resume (user_id, real_name, contact_phone, major, personal_statement, raw_text, structured_data) VALUES (1611, '梁泽彤', '194096068196', '国际经济与贸易', '来自 教育学院 2025级 级', 'Imported from V2 dataset', '{"skills": "["辩论、编程、羽毛球、旅行"]"}');
INSERT INTO student_profile (user_id, interest_tags, weekly_free_hours, commitment_level, personality_type) VALUES (1611, '["辩论、编程、羽毛球、旅行"]', 10, 'MED', 'EXPLORER');
INSERT INTO sys_user (id, school_email, password) VALUES (1612, 'u20250612', 'Campus@20259676');
INSERT INTO student_resume (user_id, real_name, contact_phone, major, personal_statement, raw_text, structured_data) VALUES (1612, '杨乐', '174114911292', '金融学', '来自 新闻传播学院 2025级 级', 'Imported from V2 dataset', '{"skills": "["羽毛球、跑步、创业、短视频"]"}');
INSERT INTO student_profile (user_id, interest_tags, weekly_free_hours, commitment_level, personality_type) VALUES (1612, '["羽毛球、跑步、创业、短视频"]', 10, 'MED', 'EXPLORER');
INSERT INTO sys_user (id, school_email, password) VALUES (1613, 'u20250613', 'Campus@20259749');
INSERT INTO student_resume (user_id, real_name, contact_phone, major, personal_statement, raw_text, structured_data) VALUES (1613, '蔡诗', '134264854865', '统计学', '来自 新闻传播学院 2025级 级', 'Imported from V2 dataset', '{"skills": "["编程、跑步、绘画、羽毛球"]"}');
INSERT INTO student_profile (user_id, interest_tags, weekly_free_hours, commitment_level, personality_type) VALUES (1613, '["编程、跑步、绘画、羽毛球"]', 10, 'MED', 'EXPLORER');
INSERT INTO sys_user (id, school_email, password) VALUES (1614, 'u20250614', 'Campus@20259822');
INSERT INTO student_resume (user_id, real_name, contact_phone, major, personal_statement, raw_text, structured_data) VALUES (1614, '宋泽萌', '152152743196', '国际经济与贸易', '来自 社会发展学院 2025级 级', 'Imported from V2 dataset', '{"skills": "["创业、羽毛球、摄影、绘画"]"}');
INSERT INTO student_profile (user_id, interest_tags, weekly_free_hours, commitment_level, personality_type) VALUES (1614, '["创业、羽毛球、摄影、绘画"]', 10, 'MED', 'EXPLORER');
INSERT INTO sys_user (id, school_email, password) VALUES (1615, 'u20250615', 'Campus@20259895');
INSERT INTO student_resume (user_id, real_name, contact_phone, major, personal_statement, raw_text, structured_data) VALUES (1615, '黄明洋', '189365577815', '数据科学与大数据技术', '来自 理学院 2025级 级', 'Imported from V2 dataset', '{"skills": "["志愿服务、辩论、跑步、摄影"]"}');
INSERT INTO student_profile (user_id, interest_tags, weekly_free_hours, commitment_level, personality_type) VALUES (1615, '["志愿服务、辩论、跑步、摄影"]', 10, 'MED', 'EXPLORER');
INSERT INTO sys_user (id, school_email, password) VALUES (1616, 'u20250616', 'Campus@20259968');
INSERT INTO student_resume (user_id, real_name, contact_phone, major, personal_statement, raw_text, structured_data) VALUES (1616, '蒋乐妍', '185487303281', '金融学', '来自 法学院 2025级 级', 'Imported from V2 dataset', '{"skills": "["羽毛球、旅行、音乐、绘画"]"}');
INSERT INTO student_profile (user_id, interest_tags, weekly_free_hours, commitment_level, personality_type) VALUES (1616, '["羽毛球、旅行、音乐、绘画"]', 10, 'MED', 'EXPLORER');
INSERT INTO sys_user (id, school_email, password) VALUES (1617, 'u20250617', 'Campus@20251041');
INSERT INTO student_resume (user_id, real_name, contact_phone, major, personal_statement, raw_text, structured_data) VALUES (1617, '蔡卓', '174484941998', '心理学', '来自 计算机学院 2025级 级', 'Imported from V2 dataset', '{"skills": "["阅读、摄影、音乐、公益"]"}');
INSERT INTO student_profile (user_id, interest_tags, weekly_free_hours, commitment_level, personality_type) VALUES (1617, '["阅读、摄影、音乐、公益"]', 10, 'MED', 'EXPLORER');
INSERT INTO sys_user (id, school_email, password) VALUES (1618, 'u20250618', 'Campus@20251114');
INSERT INTO student_resume (user_id, real_name, contact_phone, major, personal_statement, raw_text, structured_data) VALUES (1618, '余安', '152194897286', '金融学', '来自 环境科学学院 2025级 级', 'Imported from V2 dataset', '{"skills": "["音乐、设计、桌游、旅行"]"}');
INSERT INTO student_profile (user_id, interest_tags, weekly_free_hours, commitment_level, personality_type) VALUES (1618, '["音乐、设计、桌游、旅行"]', 10, 'MED', 'EXPLORER');
INSERT INTO sys_user (id, school_email, password) VALUES (1619, 'u20250619', 'Campus@20251187');
INSERT INTO student_resume (user_id, real_name, contact_phone, major, personal_statement, raw_text, structured_data) VALUES (1619, '朱思雯', '187653703868', '英语', '来自 外国语学院 2025级 级', 'Imported from V2 dataset', '{"skills": "["阅读、电影、摄影、跑步"]"}');
INSERT INTO student_profile (user_id, interest_tags, weekly_free_hours, commitment_level, personality_type) VALUES (1619, '["阅读、电影、摄影、跑步"]', 10, 'MED', 'EXPLORER');
INSERT INTO sys_user (id, school_email, password) VALUES (1620, 'u20250620', 'Campus@20251260');
INSERT INTO student_resume (user_id, real_name, contact_phone, major, personal_statement, raw_text, structured_data) VALUES (1620, '王南', '192977324447', '法学', '来自 新闻传播学院 2025级 级', 'Imported from V2 dataset', '{"skills": "["公益、跑步、旅行、志愿服务"]"}');
INSERT INTO student_profile (user_id, interest_tags, weekly_free_hours, commitment_level, personality_type) VALUES (1620, '["公益、跑步、旅行、志愿服务"]', 10, 'MED', 'EXPLORER');
INSERT INTO sys_user (id, school_email, password) VALUES (1621, 'u20250621', 'Campus@20251333');
INSERT INTO student_resume (user_id, real_name, contact_phone, major, personal_statement, raw_text, structured_data) VALUES (1621, '胡柏菲', '156230143642', '土木工程', '来自 文学院 2025级 级', 'Imported from V2 dataset', '{"skills": "["短视频、桌游、跑步、绘画"]"}');
INSERT INTO student_profile (user_id, interest_tags, weekly_free_hours, commitment_level, personality_type) VALUES (1621, '["短视频、桌游、跑步、绘画"]', 10, 'MED', 'EXPLORER');
INSERT INTO sys_user (id, school_email, password) VALUES (1622, 'u20250622', 'Campus@20251406');
INSERT INTO student_resume (user_id, real_name, contact_phone, major, personal_statement, raw_text, structured_data) VALUES (1622, '李若', '195126238800', '传播学', '来自 经济管理学院 2025级 级', 'Imported from V2 dataset', '{"skills": "["辩论、电影、绘画、短视频"]"}');
INSERT INTO student_profile (user_id, interest_tags, weekly_free_hours, commitment_level, personality_type) VALUES (1622, '["辩论、电影、绘画、短视频"]', 10, 'MED', 'EXPLORER');
INSERT INTO sys_user (id, school_email, password) VALUES (1623, 'u20250623', 'Campus@20251479');
INSERT INTO student_resume (user_id, real_name, contact_phone, major, personal_statement, raw_text, structured_data) VALUES (1623, '朱星雅', '179861299060', '社会学', '来自 文学院 2025级 级', 'Imported from V2 dataset', '{"skills": "["设计、摄影、编程、音乐"]"}');
INSERT INTO student_profile (user_id, interest_tags, weekly_free_hours, commitment_level, personality_type) VALUES (1623, '["设计、摄影、编程、音乐"]', 10, 'MED', 'EXPLORER');
INSERT INTO sys_user (id, school_email, password) VALUES (1624, 'u20250624', 'Campus@20251552');
INSERT INTO student_resume (user_id, real_name, contact_phone, major, personal_statement, raw_text, structured_data) VALUES (1624, '王浩', '193429912135', '软件工程', '来自 理学院 2025级 级', 'Imported from V2 dataset', '{"skills": "["短视频、摄影、志愿服务、跑步"]"}');
INSERT INTO student_profile (user_id, interest_tags, weekly_free_hours, commitment_level, personality_type) VALUES (1624, '["短视频、摄影、志愿服务、跑步"]', 10, 'MED', 'EXPLORER');
INSERT INTO sys_user (id, school_email, password) VALUES (1625, 'u20250625', 'Campus@20251625');
INSERT INTO student_resume (user_id, real_name, contact_phone, major, personal_statement, raw_text, structured_data) VALUES (1625, '曾雨', '156334818785', '信息管理与信息系统', '来自 外国语学院 2025级 级', 'Imported from V2 dataset', '{"skills": "["创业、绘画、摄影、短视频"]"}');
INSERT INTO student_profile (user_id, interest_tags, weekly_free_hours, commitment_level, personality_type) VALUES (1625, '["创业、绘画、摄影、短视频"]', 10, 'MED', 'EXPLORER');
INSERT INTO sys_user (id, school_email, password) VALUES (1626, 'u20250626', 'Campus@20251698');
INSERT INTO student_resume (user_id, real_name, contact_phone, major, personal_statement, raw_text, structured_data) VALUES (1626, '周柏', '199162366170', '汉语言文学', '来自 建筑工程学院 2025级 级', 'Imported from V2 dataset', '{"skills": "["辩论、跑步、绘画、羽毛球"]"}');
INSERT INTO student_profile (user_id, interest_tags, weekly_free_hours, commitment_level, personality_type) VALUES (1626, '["辩论、跑步、绘画、羽毛球"]', 10, 'MED', 'EXPLORER');
INSERT INTO sys_user (id, school_email, password) VALUES (1627, 'u20250627', 'Campus@20251771');
INSERT INTO student_resume (user_id, real_name, contact_phone, major, personal_statement, raw_text, structured_data) VALUES (1627, '杨乔霏', '196277223535', '机械设计制造及其自动化', '来自 外国语学院 2025级 级', 'Imported from V2 dataset', '{"skills": "["阅读、志愿服务、编程、短视频"]"}');
INSERT INTO student_profile (user_id, interest_tags, weekly_free_hours, commitment_level, personality_type) VALUES (1627, '["阅读、志愿服务、编程、短视频"]', 10, 'MED', 'EXPLORER');
INSERT INTO sys_user (id, school_email, password) VALUES (1628, 'u20250628', 'Campus@20251844');
INSERT INTO student_resume (user_id, real_name, contact_phone, major, personal_statement, raw_text, structured_data) VALUES (1628, '潘景岚', '171367762602', '工商管理', '来自 建筑工程学院 2025级 级', 'Imported from V2 dataset', '{"skills": "["音乐、辩论、摄影、编程"]"}');
INSERT INTO student_profile (user_id, interest_tags, weekly_free_hours, commitment_level, personality_type) VALUES (1628, '["音乐、辩论、摄影、编程"]', 10, 'MED', 'EXPLORER');
INSERT INTO sys_user (id, school_email, password) VALUES (1629, 'u20250629', 'Campus@20251917');
INSERT INTO student_resume (user_id, real_name, contact_phone, major, personal_statement, raw_text, structured_data) VALUES (1629, '刘诗远', '158017996982', '传播学', '来自 环境科学学院 2025级 级', 'Imported from V2 dataset', '{"skills": "["摄影、创业、设计、旅行"]"}');
INSERT INTO student_profile (user_id, interest_tags, weekly_free_hours, commitment_level, personality_type) VALUES (1629, '["摄影、创业、设计、旅行"]', 10, 'MED', 'EXPLORER');
INSERT INTO sys_user (id, school_email, password) VALUES (1630, 'u20250630', 'Campus@20251990');
INSERT INTO student_resume (user_id, real_name, contact_phone, major, personal_statement, raw_text, structured_data) VALUES (1630, '马思然', '181199628211', '数学与应用数学', '来自 理学院 2025级 级', 'Imported from V2 dataset', '{"skills": "["桌游、公益、编程、绘画"]"}');
INSERT INTO student_profile (user_id, interest_tags, weekly_free_hours, commitment_level, personality_type) VALUES (1630, '["桌游、公益、编程、绘画"]', 10, 'MED', 'EXPLORER');
INSERT INTO sys_user (id, school_email, password) VALUES (1631, 'u20250631', 'Campus@20252063');
INSERT INTO student_resume (user_id, real_name, contact_phone, major, personal_statement, raw_text, structured_data) VALUES (1631, '曾若萱', '156280443469', '自动化', '来自 文学院 2025级 级', 'Imported from V2 dataset', '{"skills": "["摄影、创业、桌游、短视频"]"}');
INSERT INTO student_profile (user_id, interest_tags, weekly_free_hours, commitment_level, personality_type) VALUES (1631, '["摄影、创业、桌游、短视频"]', 10, 'MED', 'EXPLORER');
INSERT INTO sys_user (id, school_email, password) VALUES (1632, 'u20250632', 'Campus@20252136');
INSERT INTO student_resume (user_id, real_name, contact_phone, major, personal_statement, raw_text, structured_data) VALUES (1632, '梁泽航', '176034421992', '市场营销', '来自 社会发展学院 2025级 级', 'Imported from V2 dataset', '{"skills": "["电影、绘画、志愿服务、编程"]"}');
INSERT INTO student_profile (user_id, interest_tags, weekly_free_hours, commitment_level, personality_type) VALUES (1632, '["电影、绘画、志愿服务、编程"]', 10, 'MED', 'EXPLORER');
INSERT INTO sys_user (id, school_email, password) VALUES (1633, 'u20250633', 'Campus@20252209');
INSERT INTO student_resume (user_id, real_name, contact_phone, major, personal_statement, raw_text, structured_data) VALUES (1633, '吴睿瑶', '191469124000', '法学', '来自 法学院 2025级 级', 'Imported from V2 dataset', '{"skills": "["羽毛球、辩论、志愿服务、公益"]"}');
INSERT INTO student_profile (user_id, interest_tags, weekly_free_hours, commitment_level, personality_type) VALUES (1633, '["羽毛球、辩论、志愿服务、公益"]', 10, 'MED', 'EXPLORER');
INSERT INTO sys_user (id, school_email, password) VALUES (1634, 'u20250634', 'Campus@20252282');
INSERT INTO student_resume (user_id, real_name, contact_phone, major, personal_statement, raw_text, structured_data) VALUES (1634, '周浩', '188532705629', '社会学', '来自 文学院 2025级 级', 'Imported from V2 dataset', '{"skills": "["辩论、羽毛球、公益、创业"]"}');
INSERT INTO student_profile (user_id, interest_tags, weekly_free_hours, commitment_level, personality_type) VALUES (1634, '["辩论、羽毛球、公益、创业"]', 10, 'MED', 'EXPLORER');
INSERT INTO sys_user (id, school_email, password) VALUES (1635, 'u20250635', 'Campus@20252355');
INSERT INTO student_resume (user_id, real_name, contact_phone, major, personal_statement, raw_text, structured_data) VALUES (1635, '何乔言', '181465769814', '国际经济与贸易', '来自 法学院 2025级 级', 'Imported from V2 dataset', '{"skills": "["跑步、辩论、编程、电影"]"}');
INSERT INTO student_profile (user_id, interest_tags, weekly_free_hours, commitment_level, personality_type) VALUES (1635, '["跑步、辩论、编程、电影"]', 10, 'MED', 'EXPLORER');
INSERT INTO sys_user (id, school_email, password) VALUES (1636, 'u20250636', 'Campus@20252428');
INSERT INTO student_resume (user_id, real_name, contact_phone, major, personal_statement, raw_text, structured_data) VALUES (1636, '余景朗', '191196376425', '汉语言文学', '来自 信息工程学院 2025级 级', 'Imported from V2 dataset', '{"skills": "["羽毛球、桌游、跑步、阅读"]"}');
INSERT INTO student_profile (user_id, interest_tags, weekly_free_hours, commitment_level, personality_type) VALUES (1636, '["羽毛球、桌游、跑步、阅读"]', 10, 'MED', 'EXPLORER');
INSERT INTO sys_user (id, school_email, password) VALUES (1637, 'u20250637', 'Campus@20252501');
INSERT INTO student_resume (user_id, real_name, contact_phone, major, personal_statement, raw_text, structured_data) VALUES (1637, '蔡佳', '178686453669', '计算机科学与技术', '来自 新闻传播学院 2025级 级', 'Imported from V2 dataset', '{"skills": "["摄影、旅行、公益、音乐"]"}');
INSERT INTO student_profile (user_id, interest_tags, weekly_free_hours, commitment_level, personality_type) VALUES (1637, '["摄影、旅行、公益、音乐"]', 10, 'MED', 'EXPLORER');
INSERT INTO sys_user (id, school_email, password) VALUES (1638, 'u20250638', 'Campus@20252574');
INSERT INTO student_resume (user_id, real_name, contact_phone, major, personal_statement, raw_text, structured_data) VALUES (1638, '田宇歌', '158753914884', '社会学', '来自 法学院 2025级 级', 'Imported from V2 dataset', '{"skills": "["公益、羽毛球、阅读、志愿服务"]"}');
INSERT INTO student_profile (user_id, interest_tags, weekly_free_hours, commitment_level, personality_type) VALUES (1638, '["公益、羽毛球、阅读、志愿服务"]', 10, 'MED', 'EXPLORER');
INSERT INTO sys_user (id, school_email, password) VALUES (1639, 'u20250639', 'Campus@20252647');
INSERT INTO student_resume (user_id, real_name, contact_phone, major, personal_statement, raw_text, structured_data) VALUES (1639, '田文朗', '138418083171', '市场营销', '来自 计算机学院 2025级 级', 'Imported from V2 dataset', '{"skills": "["绘画、桌游、旅行、志愿服务"]"}');
INSERT INTO student_profile (user_id, interest_tags, weekly_free_hours, commitment_level, personality_type) VALUES (1639, '["绘画、桌游、旅行、志愿服务"]', 10, 'MED', 'EXPLORER');
INSERT INTO sys_user (id, school_email, password) VALUES (1640, 'u20250640', 'Campus@20252720');
INSERT INTO student_resume (user_id, real_name, contact_phone, major, personal_statement, raw_text, structured_data) VALUES (1640, '董柏璇', '175685881812', '英语', '来自 经济管理学院 2025级 级', 'Imported from V2 dataset', '{"skills": "["绘画、电影、设计、桌游"]"}');
INSERT INTO student_profile (user_id, interest_tags, weekly_free_hours, commitment_level, personality_type) VALUES (1640, '["绘画、电影、设计、桌游"]', 10, 'MED', 'EXPLORER');
INSERT INTO sys_user (id, school_email, password) VALUES (1641, 'u20250641', 'Campus@20252793');
INSERT INTO student_resume (user_id, real_name, contact_phone, major, personal_statement, raw_text, structured_data) VALUES (1641, '张星琪', '186175233203', '机械设计制造及其自动化', '来自 社会发展学院 2025级 级', 'Imported from V2 dataset', '{"skills": "["创业、音乐、绘画、志愿服务"]"}');
INSERT INTO student_profile (user_id, interest_tags, weekly_free_hours, commitment_level, personality_type) VALUES (1641, '["创业、音乐、绘画、志愿服务"]', 10, 'MED', 'EXPLORER');
INSERT INTO sys_user (id, school_email, password) VALUES (1642, 'u20250642', 'Campus@20252866');
INSERT INTO student_resume (user_id, real_name, contact_phone, major, personal_statement, raw_text, structured_data) VALUES (1642, '余博婷', '197072702645', '市场营销', '来自 文学院 2025级 级', 'Imported from V2 dataset', '{"skills": "["阅读、绘画、志愿服务、桌游"]"}');
INSERT INTO student_profile (user_id, interest_tags, weekly_free_hours, commitment_level, personality_type) VALUES (1642, '["阅读、绘画、志愿服务、桌游"]', 10, 'MED', 'EXPLORER');
INSERT INTO sys_user (id, school_email, password) VALUES (1643, 'u20250643', 'Campus@20252939');
INSERT INTO student_resume (user_id, real_name, contact_phone, major, personal_statement, raw_text, structured_data) VALUES (1643, '杨博晗', '181919798856', '心理学', '来自 经济管理学院 2025级 级', 'Imported from V2 dataset', '{"skills": "["羽毛球、设计、绘画、志愿服务"]"}');
INSERT INTO student_profile (user_id, interest_tags, weekly_free_hours, commitment_level, personality_type) VALUES (1643, '["羽毛球、设计、绘画、志愿服务"]', 10, 'MED', 'EXPLORER');
INSERT INTO sys_user (id, school_email, password) VALUES (1644, 'u20250644', 'Campus@20253012');
INSERT INTO student_resume (user_id, real_name, contact_phone, major, personal_statement, raw_text, structured_data) VALUES (1644, '马诗屿', '156744997158', '英语', '来自 法学院 2025级 级', 'Imported from V2 dataset', '{"skills": "["桌游、短视频、编程、辩论"]"}');
INSERT INTO student_profile (user_id, interest_tags, weekly_free_hours, commitment_level, personality_type) VALUES (1644, '["桌游、短视频、编程、辩论"]', 10, 'MED', 'EXPLORER');
INSERT INTO sys_user (id, school_email, password) VALUES (1645, 'u20250645', 'Campus@20253085');
INSERT INTO student_resume (user_id, real_name, contact_phone, major, personal_statement, raw_text, structured_data) VALUES (1645, '罗乐桐', '135374597543', '环境工程', '来自 计算机学院 2025级 级', 'Imported from V2 dataset', '{"skills": "["绘画、电影、阅读、短视频"]"}');
INSERT INTO student_profile (user_id, interest_tags, weekly_free_hours, commitment_level, personality_type) VALUES (1645, '["绘画、电影、阅读、短视频"]', 10, 'MED', 'EXPLORER');
INSERT INTO sys_user (id, school_email, password) VALUES (1646, 'u20250646', 'Campus@20253158');
INSERT INTO student_resume (user_id, real_name, contact_phone, major, personal_statement, raw_text, structured_data) VALUES (1646, '马言洋', '195881162268', '心理学', '来自 理学院 2025级 级', 'Imported from V2 dataset', '{"skills": "["旅行、羽毛球、桌游、创业"]"}');
INSERT INTO student_profile (user_id, interest_tags, weekly_free_hours, commitment_level, personality_type) VALUES (1646, '["旅行、羽毛球、桌游、创业"]', 10, 'MED', 'EXPLORER');
INSERT INTO sys_user (id, school_email, password) VALUES (1647, 'u20250647', 'Campus@20253231');
INSERT INTO student_resume (user_id, real_name, contact_phone, major, personal_statement, raw_text, structured_data) VALUES (1647, '蔡文', '138336927641', '人工智能', '来自 新闻传播学院 2025级 级', 'Imported from V2 dataset', '{"skills": "["公益、创业、编程、设计"]"}');
INSERT INTO student_profile (user_id, interest_tags, weekly_free_hours, commitment_level, personality_type) VALUES (1647, '["公益、创业、编程、设计"]', 10, 'MED', 'EXPLORER');
INSERT INTO sys_user (id, school_email, password) VALUES (1648, 'u20250648', 'Campus@20253304');
INSERT INTO student_resume (user_id, real_name, contact_phone, major, personal_statement, raw_text, structured_data) VALUES (1648, '唐星然', '175719933878', '国际经济与贸易', '来自 环境科学学院 2025级 级', 'Imported from V2 dataset', '{"skills": "["跑步、公益、辩论、绘画"]"}');
INSERT INTO student_profile (user_id, interest_tags, weekly_free_hours, commitment_level, personality_type) VALUES (1648, '["跑步、公益、辩论、绘画"]', 10, 'MED', 'EXPLORER');
INSERT INTO sys_user (id, school_email, password) VALUES (1649, 'u20250649', 'Campus@20253377');
INSERT INTO student_resume (user_id, real_name, contact_phone, major, personal_statement, raw_text, structured_data) VALUES (1649, '刘天远', '191727961554', '生物工程', '来自 经济管理学院 2025级 级', 'Imported from V2 dataset', '{"skills": "["摄影、音乐、编程、公益"]"}');
INSERT INTO student_profile (user_id, interest_tags, weekly_free_hours, commitment_level, personality_type) VALUES (1649, '["摄影、音乐、编程、公益"]', 10, 'MED', 'EXPLORER');
INSERT INTO sys_user (id, school_email, password) VALUES (1650, 'u20250650', 'Campus@20253450');
INSERT INTO student_resume (user_id, real_name, contact_phone, major, personal_statement, raw_text, structured_data) VALUES (1650, '蒋若轩', '197687527834', '汉语言文学', '来自 外国语学院 2025级 级', 'Imported from V2 dataset', '{"skills": "["电影、旅行、绘画、辩论"]"}');
INSERT INTO student_profile (user_id, interest_tags, weekly_free_hours, commitment_level, personality_type) VALUES (1650, '["电影、旅行、绘画、辩论"]', 10, 'MED', 'EXPLORER');
INSERT INTO sys_user (id, school_email, password) VALUES (1651, 'u20250651', 'Campus@20253523');
INSERT INTO student_resume (user_id, real_name, contact_phone, major, personal_statement, raw_text, structured_data) VALUES (1651, '梁意晗', '188696812169', '计算机科学与技术', '来自 法学院 2025级 级', 'Imported from V2 dataset', '{"skills": "["辩论、跑步、创业、公益"]"}');
INSERT INTO student_profile (user_id, interest_tags, weekly_free_hours, commitment_level, personality_type) VALUES (1651, '["辩论、跑步、创业、公益"]', 10, 'MED', 'EXPLORER');
INSERT INTO sys_user (id, school_email, password) VALUES (1652, 'u20250652', 'Campus@20253596');
INSERT INTO student_resume (user_id, real_name, contact_phone, major, personal_statement, raw_text, structured_data) VALUES (1652, '董俊萌', '199756497496', '工商管理', '来自 建筑工程学院 2025级 级', 'Imported from V2 dataset', '{"skills": "["短视频、桌游、辩论、阅读"]"}');
INSERT INTO student_profile (user_id, interest_tags, weekly_free_hours, commitment_level, personality_type) VALUES (1652, '["短视频、桌游、辩论、阅读"]', 10, 'MED', 'EXPLORER');
INSERT INTO sys_user (id, school_email, password) VALUES (1653, 'u20250653', 'Campus@20253669');
INSERT INTO student_resume (user_id, real_name, contact_phone, major, personal_statement, raw_text, structured_data) VALUES (1653, '张佳沫', '183177813533', '传播学', '来自 建筑工程学院 2025级 级', 'Imported from V2 dataset', '{"skills": "["旅行、公益、创业、摄影"]"}');
INSERT INTO student_profile (user_id, interest_tags, weekly_free_hours, commitment_level, personality_type) VALUES (1653, '["旅行、公益、创业、摄影"]', 10, 'MED', 'EXPLORER');
INSERT INTO sys_user (id, school_email, password) VALUES (1654, 'u20250654', 'Campus@20253742');
INSERT INTO student_resume (user_id, real_name, contact_phone, major, personal_statement, raw_text, structured_data) VALUES (1654, '彭星菲', '158617472737', '法学', '来自 文学院 2025级 级', 'Imported from V2 dataset', '{"skills": "["羽毛球、绘画、编程、跑步"]"}');
INSERT INTO student_profile (user_id, interest_tags, weekly_free_hours, commitment_level, personality_type) VALUES (1654, '["羽毛球、绘画、编程、跑步"]', 10, 'MED', 'EXPLORER');
INSERT INTO sys_user (id, school_email, password) VALUES (1655, 'u20250655', 'Campus@20253815');
INSERT INTO student_resume (user_id, real_name, contact_phone, major, personal_statement, raw_text, structured_data) VALUES (1655, '吴言辰', '184492723364', '社会学', '来自 社会发展学院 2025级 级', 'Imported from V2 dataset', '{"skills": "["羽毛球、创业、绘画、旅行"]"}');
INSERT INTO student_profile (user_id, interest_tags, weekly_free_hours, commitment_level, personality_type) VALUES (1655, '["羽毛球、创业、绘画、旅行"]', 10, 'MED', 'EXPLORER');
INSERT INTO sys_user (id, school_email, password) VALUES (1656, 'u20250656', 'Campus@20253888');
INSERT INTO student_resume (user_id, real_name, contact_phone, major, personal_statement, raw_text, structured_data) VALUES (1656, '林欣霏', '196277773073', '数字媒体技术', '来自 建筑工程学院 2025级 级', 'Imported from V2 dataset', '{"skills": "["绘画、短视频、志愿服务、辩论"]"}');
INSERT INTO student_profile (user_id, interest_tags, weekly_free_hours, commitment_level, personality_type) VALUES (1656, '["绘画、短视频、志愿服务、辩论"]', 10, 'MED', 'EXPLORER');
INSERT INTO sys_user (id, school_email, password) VALUES (1657, 'u20250657', 'Campus@20253961');
INSERT INTO student_resume (user_id, real_name, contact_phone, major, personal_statement, raw_text, structured_data) VALUES (1657, '周浩菲', '137366931933', '心理学', '来自 文学院 2025级 级', 'Imported from V2 dataset', '{"skills": "["辩论、摄影、志愿服务、短视频"]"}');
INSERT INTO student_profile (user_id, interest_tags, weekly_free_hours, commitment_level, personality_type) VALUES (1657, '["辩论、摄影、志愿服务、短视频"]', 10, 'MED', 'EXPLORER');
INSERT INTO sys_user (id, school_email, password) VALUES (1658, 'u20250658', 'Campus@20254034');
INSERT INTO student_resume (user_id, real_name, contact_phone, major, personal_statement, raw_text, structured_data) VALUES (1658, '董子萱', '189761862759', '建筑学', '来自 经济管理学院 2025级 级', 'Imported from V2 dataset', '{"skills": "["电影、阅读、公益、志愿服务"]"}');
INSERT INTO student_profile (user_id, interest_tags, weekly_free_hours, commitment_level, personality_type) VALUES (1658, '["电影、阅读、公益、志愿服务"]', 10, 'MED', 'EXPLORER');
INSERT INTO sys_user (id, school_email, password) VALUES (1659, 'u20250659', 'Campus@20254107');
INSERT INTO student_resume (user_id, real_name, contact_phone, major, personal_statement, raw_text, structured_data) VALUES (1659, '李卓', '174163706042', '社会学', '来自 理学院 2025级 级', 'Imported from V2 dataset', '{"skills": "["辩论、志愿服务、羽毛球、桌游"]"}');
INSERT INTO student_profile (user_id, interest_tags, weekly_free_hours, commitment_level, personality_type) VALUES (1659, '["辩论、志愿服务、羽毛球、桌游"]', 10, 'MED', 'EXPLORER');
INSERT INTO sys_user (id, school_email, password) VALUES (1660, 'u20250660', 'Campus@20254180');
INSERT INTO student_resume (user_id, real_name, contact_phone, major, personal_statement, raw_text, structured_data) VALUES (1660, '梁乔沫', '171380099539', '生物工程', '来自 环境科学学院 2025级 级', 'Imported from V2 dataset', '{"skills": "["羽毛球、旅行、桌游、短视频"]"}');
INSERT INTO student_profile (user_id, interest_tags, weekly_free_hours, commitment_level, personality_type) VALUES (1660, '["羽毛球、旅行、桌游、短视频"]', 10, 'MED', 'EXPLORER');
INSERT INTO sys_user (id, school_email, password) VALUES (1661, 'u20250661', 'Campus@20254253');
INSERT INTO student_resume (user_id, real_name, contact_phone, major, personal_statement, raw_text, structured_data) VALUES (1661, '孙柏悦', '176329864070', '数字媒体技术', '来自 教育学院 2025级 级', 'Imported from V2 dataset', '{"skills": "["摄影、辩论、公益、志愿服务"]"}');
INSERT INTO student_profile (user_id, interest_tags, weekly_free_hours, commitment_level, personality_type) VALUES (1661, '["摄影、辩论、公益、志愿服务"]', 10, 'MED', 'EXPLORER');
INSERT INTO sys_user (id, school_email, password) VALUES (1662, 'u20250662', 'Campus@20254326');
INSERT INTO student_resume (user_id, real_name, contact_phone, major, personal_statement, raw_text, structured_data) VALUES (1662, '袁知琪', '155661571611', '心理学', '来自 计算机学院 2025级 级', 'Imported from V2 dataset', '{"skills": "["创业、阅读、跑步、设计"]"}');
INSERT INTO student_profile (user_id, interest_tags, weekly_free_hours, commitment_level, personality_type) VALUES (1662, '["创业、阅读、跑步、设计"]', 10, 'MED', 'EXPLORER');
INSERT INTO sys_user (id, school_email, password) VALUES (1663, 'u20250663', 'Campus@20254399');
INSERT INTO student_resume (user_id, real_name, contact_phone, major, personal_statement, raw_text, structured_data) VALUES (1663, '何嘉', '196712861634', '数据科学与大数据技术', '来自 教育学院 2025级 级', 'Imported from V2 dataset', '{"skills": "["电影、桌游、跑步、公益"]"}');
INSERT INTO student_profile (user_id, interest_tags, weekly_free_hours, commitment_level, personality_type) VALUES (1663, '["电影、桌游、跑步、公益"]', 10, 'MED', 'EXPLORER');
INSERT INTO sys_user (id, school_email, password) VALUES (1664, 'u20250664', 'Campus@20254472');
INSERT INTO student_resume (user_id, real_name, contact_phone, major, personal_statement, raw_text, structured_data) VALUES (1664, '杨可言', '187881292094', '数学与应用数学', '来自 经济管理学院 2025级 级', 'Imported from V2 dataset', '{"skills": "["编程、羽毛球、公益、桌游"]"}');
INSERT INTO student_profile (user_id, interest_tags, weekly_free_hours, commitment_level, personality_type) VALUES (1664, '["编程、羽毛球、公益、桌游"]', 10, 'MED', 'EXPLORER');
INSERT INTO sys_user (id, school_email, password) VALUES (1665, 'u20250665', 'Campus@20254545');
INSERT INTO student_resume (user_id, real_name, contact_phone, major, personal_statement, raw_text, structured_data) VALUES (1665, '林亦珂', '156472473748', '软件工程', '来自 建筑工程学院 2025级 级', 'Imported from V2 dataset', '{"skills": "["阅读、短视频、旅行、辩论"]"}');
INSERT INTO student_profile (user_id, interest_tags, weekly_free_hours, commitment_level, personality_type) VALUES (1665, '["阅读、短视频、旅行、辩论"]', 10, 'MED', 'EXPLORER');
INSERT INTO sys_user (id, school_email, password) VALUES (1666, 'u20250666', 'Campus@20254618');
INSERT INTO student_resume (user_id, real_name, contact_phone, major, personal_statement, raw_text, structured_data) VALUES (1666, '陈诗菲', '179836058793', '金融学', '来自 经济管理学院 2025级 级', 'Imported from V2 dataset', '{"skills": "["绘画、电影、创业、辩论"]"}');
INSERT INTO student_profile (user_id, interest_tags, weekly_free_hours, commitment_level, personality_type) VALUES (1666, '["绘画、电影、创业、辩论"]', 10, 'MED', 'EXPLORER');
INSERT INTO sys_user (id, school_email, password) VALUES (1667, 'u20250667', 'Campus@20254691');
INSERT INTO student_resume (user_id, real_name, contact_phone, major, personal_statement, raw_text, structured_data) VALUES (1667, '赵诗', '193821182828', '传播学', '来自 文学院 2025级 级', 'Imported from V2 dataset', '{"skills": "["旅行、设计、志愿服务、音乐"]"}');
INSERT INTO student_profile (user_id, interest_tags, weekly_free_hours, commitment_level, personality_type) VALUES (1667, '["旅行、设计、志愿服务、音乐"]', 10, 'MED', 'EXPLORER');
INSERT INTO sys_user (id, school_email, password) VALUES (1668, 'u20250668', 'Campus@20254764');
INSERT INTO student_resume (user_id, real_name, contact_phone, major, personal_statement, raw_text, structured_data) VALUES (1668, '于嘉屿', '138038906152', '软件工程', '来自 环境科学学院 2025级 级', 'Imported from V2 dataset', '{"skills": "["创业、编程、桌游、志愿服务"]"}');
INSERT INTO student_profile (user_id, interest_tags, weekly_free_hours, commitment_level, personality_type) VALUES (1668, '["创业、编程、桌游、志愿服务"]', 10, 'MED', 'EXPLORER');
INSERT INTO sys_user (id, school_email, password) VALUES (1669, 'u20250669', 'Campus@20254837');
INSERT INTO student_resume (user_id, real_name, contact_phone, major, personal_statement, raw_text, structured_data) VALUES (1669, '董文妍', '193816077249', '历史学', '来自 计算机学院 2025级 级', 'Imported from V2 dataset', '{"skills": "["志愿服务、公益、绘画、辩论"]"}');
INSERT INTO student_profile (user_id, interest_tags, weekly_free_hours, commitment_level, personality_type) VALUES (1669, '["志愿服务、公益、绘画、辩论"]', 10, 'MED', 'EXPLORER');
INSERT INTO sys_user (id, school_email, password) VALUES (1670, 'u20250670', 'Campus@20254910');
INSERT INTO student_resume (user_id, real_name, contact_phone, major, personal_statement, raw_text, structured_data) VALUES (1670, '高知轩', '193073726847', '数字媒体技术', '来自 经济管理学院 2025级 级', 'Imported from V2 dataset', '{"skills": "["羽毛球、音乐、桌游、摄影"]"}');
INSERT INTO student_profile (user_id, interest_tags, weekly_free_hours, commitment_level, personality_type) VALUES (1670, '["羽毛球、音乐、桌游、摄影"]', 10, 'MED', 'EXPLORER');
INSERT INTO sys_user (id, school_email, password) VALUES (1671, 'u20250671', 'Campus@20254983');
INSERT INTO student_resume (user_id, real_name, contact_phone, major, personal_statement, raw_text, structured_data) VALUES (1671, '梁天昊', '188624875909', '汉语言文学', '来自 信息工程学院 2025级 级', 'Imported from V2 dataset', '{"skills": "["摄影、设计、公益、电影"]"}');
INSERT INTO student_profile (user_id, interest_tags, weekly_free_hours, commitment_level, personality_type) VALUES (1671, '["摄影、设计、公益、电影"]', 10, 'MED', 'EXPLORER');
INSERT INTO sys_user (id, school_email, password) VALUES (1672, 'u20250672', 'Campus@20255056');
INSERT INTO student_resume (user_id, real_name, contact_phone, major, personal_statement, raw_text, structured_data) VALUES (1672, '冯明然', '153780237171', '数据科学与大数据技术', '来自 建筑工程学院 2025级 级', 'Imported from V2 dataset', '{"skills": "["辩论、短视频、电影、阅读"]"}');
INSERT INTO student_profile (user_id, interest_tags, weekly_free_hours, commitment_level, personality_type) VALUES (1672, '["辩论、短视频、电影、阅读"]', 10, 'MED', 'EXPLORER');
INSERT INTO sys_user (id, school_email, password) VALUES (1673, 'u20250673', 'Campus@20255129');
INSERT INTO student_resume (user_id, real_name, contact_phone, major, personal_statement, raw_text, structured_data) VALUES (1673, '吴知婷', '192757813732', '金融学', '来自 教育学院 2025级 级', 'Imported from V2 dataset', '{"skills": "["桌游、设计、公益、音乐"]"}');
INSERT INTO student_profile (user_id, interest_tags, weekly_free_hours, commitment_level, personality_type) VALUES (1673, '["桌游、设计、公益、音乐"]', 10, 'MED', 'EXPLORER');
INSERT INTO sys_user (id, school_email, password) VALUES (1674, 'u20250674', 'Campus@20255202');
INSERT INTO student_resume (user_id, real_name, contact_phone, major, personal_statement, raw_text, structured_data) VALUES (1674, '朱子', '178645666119', '市场营销', '来自 建筑工程学院 2025级 级', 'Imported from V2 dataset', '{"skills": "["编程、羽毛球、短视频、跑步"]"}');
INSERT INTO student_profile (user_id, interest_tags, weekly_free_hours, commitment_level, personality_type) VALUES (1674, '["编程、羽毛球、短视频、跑步"]', 10, 'MED', 'EXPLORER');
INSERT INTO sys_user (id, school_email, password) VALUES (1675, 'u20250675', 'Campus@20255275');
INSERT INTO student_resume (user_id, real_name, contact_phone, major, personal_statement, raw_text, structured_data) VALUES (1675, '冯亦涵', '181714108017', '历史学', '来自 新闻传播学院 2025级 级', 'Imported from V2 dataset', '{"skills": "["公益、设计、编程、跑步"]"}');
INSERT INTO student_profile (user_id, interest_tags, weekly_free_hours, commitment_level, personality_type) VALUES (1675, '["公益、设计、编程、跑步"]', 10, 'MED', 'EXPLORER');
INSERT INTO sys_user (id, school_email, password) VALUES (1676, 'u20250676', 'Campus@20255348');
INSERT INTO student_resume (user_id, real_name, contact_phone, major, personal_statement, raw_text, structured_data) VALUES (1676, '徐晨宸', '173571152419', '市场营销', '来自 建筑工程学院 2025级 级', 'Imported from V2 dataset', '{"skills": "["跑步、绘画、设计、编程"]"}');
INSERT INTO student_profile (user_id, interest_tags, weekly_free_hours, commitment_level, personality_type) VALUES (1676, '["跑步、绘画、设计、编程"]', 10, 'MED', 'EXPLORER');
INSERT INTO sys_user (id, school_email, password) VALUES (1677, 'u20250677', 'Campus@20255421');
INSERT INTO student_resume (user_id, real_name, contact_phone, major, personal_statement, raw_text, structured_data) VALUES (1677, '冯言诚', '192821483039', '信息管理与信息系统', '来自 理学院 2025级 级', 'Imported from V2 dataset', '{"skills": "["桌游、摄影、阅读、旅行"]"}');
INSERT INTO student_profile (user_id, interest_tags, weekly_free_hours, commitment_level, personality_type) VALUES (1677, '["桌游、摄影、阅读、旅行"]', 10, 'MED', 'EXPLORER');
INSERT INTO sys_user (id, school_email, password) VALUES (1678, 'u20250678', 'Campus@20255494');
INSERT INTO student_resume (user_id, real_name, contact_phone, major, personal_statement, raw_text, structured_data) VALUES (1678, '罗一雯', '157816302566', '汉语言文学', '来自 经济管理学院 2025级 级', 'Imported from V2 dataset', '{"skills": "["摄影、创业、志愿服务、旅行"]"}');
INSERT INTO student_profile (user_id, interest_tags, weekly_free_hours, commitment_level, personality_type) VALUES (1678, '["摄影、创业、志愿服务、旅行"]', 10, 'MED', 'EXPLORER');
INSERT INTO sys_user (id, school_email, password) VALUES (1679, 'u20250679', 'Campus@20255567');
INSERT INTO student_resume (user_id, real_name, contact_phone, major, personal_statement, raw_text, structured_data) VALUES (1679, '袁诺彤', '137816979463', '历史学', '来自 外国语学院 2025级 级', 'Imported from V2 dataset', '{"skills": "["志愿服务、桌游、设计、创业"]"}');
INSERT INTO student_profile (user_id, interest_tags, weekly_free_hours, commitment_level, personality_type) VALUES (1679, '["志愿服务、桌游、设计、创业"]', 10, 'MED', 'EXPLORER');
INSERT INTO sys_user (id, school_email, password) VALUES (1680, 'u20250680', 'Campus@20255640');
INSERT INTO student_resume (user_id, real_name, contact_phone, major, personal_statement, raw_text, structured_data) VALUES (1680, '赵晨萱', '179618298389', '汉语言文学', '来自 外国语学院 2025级 级', 'Imported from V2 dataset', '{"skills": "["公益、摄影、音乐、短视频"]"}');
INSERT INTO student_profile (user_id, interest_tags, weekly_free_hours, commitment_level, personality_type) VALUES (1680, '["公益、摄影、音乐、短视频"]', 10, 'MED', 'EXPLORER');
INSERT INTO sys_user (id, school_email, password) VALUES (1681, 'u20250681', 'Campus@20255713');
INSERT INTO student_resume (user_id, real_name, contact_phone, major, personal_statement, raw_text, structured_data) VALUES (1681, '曾星妍', '138940224288', '英语', '来自 环境科学学院 2025级 级', 'Imported from V2 dataset', '{"skills": "["阅读、摄影、绘画、跑步"]"}');
INSERT INTO student_profile (user_id, interest_tags, weekly_free_hours, commitment_level, personality_type) VALUES (1681, '["阅读、摄影、绘画、跑步"]', 10, 'MED', 'EXPLORER');
INSERT INTO sys_user (id, school_email, password) VALUES (1682, 'u20250682', 'Campus@20255786');
INSERT INTO student_resume (user_id, real_name, contact_phone, major, personal_statement, raw_text, structured_data) VALUES (1682, '蒋乐菲', '138161536681', '金融学', '来自 社会发展学院 2025级 级', 'Imported from V2 dataset', '{"skills": "["设计、绘画、公益、创业"]"}');
INSERT INTO student_profile (user_id, interest_tags, weekly_free_hours, commitment_level, personality_type) VALUES (1682, '["设计、绘画、公益、创业"]', 10, 'MED', 'EXPLORER');
INSERT INTO sys_user (id, school_email, password) VALUES (1683, 'u20250683', 'Campus@20255859');
INSERT INTO student_resume (user_id, real_name, contact_phone, major, personal_statement, raw_text, structured_data) VALUES (1683, '曹明', '158994719905', '电子信息工程', '来自 理学院 2025级 级', 'Imported from V2 dataset', '{"skills": "["创业、公益、旅行、摄影"]"}');
INSERT INTO student_profile (user_id, interest_tags, weekly_free_hours, commitment_level, personality_type) VALUES (1683, '["创业、公益、旅行、摄影"]', 10, 'MED', 'EXPLORER');
INSERT INTO sys_user (id, school_email, password) VALUES (1684, 'u20250684', 'Campus@20255932');
INSERT INTO student_resume (user_id, real_name, contact_phone, major, personal_statement, raw_text, structured_data) VALUES (1684, '徐星雯', '196187203055', '新闻学', '来自 经济管理学院 2025级 级', 'Imported from V2 dataset', '{"skills": "["创业、绘画、旅行、志愿服务"]"}');
INSERT INTO student_profile (user_id, interest_tags, weekly_free_hours, commitment_level, personality_type) VALUES (1684, '["创业、绘画、旅行、志愿服务"]', 10, 'MED', 'EXPLORER');
INSERT INTO sys_user (id, school_email, password) VALUES (1685, 'u20250685', 'Campus@20256005');
INSERT INTO student_resume (user_id, real_name, contact_phone, major, personal_statement, raw_text, structured_data) VALUES (1685, '梁雨', '188876053645', '数字媒体技术', '来自 信息工程学院 2025级 级', 'Imported from V2 dataset', '{"skills": "["志愿服务、旅行、桌游、辩论"]"}');
INSERT INTO student_profile (user_id, interest_tags, weekly_free_hours, commitment_level, personality_type) VALUES (1685, '["志愿服务、旅行、桌游、辩论"]', 10, 'MED', 'EXPLORER');
INSERT INTO sys_user (id, school_email, password) VALUES (1686, 'u20250686', 'Campus@20256078');
INSERT INTO student_resume (user_id, real_name, contact_phone, major, personal_statement, raw_text, structured_data) VALUES (1686, '彭博宁', '159550323244', '数据科学与大数据技术', '来自 新闻传播学院 2025级 级', 'Imported from V2 dataset', '{"skills": "["羽毛球、短视频、设计、桌游"]"}');
INSERT INTO student_profile (user_id, interest_tags, weekly_free_hours, commitment_level, personality_type) VALUES (1686, '["羽毛球、短视频、设计、桌游"]', 10, 'MED', 'EXPLORER');
INSERT INTO sys_user (id, school_email, password) VALUES (1687, 'u20250687', 'Campus@20256151');
INSERT INTO student_resume (user_id, real_name, contact_phone, major, personal_statement, raw_text, structured_data) VALUES (1687, '吴卓萱', '188192054516', '计算机科学与技术', '来自 教育学院 2025级 级', 'Imported from V2 dataset', '{"skills": "["阅读、音乐、绘画、创业"]"}');
INSERT INTO student_profile (user_id, interest_tags, weekly_free_hours, commitment_level, personality_type) VALUES (1687, '["阅读、音乐、绘画、创业"]', 10, 'MED', 'EXPLORER');
INSERT INTO sys_user (id, school_email, password) VALUES (1688, 'u20250688', 'Campus@20256224');
INSERT INTO student_resume (user_id, real_name, contact_phone, major, personal_statement, raw_text, structured_data) VALUES (1688, '韩依熙', '194675425507', '金融学', '来自 新闻传播学院 2025级 级', 'Imported from V2 dataset', '{"skills": "["阅读、羽毛球、音乐、旅行"]"}');
INSERT INTO student_profile (user_id, interest_tags, weekly_free_hours, commitment_level, personality_type) VALUES (1688, '["阅读、羽毛球、音乐、旅行"]', 10, 'MED', 'EXPLORER');
INSERT INTO sys_user (id, school_email, password) VALUES (1689, 'u20250689', 'Campus@20256297');
INSERT INTO student_resume (user_id, real_name, contact_phone, major, personal_statement, raw_text, structured_data) VALUES (1689, '张诗然', '195222927864', '机械设计制造及其自动化', '来自 教育学院 2025级 级', 'Imported from V2 dataset', '{"skills": "["设计、创业、志愿服务、辩论"]"}');
INSERT INTO student_profile (user_id, interest_tags, weekly_free_hours, commitment_level, personality_type) VALUES (1689, '["设计、创业、志愿服务、辩论"]', 10, 'MED', 'EXPLORER');
INSERT INTO sys_user (id, school_email, password) VALUES (1690, 'u20250690', 'Campus@20256370');
INSERT INTO student_resume (user_id, real_name, contact_phone, major, personal_statement, raw_text, structured_data) VALUES (1690, '冯欣雯', '157595599579', '法学', '来自 法学院 2025级 级', 'Imported from V2 dataset', '{"skills": "["设计、音乐、旅行、绘画"]"}');
INSERT INTO student_profile (user_id, interest_tags, weekly_free_hours, commitment_level, personality_type) VALUES (1690, '["设计、音乐、旅行、绘画"]', 10, 'MED', 'EXPLORER');
INSERT INTO sys_user (id, school_email, password) VALUES (1691, 'u20250691', 'Campus@20256443');
INSERT INTO student_resume (user_id, real_name, contact_phone, major, personal_statement, raw_text, structured_data) VALUES (1691, '梁晨然', '157826688358', '市场营销', '来自 经济管理学院 2025级 级', 'Imported from V2 dataset', '{"skills": "["旅行、创业、音乐、阅读"]"}');
INSERT INTO student_profile (user_id, interest_tags, weekly_free_hours, commitment_level, personality_type) VALUES (1691, '["旅行、创业、音乐、阅读"]', 10, 'MED', 'EXPLORER');
INSERT INTO sys_user (id, school_email, password) VALUES (1692, 'u20250692', 'Campus@20256516');
INSERT INTO student_resume (user_id, real_name, contact_phone, major, personal_statement, raw_text, structured_data) VALUES (1692, '王睿琪', '175271743140', '计算机科学与技术', '来自 教育学院 2025级 级', 'Imported from V2 dataset', '{"skills": "["羽毛球、电影、音乐、设计"]"}');
INSERT INTO student_profile (user_id, interest_tags, weekly_free_hours, commitment_level, personality_type) VALUES (1692, '["羽毛球、电影、音乐、设计"]', 10, 'MED', 'EXPLORER');
INSERT INTO sys_user (id, school_email, password) VALUES (1693, 'u20250693', 'Campus@20256589');
INSERT INTO student_resume (user_id, real_name, contact_phone, major, personal_statement, raw_text, structured_data) VALUES (1693, '彭诗', '176099911671', '数学与应用数学', '来自 外国语学院 2025级 级', 'Imported from V2 dataset', '{"skills": "["音乐、志愿服务、羽毛球、电影"]"}');
INSERT INTO student_profile (user_id, interest_tags, weekly_free_hours, commitment_level, personality_type) VALUES (1693, '["音乐、志愿服务、羽毛球、电影"]', 10, 'MED', 'EXPLORER');
INSERT INTO sys_user (id, school_email, password) VALUES (1694, 'u20250694', 'Campus@20256662');
INSERT INTO student_resume (user_id, real_name, contact_phone, major, personal_statement, raw_text, structured_data) VALUES (1694, '田清朗', '191696243156', '网络空间安全', '来自 教育学院 2025级 级', 'Imported from V2 dataset', '{"skills": "["桌游、旅行、跑步、短视频"]"}');
INSERT INTO student_profile (user_id, interest_tags, weekly_free_hours, commitment_level, personality_type) VALUES (1694, '["桌游、旅行、跑步、短视频"]', 10, 'MED', 'EXPLORER');
INSERT INTO sys_user (id, school_email, password) VALUES (1695, 'u20250695', 'Campus@20256735');
INSERT INTO student_resume (user_id, real_name, contact_phone, major, personal_statement, raw_text, structured_data) VALUES (1695, '萧浩萌', '194629042262', '心理学', '来自 经济管理学院 2025级 级', 'Imported from V2 dataset', '{"skills": "["旅行、桌游、跑步、辩论"]"}');
INSERT INTO student_profile (user_id, interest_tags, weekly_free_hours, commitment_level, personality_type) VALUES (1695, '["旅行、桌游、跑步、辩论"]', 10, 'MED', 'EXPLORER');
INSERT INTO sys_user (id, school_email, password) VALUES (1696, 'u20250696', 'Campus@20256808');
INSERT INTO student_resume (user_id, real_name, contact_phone, major, personal_statement, raw_text, structured_data) VALUES (1696, '萧亦晗', '182515959223', '信息管理与信息系统', '来自 经济管理学院 2025级 级', 'Imported from V2 dataset', '{"skills": "["羽毛球、摄影、阅读、绘画"]"}');
INSERT INTO student_profile (user_id, interest_tags, weekly_free_hours, commitment_level, personality_type) VALUES (1696, '["羽毛球、摄影、阅读、绘画"]', 10, 'MED', 'EXPLORER');
INSERT INTO sys_user (id, school_email, password) VALUES (1697, 'u20250697', 'Campus@20256881');
INSERT INTO student_resume (user_id, real_name, contact_phone, major, personal_statement, raw_text, structured_data) VALUES (1697, '郑南洋', '176671126254', '土木工程', '来自 法学院 2025级 级', 'Imported from V2 dataset', '{"skills": "["阅读、志愿服务、短视频、电影"]"}');
INSERT INTO student_profile (user_id, interest_tags, weekly_free_hours, commitment_level, personality_type) VALUES (1697, '["阅读、志愿服务、短视频、电影"]', 10, 'MED', 'EXPLORER');
INSERT INTO sys_user (id, school_email, password) VALUES (1698, 'u20250698', 'Campus@20256954');
INSERT INTO student_resume (user_id, real_name, contact_phone, major, personal_statement, raw_text, structured_data) VALUES (1698, '张星岚', '179710233234', '国际经济与贸易', '来自 环境科学学院 2025级 级', 'Imported from V2 dataset', '{"skills": "["短视频、编程、阅读、辩论"]"}');
INSERT INTO student_profile (user_id, interest_tags, weekly_free_hours, commitment_level, personality_type) VALUES (1698, '["短视频、编程、阅读、辩论"]', 10, 'MED', 'EXPLORER');
INSERT INTO sys_user (id, school_email, password) VALUES (1699, 'u20250699', 'Campus@20257027');
INSERT INTO student_resume (user_id, real_name, contact_phone, major, personal_statement, raw_text, structured_data) VALUES (1699, '何一熙', '171739334877', '会计学', '来自 社会发展学院 2025级 级', 'Imported from V2 dataset', '{"skills": "["短视频、志愿服务、绘画、桌游"]"}');
INSERT INTO student_profile (user_id, interest_tags, weekly_free_hours, commitment_level, personality_type) VALUES (1699, '["短视频、志愿服务、绘画、桌游"]', 10, 'MED', 'EXPLORER');
INSERT INTO sys_user (id, school_email, password) VALUES (1700, 'u20250700', 'Campus@20257100');
INSERT INTO student_resume (user_id, real_name, contact_phone, major, personal_statement, raw_text, structured_data) VALUES (1700, '唐书琪', '199247325476', '土木工程', '来自 计算机学院 2025级 级', 'Imported from V2 dataset', '{"skills": "["设计、公益、绘画、志愿服务"]"}');
INSERT INTO student_profile (user_id, interest_tags, weekly_free_hours, commitment_level, personality_type) VALUES (1700, '["设计、公益、绘画、志愿服务"]', 10, 'MED', 'EXPLORER');
INSERT INTO sys_user (id, school_email, password) VALUES (1701, 'u20250701', 'Campus@20257173');
INSERT INTO student_resume (user_id, real_name, contact_phone, major, personal_statement, raw_text, structured_data) VALUES (1701, '蔡启妍', '157167184923', '法学', '来自 新闻传播学院 2025级 级', 'Imported from V2 dataset', '{"skills": "["电影、羽毛球、绘画、旅行"]"}');
INSERT INTO student_profile (user_id, interest_tags, weekly_free_hours, commitment_level, personality_type) VALUES (1701, '["电影、羽毛球、绘画、旅行"]', 10, 'MED', 'EXPLORER');
INSERT INTO sys_user (id, school_email, password) VALUES (1702, 'u20250702', 'Campus@20257246');
INSERT INTO student_resume (user_id, real_name, contact_phone, major, personal_statement, raw_text, structured_data) VALUES (1702, '马亦', '192979468859', '传播学', '来自 环境科学学院 2025级 级', 'Imported from V2 dataset', '{"skills": "["电影、音乐、编程、旅行"]"}');
INSERT INTO student_profile (user_id, interest_tags, weekly_free_hours, commitment_level, personality_type) VALUES (1702, '["电影、音乐、编程、旅行"]', 10, 'MED', 'EXPLORER');
INSERT INTO sys_user (id, school_email, password) VALUES (1703, 'u20250703', 'Campus@20257319');
INSERT INTO student_resume (user_id, real_name, contact_phone, major, personal_statement, raw_text, structured_data) VALUES (1703, '董依歌', '183867571234', '金融学', '来自 经济管理学院 2025级 级', 'Imported from V2 dataset', '{"skills": "["设计、桌游、跑步、编程"]"}');
INSERT INTO student_profile (user_id, interest_tags, weekly_free_hours, commitment_level, personality_type) VALUES (1703, '["设计、桌游、跑步、编程"]', 10, 'MED', 'EXPLORER');
INSERT INTO sys_user (id, school_email, password) VALUES (1704, 'u20250704', 'Campus@20257392');
INSERT INTO student_resume (user_id, real_name, contact_phone, major, personal_statement, raw_text, structured_data) VALUES (1704, '胡博岚', '189028811297', '法学', '来自 外国语学院 2025级 级', 'Imported from V2 dataset', '{"skills": "["创业、跑步、编程、羽毛球"]"}');
INSERT INTO student_profile (user_id, interest_tags, weekly_free_hours, commitment_level, personality_type) VALUES (1704, '["创业、跑步、编程、羽毛球"]', 10, 'MED', 'EXPLORER');
INSERT INTO sys_user (id, school_email, password) VALUES (1705, 'u20250705', 'Campus@20257465');
INSERT INTO student_resume (user_id, real_name, contact_phone, major, personal_statement, raw_text, structured_data) VALUES (1705, '潘晨', '133762632241', '自动化', '来自 文学院 2025级 级', 'Imported from V2 dataset', '{"skills": "["绘画、设计、阅读、公益"]"}');
INSERT INTO student_profile (user_id, interest_tags, weekly_free_hours, commitment_level, personality_type) VALUES (1705, '["绘画、设计、阅读、公益"]', 10, 'MED', 'EXPLORER');
INSERT INTO sys_user (id, school_email, password) VALUES (1706, 'u20250706', 'Campus@20257538');
INSERT INTO student_resume (user_id, real_name, contact_phone, major, personal_statement, raw_text, structured_data) VALUES (1706, '郑诺琪', '185135566544', '会计学', '来自 文学院 2025级 级', 'Imported from V2 dataset', '{"skills": "["旅行、辩论、桌游、创业"]"}');
INSERT INTO student_profile (user_id, interest_tags, weekly_free_hours, commitment_level, personality_type) VALUES (1706, '["旅行、辩论、桌游、创业"]', 10, 'MED', 'EXPLORER');
INSERT INTO sys_user (id, school_email, password) VALUES (1707, 'u20250707', 'Campus@20257611');
INSERT INTO student_resume (user_id, real_name, contact_phone, major, personal_statement, raw_text, structured_data) VALUES (1707, '潘若彤', '138082293514', '社会学', '来自 经济管理学院 2025级 级', 'Imported from V2 dataset', '{"skills": "["辩论、公益、电影、短视频"]"}');
INSERT INTO student_profile (user_id, interest_tags, weekly_free_hours, commitment_level, personality_type) VALUES (1707, '["辩论、公益、电影、短视频"]', 10, 'MED', 'EXPLORER');
INSERT INTO sys_user (id, school_email, password) VALUES (1708, 'u20250708', 'Campus@20257684');
INSERT INTO student_resume (user_id, real_name, contact_phone, major, personal_statement, raw_text, structured_data) VALUES (1708, '孙清', '135415733632', '软件工程', '来自 教育学院 2025级 级', 'Imported from V2 dataset', '{"skills": "["摄影、羽毛球、跑步、编程"]"}');
INSERT INTO student_profile (user_id, interest_tags, weekly_free_hours, commitment_level, personality_type) VALUES (1708, '["摄影、羽毛球、跑步、编程"]', 10, 'MED', 'EXPLORER');
INSERT INTO sys_user (id, school_email, password) VALUES (1709, 'u20250709', 'Campus@20257757');
INSERT INTO student_resume (user_id, real_name, contact_phone, major, personal_statement, raw_text, structured_data) VALUES (1709, '赵天菲', '151630409520', '电子信息工程', '来自 理学院 2025级 级', 'Imported from V2 dataset', '{"skills": "["编程、电影、旅行、绘画"]"}');
INSERT INTO student_profile (user_id, interest_tags, weekly_free_hours, commitment_level, personality_type) VALUES (1709, '["编程、电影、旅行、绘画"]', 10, 'MED', 'EXPLORER');
INSERT INTO sys_user (id, school_email, password) VALUES (1710, 'u20250710', 'Campus@20257830');
INSERT INTO student_resume (user_id, real_name, contact_phone, major, personal_statement, raw_text, structured_data) VALUES (1710, '杨俊菲', '172349282450', '国际经济与贸易', '来自 信息工程学院 2025级 级', 'Imported from V2 dataset', '{"skills": "["短视频、桌游、公益、旅行"]"}');
INSERT INTO student_profile (user_id, interest_tags, weekly_free_hours, commitment_level, personality_type) VALUES (1710, '["短视频、桌游、公益、旅行"]', 10, 'MED', 'EXPLORER');
INSERT INTO sys_user (id, school_email, password) VALUES (1711, 'u20250711', 'Campus@20257903');
INSERT INTO student_resume (user_id, real_name, contact_phone, major, personal_statement, raw_text, structured_data) VALUES (1711, '赵睿', '198563294380', '统计学', '来自 法学院 2025级 级', 'Imported from V2 dataset', '{"skills": "["编程、电影、志愿服务、绘画"]"}');
INSERT INTO student_profile (user_id, interest_tags, weekly_free_hours, commitment_level, personality_type) VALUES (1711, '["编程、电影、志愿服务、绘画"]', 10, 'MED', 'EXPLORER');
INSERT INTO sys_user (id, school_email, password) VALUES (1712, 'u20250712', 'Campus@20257976');
INSERT INTO student_resume (user_id, real_name, contact_phone, major, personal_statement, raw_text, structured_data) VALUES (1712, '马睿瑶', '178082104607', '市场营销', '来自 社会发展学院 2025级 级', 'Imported from V2 dataset', '{"skills": "["志愿服务、旅行、羽毛球、编程"]"}');
INSERT INTO student_profile (user_id, interest_tags, weekly_free_hours, commitment_level, personality_type) VALUES (1712, '["志愿服务、旅行、羽毛球、编程"]', 10, 'MED', 'EXPLORER');
INSERT INTO sys_user (id, school_email, password) VALUES (1713, 'u20250713', 'Campus@20258049');
INSERT INTO student_resume (user_id, real_name, contact_phone, major, personal_statement, raw_text, structured_data) VALUES (1713, '高泽璇', '191358733462', '市场营销', '来自 建筑工程学院 2025级 级', 'Imported from V2 dataset', '{"skills": "["公益、辩论、桌游、设计"]"}');
INSERT INTO student_profile (user_id, interest_tags, weekly_free_hours, commitment_level, personality_type) VALUES (1713, '["公益、辩论、桌游、设计"]', 10, 'MED', 'EXPLORER');
INSERT INTO sys_user (id, school_email, password) VALUES (1714, 'u20250714', 'Campus@20258122');
INSERT INTO student_resume (user_id, real_name, contact_phone, major, personal_statement, raw_text, structured_data) VALUES (1714, '高思婷', '182297132543', '数学与应用数学', '来自 新闻传播学院 2025级 级', 'Imported from V2 dataset', '{"skills": "["编程、电影、摄影、志愿服务"]"}');
INSERT INTO student_profile (user_id, interest_tags, weekly_free_hours, commitment_level, personality_type) VALUES (1714, '["编程、电影、摄影、志愿服务"]', 10, 'MED', 'EXPLORER');
INSERT INTO sys_user (id, school_email, password) VALUES (1715, 'u20250715', 'Campus@20258195');
INSERT INTO student_resume (user_id, real_name, contact_phone, major, personal_statement, raw_text, structured_data) VALUES (1715, '冯景昊', '159092288817', '工商管理', '来自 计算机学院 2025级 级', 'Imported from V2 dataset', '{"skills": "["编程、羽毛球、摄影、电影"]"}');
INSERT INTO student_profile (user_id, interest_tags, weekly_free_hours, commitment_level, personality_type) VALUES (1715, '["编程、羽毛球、摄影、电影"]', 10, 'MED', 'EXPLORER');
INSERT INTO sys_user (id, school_email, password) VALUES (1716, 'u20250716', 'Campus@20258268');
INSERT INTO student_resume (user_id, real_name, contact_phone, major, personal_statement, raw_text, structured_data) VALUES (1716, '曾文', '192431449130', '计算机科学与技术', '来自 建筑工程学院 2025级 级', 'Imported from V2 dataset', '{"skills": "["创业、公益、短视频、跑步"]"}');
INSERT INTO student_profile (user_id, interest_tags, weekly_free_hours, commitment_level, personality_type) VALUES (1716, '["创业、公益、短视频、跑步"]', 10, 'MED', 'EXPLORER');
INSERT INTO sys_user (id, school_email, password) VALUES (1717, 'u20250717', 'Campus@20258341');
INSERT INTO student_resume (user_id, real_name, contact_phone, major, personal_statement, raw_text, structured_data) VALUES (1717, '罗依菲', '181324481904', '市场营销', '来自 理学院 2025级 级', 'Imported from V2 dataset', '{"skills": "["编程、绘画、设计、公益"]"}');
INSERT INTO student_profile (user_id, interest_tags, weekly_free_hours, commitment_level, personality_type) VALUES (1717, '["编程、绘画、设计、公益"]', 10, 'MED', 'EXPLORER');
INSERT INTO sys_user (id, school_email, password) VALUES (1718, 'u20250718', 'Campus@20258414');
INSERT INTO student_resume (user_id, real_name, contact_phone, major, personal_statement, raw_text, structured_data) VALUES (1718, '潘诗', '181139261077', '社会学', '来自 文学院 2025级 级', 'Imported from V2 dataset', '{"skills": "["摄影、志愿服务、设计、电影"]"}');
INSERT INTO student_profile (user_id, interest_tags, weekly_free_hours, commitment_level, personality_type) VALUES (1718, '["摄影、志愿服务、设计、电影"]', 10, 'MED', 'EXPLORER');
INSERT INTO sys_user (id, school_email, password) VALUES (1719, 'u20250719', 'Campus@20258487');
INSERT INTO student_resume (user_id, real_name, contact_phone, major, personal_statement, raw_text, structured_data) VALUES (1719, '马文', '199717777052', '计算机科学与技术', '来自 计算机学院 2025级 级', 'Imported from V2 dataset', '{"skills": "["公益、羽毛球、阅读、辩论"]"}');
INSERT INTO student_profile (user_id, interest_tags, weekly_free_hours, commitment_level, personality_type) VALUES (1719, '["公益、羽毛球、阅读、辩论"]', 10, 'MED', 'EXPLORER');
INSERT INTO sys_user (id, school_email, password) VALUES (1720, 'u20250720', 'Campus@20258560');
INSERT INTO student_resume (user_id, real_name, contact_phone, major, personal_statement, raw_text, structured_data) VALUES (1720, '蔡博', '153449871203', '网络空间安全', '来自 教育学院 2025级 级', 'Imported from V2 dataset', '{"skills": "["旅行、志愿服务、绘画、摄影"]"}');
INSERT INTO student_profile (user_id, interest_tags, weekly_free_hours, commitment_level, personality_type) VALUES (1720, '["旅行、志愿服务、绘画、摄影"]', 10, 'MED', 'EXPLORER');
INSERT INTO sys_user (id, school_email, password) VALUES (1721, 'u20250721', 'Campus@20258633');
INSERT INTO student_resume (user_id, real_name, contact_phone, major, personal_statement, raw_text, structured_data) VALUES (1721, '罗文川', '151238649681', '网络空间安全', '来自 新闻传播学院 2025级 级', 'Imported from V2 dataset', '{"skills": "["旅行、创业、短视频、音乐"]"}');
INSERT INTO student_profile (user_id, interest_tags, weekly_free_hours, commitment_level, personality_type) VALUES (1721, '["旅行、创业、短视频、音乐"]', 10, 'MED', 'EXPLORER');
INSERT INTO sys_user (id, school_email, password) VALUES (1722, 'u20250722', 'Campus@20258706');
INSERT INTO student_resume (user_id, real_name, contact_phone, major, personal_statement, raw_text, structured_data) VALUES (1722, '冯安萱', '198633577869', '市场营销', '来自 社会发展学院 2025级 级', 'Imported from V2 dataset', '{"skills": "["短视频、编程、音乐、桌游"]"}');
INSERT INTO student_profile (user_id, interest_tags, weekly_free_hours, commitment_level, personality_type) VALUES (1722, '["短视频、编程、音乐、桌游"]', 10, 'MED', 'EXPLORER');
INSERT INTO sys_user (id, school_email, password) VALUES (1723, 'u20250723', 'Campus@20258779');
INSERT INTO student_resume (user_id, real_name, contact_phone, major, personal_statement, raw_text, structured_data) VALUES (1723, '董怡妍', '194937996029', '数字媒体技术', '来自 文学院 2025级 级', 'Imported from V2 dataset', '{"skills": "["羽毛球、短视频、编程、旅行"]"}');
INSERT INTO student_profile (user_id, interest_tags, weekly_free_hours, commitment_level, personality_type) VALUES (1723, '["羽毛球、短视频、编程、旅行"]', 10, 'MED', 'EXPLORER');
INSERT INTO sys_user (id, school_email, password) VALUES (1724, 'u20250724', 'Campus@20258852');
INSERT INTO student_resume (user_id, real_name, contact_phone, major, personal_statement, raw_text, structured_data) VALUES (1724, '于欣晗', '172968756169', '社会学', '来自 新闻传播学院 2025级 级', 'Imported from V2 dataset', '{"skills": "["羽毛球、创业、编程、摄影"]"}');
INSERT INTO student_profile (user_id, interest_tags, weekly_free_hours, commitment_level, personality_type) VALUES (1724, '["羽毛球、创业、编程、摄影"]', 10, 'MED', 'EXPLORER');
INSERT INTO sys_user (id, school_email, password) VALUES (1725, 'u20250725', 'Campus@20258925');
INSERT INTO student_resume (user_id, real_name, contact_phone, major, personal_statement, raw_text, structured_data) VALUES (1725, '朱嘉轩', '179854212848', '信息管理与信息系统', '来自 理学院 2025级 级', 'Imported from V2 dataset', '{"skills": "["跑步、设计、音乐、羽毛球"]"}');
INSERT INTO student_profile (user_id, interest_tags, weekly_free_hours, commitment_level, personality_type) VALUES (1725, '["跑步、设计、音乐、羽毛球"]', 10, 'MED', 'EXPLORER');
INSERT INTO sys_user (id, school_email, password) VALUES (1726, 'u20250726', 'Campus@20258998');
INSERT INTO student_resume (user_id, real_name, contact_phone, major, personal_statement, raw_text, structured_data) VALUES (1726, '许向', '175252337083', '会计学', '来自 环境科学学院 2025级 级', 'Imported from V2 dataset', '{"skills": "["短视频、羽毛球、绘画、编程"]"}');
INSERT INTO student_profile (user_id, interest_tags, weekly_free_hours, commitment_level, personality_type) VALUES (1726, '["短视频、羽毛球、绘画、编程"]', 10, 'MED', 'EXPLORER');
INSERT INTO sys_user (id, school_email, password) VALUES (1727, 'u20250727', 'Campus@20259071');
INSERT INTO student_resume (user_id, real_name, contact_phone, major, personal_statement, raw_text, structured_data) VALUES (1727, '杨星歌', '188799876962', '心理学', '来自 经济管理学院 2025级 级', 'Imported from V2 dataset', '{"skills": "["阅读、短视频、设计、公益"]"}');
INSERT INTO student_profile (user_id, interest_tags, weekly_free_hours, commitment_level, personality_type) VALUES (1727, '["阅读、短视频、设计、公益"]', 10, 'MED', 'EXPLORER');
INSERT INTO sys_user (id, school_email, password) VALUES (1728, 'u20250728', 'Campus@20259144');
INSERT INTO student_resume (user_id, real_name, contact_phone, major, personal_statement, raw_text, structured_data) VALUES (1728, '徐天', '135886516482', '生物工程', '来自 新闻传播学院 2025级 级', 'Imported from V2 dataset', '{"skills": "["辩论、电影、旅行、公益"]"}');
INSERT INTO student_profile (user_id, interest_tags, weekly_free_hours, commitment_level, personality_type) VALUES (1728, '["辩论、电影、旅行、公益"]', 10, 'MED', 'EXPLORER');
INSERT INTO sys_user (id, school_email, password) VALUES (1729, 'u20250729', 'Campus@20259217');
INSERT INTO student_resume (user_id, real_name, contact_phone, major, personal_statement, raw_text, structured_data) VALUES (1729, '徐南歌', '175556518372', '金融学', '来自 法学院 2025级 级', 'Imported from V2 dataset', '{"skills": "["旅行、公益、桌游、跑步"]"}');
INSERT INTO student_profile (user_id, interest_tags, weekly_free_hours, commitment_level, personality_type) VALUES (1729, '["旅行、公益、桌游、跑步"]', 10, 'MED', 'EXPLORER');
INSERT INTO sys_user (id, school_email, password) VALUES (1730, 'u20250730', 'Campus@20259290');
INSERT INTO student_resume (user_id, real_name, contact_phone, major, personal_statement, raw_text, structured_data) VALUES (1730, '郑子', '135246378514', '市场营销', '来自 教育学院 2025级 级', 'Imported from V2 dataset', '{"skills": "["摄影、绘画、跑步、辩论"]"}');
INSERT INTO student_profile (user_id, interest_tags, weekly_free_hours, commitment_level, personality_type) VALUES (1730, '["摄影、绘画、跑步、辩论"]', 10, 'MED', 'EXPLORER');
INSERT INTO sys_user (id, school_email, password) VALUES (1731, 'u20250731', 'Campus@20259363');
INSERT INTO student_resume (user_id, real_name, contact_phone, major, personal_statement, raw_text, structured_data) VALUES (1731, '胡宁', '156381602800', '社会学', '来自 社会发展学院 2025级 级', 'Imported from V2 dataset', '{"skills": "["编程、羽毛球、旅行、志愿服务"]"}');
INSERT INTO student_profile (user_id, interest_tags, weekly_free_hours, commitment_level, personality_type) VALUES (1731, '["编程、羽毛球、旅行、志愿服务"]', 10, 'MED', 'EXPLORER');
INSERT INTO sys_user (id, school_email, password) VALUES (1732, 'u20250732', 'Campus@20259436');
INSERT INTO student_resume (user_id, real_name, contact_phone, major, personal_statement, raw_text, structured_data) VALUES (1732, '余安霏', '151453389852', '传播学', '来自 经济管理学院 2025级 级', 'Imported from V2 dataset', '{"skills": "["跑步、短视频、羽毛球、绘画"]"}');
INSERT INTO student_profile (user_id, interest_tags, weekly_free_hours, commitment_level, personality_type) VALUES (1732, '["跑步、短视频、羽毛球、绘画"]', 10, 'MED', 'EXPLORER');
INSERT INTO sys_user (id, school_email, password) VALUES (1733, 'u20250733', 'Campus@20259509');
INSERT INTO student_resume (user_id, real_name, contact_phone, major, personal_statement, raw_text, structured_data) VALUES (1733, '彭文彤', '193163007913', '建筑学', '来自 经济管理学院 2025级 级', 'Imported from V2 dataset', '{"skills": "["电影、创业、摄影、桌游"]"}');
INSERT INTO student_profile (user_id, interest_tags, weekly_free_hours, commitment_level, personality_type) VALUES (1733, '["电影、创业、摄影、桌游"]', 10, 'MED', 'EXPLORER');
INSERT INTO sys_user (id, school_email, password) VALUES (1734, 'u20250734', 'Campus@20259582');
INSERT INTO student_resume (user_id, real_name, contact_phone, major, personal_statement, raw_text, structured_data) VALUES (1734, '张宇宁', '135210631139', '人工智能', '来自 社会发展学院 2025级 级', 'Imported from V2 dataset', '{"skills": "["公益、旅行、摄影、音乐"]"}');
INSERT INTO student_profile (user_id, interest_tags, weekly_free_hours, commitment_level, personality_type) VALUES (1734, '["公益、旅行、摄影、音乐"]', 10, 'MED', 'EXPLORER');
INSERT INTO sys_user (id, school_email, password) VALUES (1735, 'u20250735', 'Campus@20259655');
INSERT INTO student_resume (user_id, real_name, contact_phone, major, personal_statement, raw_text, structured_data) VALUES (1735, '田南歌', '159751421052', '教育学', '来自 理学院 2025级 级', 'Imported from V2 dataset', '{"skills": "["电影、编程、辩论、创业"]"}');
INSERT INTO student_profile (user_id, interest_tags, weekly_free_hours, commitment_level, personality_type) VALUES (1735, '["电影、编程、辩论、创业"]', 10, 'MED', 'EXPLORER');
INSERT INTO sys_user (id, school_email, password) VALUES (1736, 'u20250736', 'Campus@20259728');
INSERT INTO student_resume (user_id, real_name, contact_phone, major, personal_statement, raw_text, structured_data) VALUES (1736, '于诗霏', '184235367738', '人工智能', '来自 教育学院 2025级 级', 'Imported from V2 dataset', '{"skills": "["桌游、短视频、阅读、跑步"]"}');
INSERT INTO student_profile (user_id, interest_tags, weekly_free_hours, commitment_level, personality_type) VALUES (1736, '["桌游、短视频、阅读、跑步"]', 10, 'MED', 'EXPLORER');
INSERT INTO sys_user (id, school_email, password) VALUES (1737, 'u20250737', 'Campus@20259801');
INSERT INTO student_resume (user_id, real_name, contact_phone, major, personal_statement, raw_text, structured_data) VALUES (1737, '曾书沫', '191221524733', '建筑学', '来自 社会发展学院 2025级 级', 'Imported from V2 dataset', '{"skills": "["公益、绘画、音乐、辩论"]"}');
INSERT INTO student_profile (user_id, interest_tags, weekly_free_hours, commitment_level, personality_type) VALUES (1737, '["公益、绘画、音乐、辩论"]', 10, 'MED', 'EXPLORER');
INSERT INTO sys_user (id, school_email, password) VALUES (1738, 'u20250738', 'Campus@20259874');
INSERT INTO student_resume (user_id, real_name, contact_phone, major, personal_statement, raw_text, structured_data) VALUES (1738, '赵南', '132153673296', '环境工程', '来自 计算机学院 2025级 级', 'Imported from V2 dataset', '{"skills": "["跑步、短视频、志愿服务、公益"]"}');
INSERT INTO student_profile (user_id, interest_tags, weekly_free_hours, commitment_level, personality_type) VALUES (1738, '["跑步、短视频、志愿服务、公益"]', 10, 'MED', 'EXPLORER');
INSERT INTO sys_user (id, school_email, password) VALUES (1739, 'u20250739', 'Campus@20259947');
INSERT INTO student_resume (user_id, real_name, contact_phone, major, personal_statement, raw_text, structured_data) VALUES (1739, '林文', '189910963120', '环境工程', '来自 经济管理学院 2025级 级', 'Imported from V2 dataset', '{"skills": "["阅读、摄影、短视频、绘画"]"}');
INSERT INTO student_profile (user_id, interest_tags, weekly_free_hours, commitment_level, personality_type) VALUES (1739, '["阅读、摄影、短视频、绘画"]', 10, 'MED', 'EXPLORER');
INSERT INTO sys_user (id, school_email, password) VALUES (1740, 'u20250740', 'Campus@20251020');
INSERT INTO student_resume (user_id, real_name, contact_phone, major, personal_statement, raw_text, structured_data) VALUES (1740, '何知宸', '134053686199', '环境工程', '来自 教育学院 2025级 级', 'Imported from V2 dataset', '{"skills": "["公益、羽毛球、跑步、短视频"]"}');
INSERT INTO student_profile (user_id, interest_tags, weekly_free_hours, commitment_level, personality_type) VALUES (1740, '["公益、羽毛球、跑步、短视频"]', 10, 'MED', 'EXPLORER');
INSERT INTO sys_user (id, school_email, password) VALUES (1741, 'u20250741', 'Campus@20251093');
INSERT INTO student_resume (user_id, real_name, contact_phone, major, personal_statement, raw_text, structured_data) VALUES (1741, '宋博然', '136420838128', '生物工程', '来自 计算机学院 2025级 级', 'Imported from V2 dataset', '{"skills": "["编程、绘画、旅行、公益"]"}');
INSERT INTO student_profile (user_id, interest_tags, weekly_free_hours, commitment_level, personality_type) VALUES (1741, '["编程、绘画、旅行、公益"]', 10, 'MED', 'EXPLORER');
INSERT INTO sys_user (id, school_email, password) VALUES (1742, 'u20250742', 'Campus@20251166');
INSERT INTO student_resume (user_id, real_name, contact_phone, major, personal_statement, raw_text, structured_data) VALUES (1742, '谢乐希', '176022092780', '市场营销', '来自 社会发展学院 2025级 级', 'Imported from V2 dataset', '{"skills": "["摄影、旅行、电影、绘画"]"}');
INSERT INTO student_profile (user_id, interest_tags, weekly_free_hours, commitment_level, personality_type) VALUES (1742, '["摄影、旅行、电影、绘画"]', 10, 'MED', 'EXPLORER');
INSERT INTO sys_user (id, school_email, password) VALUES (1743, 'u20250743', 'Campus@20251239');
INSERT INTO student_resume (user_id, real_name, contact_phone, major, personal_statement, raw_text, structured_data) VALUES (1743, '孙博雯', '133979268087', '数据科学与大数据技术', '来自 社会发展学院 2025级 级', 'Imported from V2 dataset', '{"skills": "["辩论、绘画、羽毛球、旅行"]"}');
INSERT INTO student_profile (user_id, interest_tags, weekly_free_hours, commitment_level, personality_type) VALUES (1743, '["辩论、绘画、羽毛球、旅行"]', 10, 'MED', 'EXPLORER');
INSERT INTO sys_user (id, school_email, password) VALUES (1744, 'u20250744', 'Campus@20251312');
INSERT INTO student_resume (user_id, real_name, contact_phone, major, personal_statement, raw_text, structured_data) VALUES (1744, '唐可禾', '134675237460', '金融学', '来自 教育学院 2025级 级', 'Imported from V2 dataset', '{"skills": "["创业、摄影、短视频、公益"]"}');
INSERT INTO student_profile (user_id, interest_tags, weekly_free_hours, commitment_level, personality_type) VALUES (1744, '["创业、摄影、短视频、公益"]', 10, 'MED', 'EXPLORER');
INSERT INTO sys_user (id, school_email, password) VALUES (1745, 'u20250745', 'Campus@20251385');
INSERT INTO student_resume (user_id, real_name, contact_phone, major, personal_statement, raw_text, structured_data) VALUES (1745, '高怡晗', '131446231972', '英语', '来自 社会发展学院 2025级 级', 'Imported from V2 dataset', '{"skills": "["跑步、志愿服务、绘画、创业"]"}');
INSERT INTO student_profile (user_id, interest_tags, weekly_free_hours, commitment_level, personality_type) VALUES (1745, '["跑步、志愿服务、绘画、创业"]', 10, 'MED', 'EXPLORER');
INSERT INTO sys_user (id, school_email, password) VALUES (1746, 'u20250746', 'Campus@20251458');
INSERT INTO student_resume (user_id, real_name, contact_phone, major, personal_statement, raw_text, structured_data) VALUES (1746, '林晨', '174249979498', '汉语言文学', '来自 环境科学学院 2025级 级', 'Imported from V2 dataset', '{"skills": "["摄影、设计、羽毛球、志愿服务"]"}');
INSERT INTO student_profile (user_id, interest_tags, weekly_free_hours, commitment_level, personality_type) VALUES (1746, '["摄影、设计、羽毛球、志愿服务"]', 10, 'MED', 'EXPLORER');
INSERT INTO sys_user (id, school_email, password) VALUES (1747, 'u20250747', 'Campus@20251531');
INSERT INTO student_resume (user_id, real_name, contact_phone, major, personal_statement, raw_text, structured_data) VALUES (1747, '刘晨萱', '138831777202', '金融学', '来自 文学院 2025级 级', 'Imported from V2 dataset', '{"skills": "["志愿服务、编程、辩论、设计"]"}');
INSERT INTO student_profile (user_id, interest_tags, weekly_free_hours, commitment_level, personality_type) VALUES (1747, '["志愿服务、编程、辩论、设计"]', 10, 'MED', 'EXPLORER');
INSERT INTO sys_user (id, school_email, password) VALUES (1748, 'u20250748', 'Campus@20251604');
INSERT INTO student_resume (user_id, real_name, contact_phone, major, personal_statement, raw_text, structured_data) VALUES (1748, '胡欣', '197915201082', '市场营销', '来自 建筑工程学院 2025级 级', 'Imported from V2 dataset', '{"skills": "["创业、公益、跑步、编程"]"}');
INSERT INTO student_profile (user_id, interest_tags, weekly_free_hours, commitment_level, personality_type) VALUES (1748, '["创业、公益、跑步、编程"]', 10, 'MED', 'EXPLORER');
INSERT INTO sys_user (id, school_email, password) VALUES (1749, 'u20250749', 'Campus@20251677');
INSERT INTO student_resume (user_id, real_name, contact_phone, major, personal_statement, raw_text, structured_data) VALUES (1749, '田若宸', '188788634334', '机械设计制造及其自动化', '来自 教育学院 2025级 级', 'Imported from V2 dataset', '{"skills": "["桌游、编程、跑步、阅读"]"}');
INSERT INTO student_profile (user_id, interest_tags, weekly_free_hours, commitment_level, personality_type) VALUES (1749, '["桌游、编程、跑步、阅读"]', 10, 'MED', 'EXPLORER');
INSERT INTO sys_user (id, school_email, password) VALUES (1750, 'u20250750', 'Campus@20251750');
INSERT INTO student_resume (user_id, real_name, contact_phone, major, personal_statement, raw_text, structured_data) VALUES (1750, '高子', '197337329940', '生物工程', '来自 新闻传播学院 2025级 级', 'Imported from V2 dataset', '{"skills": "["创业、编程、跑步、短视频"]"}');
INSERT INTO student_profile (user_id, interest_tags, weekly_free_hours, commitment_level, personality_type) VALUES (1750, '["创业、编程、跑步、短视频"]', 10, 'MED', 'EXPLORER');
INSERT INTO sys_user (id, school_email, password) VALUES (1751, 'u20250751', 'Campus@20251823');
INSERT INTO student_resume (user_id, real_name, contact_phone, major, personal_statement, raw_text, structured_data) VALUES (1751, '萧意诚', '198895279986', '社会学', '来自 教育学院 2025级 级', 'Imported from V2 dataset', '{"skills": "["辩论、创业、旅行、电影"]"}');
INSERT INTO student_profile (user_id, interest_tags, weekly_free_hours, commitment_level, personality_type) VALUES (1751, '["辩论、创业、旅行、电影"]', 10, 'MED', 'EXPLORER');
INSERT INTO sys_user (id, school_email, password) VALUES (1752, 'u20250752', 'Campus@20251896');
INSERT INTO student_resume (user_id, real_name, contact_phone, major, personal_statement, raw_text, structured_data) VALUES (1752, '李宇', '176138411774', '数字媒体技术', '来自 法学院 2025级 级', 'Imported from V2 dataset', '{"skills": "["阅读、设计、跑步、音乐"]"}');
INSERT INTO student_profile (user_id, interest_tags, weekly_free_hours, commitment_level, personality_type) VALUES (1752, '["阅读、设计、跑步、音乐"]', 10, 'MED', 'EXPLORER');
INSERT INTO sys_user (id, school_email, password) VALUES (1753, 'u20250753', 'Campus@20251969');
INSERT INTO student_resume (user_id, real_name, contact_phone, major, personal_statement, raw_text, structured_data) VALUES (1753, '朱启', '132722896378', '计算机科学与技术', '来自 文学院 2025级 级', 'Imported from V2 dataset', '{"skills": "["公益、桌游、阅读、编程"]"}');
INSERT INTO student_profile (user_id, interest_tags, weekly_free_hours, commitment_level, personality_type) VALUES (1753, '["公益、桌游、阅读、编程"]', 10, 'MED', 'EXPLORER');
INSERT INTO sys_user (id, school_email, password) VALUES (1754, 'u20250754', 'Campus@20252042');
INSERT INTO student_resume (user_id, real_name, contact_phone, major, personal_statement, raw_text, structured_data) VALUES (1754, '赵依璇', '192669191282', '信息管理与信息系统', '来自 经济管理学院 2025级 级', 'Imported from V2 dataset', '{"skills": "["羽毛球、编程、电影、摄影"]"}');
INSERT INTO student_profile (user_id, interest_tags, weekly_free_hours, commitment_level, personality_type) VALUES (1754, '["羽毛球、编程、电影、摄影"]', 10, 'MED', 'EXPLORER');
INSERT INTO sys_user (id, school_email, password) VALUES (1755, 'u20250755', 'Campus@20252115');
INSERT INTO student_resume (user_id, real_name, contact_phone, major, personal_statement, raw_text, structured_data) VALUES (1755, '周佳航', '187721382200', '网络空间安全', '来自 环境科学学院 2025级 级', 'Imported from V2 dataset', '{"skills": "["设计、志愿服务、创业、桌游"]"}');
INSERT INTO student_profile (user_id, interest_tags, weekly_free_hours, commitment_level, personality_type) VALUES (1755, '["设计、志愿服务、创业、桌游"]', 10, 'MED', 'EXPLORER');
INSERT INTO sys_user (id, school_email, password) VALUES (1756, 'u20250756', 'Campus@20252188');
INSERT INTO student_resume (user_id, real_name, contact_phone, major, personal_statement, raw_text, structured_data) VALUES (1756, '潘天诚', '193367882338', '历史学', '来自 环境科学学院 2025级 级', 'Imported from V2 dataset', '{"skills": "["编程、创业、设计、音乐"]"}');
INSERT INTO student_profile (user_id, interest_tags, weekly_free_hours, commitment_level, personality_type) VALUES (1756, '["编程、创业、设计、音乐"]', 10, 'MED', 'EXPLORER');
INSERT INTO sys_user (id, school_email, password) VALUES (1757, 'u20250757', 'Campus@20252261');
INSERT INTO student_resume (user_id, real_name, contact_phone, major, personal_statement, raw_text, structured_data) VALUES (1757, '蒋晨沫', '193125126730', '建筑学', '来自 环境科学学院 2025级 级', 'Imported from V2 dataset', '{"skills": "["创业、羽毛球、绘画、设计"]"}');
INSERT INTO student_profile (user_id, interest_tags, weekly_free_hours, commitment_level, personality_type) VALUES (1757, '["创业、羽毛球、绘画、设计"]', 10, 'MED', 'EXPLORER');
INSERT INTO sys_user (id, school_email, password) VALUES (1758, 'u20250758', 'Campus@20252334');
INSERT INTO student_resume (user_id, real_name, contact_phone, major, personal_statement, raw_text, structured_data) VALUES (1758, '吴明菲', '153051662997', '国际经济与贸易', '来自 计算机学院 2025级 级', 'Imported from V2 dataset', '{"skills": "["阅读、绘画、公益、桌游"]"}');
INSERT INTO student_profile (user_id, interest_tags, weekly_free_hours, commitment_level, personality_type) VALUES (1758, '["阅读、绘画、公益、桌游"]', 10, 'MED', 'EXPLORER');
INSERT INTO sys_user (id, school_email, password) VALUES (1759, 'u20250759', 'Campus@20252407');
INSERT INTO student_resume (user_id, real_name, contact_phone, major, personal_statement, raw_text, structured_data) VALUES (1759, '何卓萌', '199931783019', '金融学', '来自 计算机学院 2025级 级', 'Imported from V2 dataset', '{"skills": "["公益、创业、短视频、桌游"]"}');
INSERT INTO student_profile (user_id, interest_tags, weekly_free_hours, commitment_level, personality_type) VALUES (1759, '["公益、创业、短视频、桌游"]', 10, 'MED', 'EXPLORER');
INSERT INTO sys_user (id, school_email, password) VALUES (1760, 'u20250760', 'Campus@20252480');
INSERT INTO student_resume (user_id, real_name, contact_phone, major, personal_statement, raw_text, structured_data) VALUES (1760, '马可', '153280962221', '传播学', '来自 理学院 2025级 级', 'Imported from V2 dataset', '{"skills": "["羽毛球、志愿服务、辩论、阅读"]"}');
INSERT INTO student_profile (user_id, interest_tags, weekly_free_hours, commitment_level, personality_type) VALUES (1760, '["羽毛球、志愿服务、辩论、阅读"]', 10, 'MED', 'EXPLORER');
INSERT INTO sys_user (id, school_email, password) VALUES (1761, 'u20250761', 'Campus@20252553');
INSERT INTO student_resume (user_id, real_name, contact_phone, major, personal_statement, raw_text, structured_data) VALUES (1761, '罗柏悦', '196414286453', '工商管理', '来自 新闻传播学院 2025级 级', 'Imported from V2 dataset', '{"skills": "["设计、绘画、编程、创业"]"}');
INSERT INTO student_profile (user_id, interest_tags, weekly_free_hours, commitment_level, personality_type) VALUES (1761, '["设计、绘画、编程、创业"]', 10, 'MED', 'EXPLORER');
INSERT INTO sys_user (id, school_email, password) VALUES (1762, 'u20250762', 'Campus@20252626');
INSERT INTO student_resume (user_id, real_name, contact_phone, major, personal_statement, raw_text, structured_data) VALUES (1762, '孙可', '175690208388', '人工智能', '来自 新闻传播学院 2025级 级', 'Imported from V2 dataset', '{"skills": "["跑步、辩论、阅读、摄影"]"}');
INSERT INTO student_profile (user_id, interest_tags, weekly_free_hours, commitment_level, personality_type) VALUES (1762, '["跑步、辩论、阅读、摄影"]', 10, 'MED', 'EXPLORER');
INSERT INTO sys_user (id, school_email, password) VALUES (1763, 'u20250763', 'Campus@20252699');
INSERT INTO student_resume (user_id, real_name, contact_phone, major, personal_statement, raw_text, structured_data) VALUES (1763, '郑晨', '132428365225', '会计学', '来自 新闻传播学院 2025级 级', 'Imported from V2 dataset', '{"skills": "["绘画、音乐、辩论、电影"]"}');
INSERT INTO student_profile (user_id, interest_tags, weekly_free_hours, commitment_level, personality_type) VALUES (1763, '["绘画、音乐、辩论、电影"]', 10, 'MED', 'EXPLORER');
INSERT INTO sys_user (id, school_email, password) VALUES (1764, 'u20250764', 'Campus@20252772');
INSERT INTO student_resume (user_id, real_name, contact_phone, major, personal_statement, raw_text, structured_data) VALUES (1764, '何乔雯', '195667286288', '历史学', '来自 文学院 2025级 级', 'Imported from V2 dataset', '{"skills": "["阅读、电影、设计、绘画"]"}');
INSERT INTO student_profile (user_id, interest_tags, weekly_free_hours, commitment_level, personality_type) VALUES (1764, '["阅读、电影、设计、绘画"]', 10, 'MED', 'EXPLORER');
INSERT INTO sys_user (id, school_email, password) VALUES (1765, 'u20250765', 'Campus@20252845');
INSERT INTO student_resume (user_id, real_name, contact_phone, major, personal_statement, raw_text, structured_data) VALUES (1765, '梁星婷', '186612024539', '法学', '来自 法学院 2025级 级', 'Imported from V2 dataset', '{"skills": "["跑步、羽毛球、设计、短视频"]"}');
INSERT INTO student_profile (user_id, interest_tags, weekly_free_hours, commitment_level, personality_type) VALUES (1765, '["跑步、羽毛球、设计、短视频"]', 10, 'MED', 'EXPLORER');
INSERT INTO sys_user (id, school_email, password) VALUES (1766, 'u20250766', 'Campus@20252918');
INSERT INTO student_resume (user_id, real_name, contact_phone, major, personal_statement, raw_text, structured_data) VALUES (1766, '彭乔', '199272511141', '传播学', '来自 理学院 2025级 级', 'Imported from V2 dataset', '{"skills": "["公益、摄影、电影、羽毛球"]"}');
INSERT INTO student_profile (user_id, interest_tags, weekly_free_hours, commitment_level, personality_type) VALUES (1766, '["公益、摄影、电影、羽毛球"]', 10, 'MED', 'EXPLORER');
INSERT INTO sys_user (id, school_email, password) VALUES (1767, 'u20250767', 'Campus@20252991');
INSERT INTO student_resume (user_id, real_name, contact_phone, major, personal_statement, raw_text, structured_data) VALUES (1767, '潘乔', '186943408600', '信息管理与信息系统', '来自 法学院 2025级 级', 'Imported from V2 dataset', '{"skills": "["设计、旅行、短视频、公益"]"}');
INSERT INTO student_profile (user_id, interest_tags, weekly_free_hours, commitment_level, personality_type) VALUES (1767, '["设计、旅行、短视频、公益"]', 10, 'MED', 'EXPLORER');
INSERT INTO sys_user (id, school_email, password) VALUES (1768, 'u20250768', 'Campus@20253064');
INSERT INTO student_resume (user_id, real_name, contact_phone, major, personal_statement, raw_text, structured_data) VALUES (1768, '曹可桐', '173598547648', '会计学', '来自 理学院 2025级 级', 'Imported from V2 dataset', '{"skills": "["电影、桌游、志愿服务、跑步"]"}');
INSERT INTO student_profile (user_id, interest_tags, weekly_free_hours, commitment_level, personality_type) VALUES (1768, '["电影、桌游、志愿服务、跑步"]', 10, 'MED', 'EXPLORER');
INSERT INTO sys_user (id, school_email, password) VALUES (1769, 'u20250769', 'Campus@20253137');
INSERT INTO student_resume (user_id, real_name, contact_phone, major, personal_statement, raw_text, structured_data) VALUES (1769, '谢泽妍', '132231983319', '国际经济与贸易', '来自 经济管理学院 2025级 级', 'Imported from V2 dataset', '{"skills": "["羽毛球、辩论、桌游、跑步"]"}');
INSERT INTO student_profile (user_id, interest_tags, weekly_free_hours, commitment_level, personality_type) VALUES (1769, '["羽毛球、辩论、桌游、跑步"]', 10, 'MED', 'EXPLORER');
INSERT INTO sys_user (id, school_email, password) VALUES (1770, 'u20250770', 'Campus@20253210');
INSERT INTO student_resume (user_id, real_name, contact_phone, major, personal_statement, raw_text, structured_data) VALUES (1770, '高依远', '154373812223', '会计学', '来自 文学院 2025级 级', 'Imported from V2 dataset', '{"skills": "["公益、志愿服务、桌游、跑步"]"}');
INSERT INTO student_profile (user_id, interest_tags, weekly_free_hours, commitment_level, personality_type) VALUES (1770, '["公益、志愿服务、桌游、跑步"]', 10, 'MED', 'EXPLORER');
INSERT INTO sys_user (id, school_email, password) VALUES (1771, 'u20250771', 'Campus@20253283');
INSERT INTO student_resume (user_id, real_name, contact_phone, major, personal_statement, raw_text, structured_data) VALUES (1771, '徐意', '138174832397', '工商管理', '来自 教育学院 2025级 级', 'Imported from V2 dataset', '{"skills": "["志愿服务、阅读、编程、公益"]"}');
INSERT INTO student_profile (user_id, interest_tags, weekly_free_hours, commitment_level, personality_type) VALUES (1771, '["志愿服务、阅读、编程、公益"]', 10, 'MED', 'EXPLORER');
INSERT INTO sys_user (id, school_email, password) VALUES (1772, 'u20250772', 'Campus@20253356');
INSERT INTO student_resume (user_id, real_name, contact_phone, major, personal_statement, raw_text, structured_data) VALUES (1772, '马天', '172146388249', '电子信息工程', '来自 社会发展学院 2025级 级', 'Imported from V2 dataset', '{"skills": "["公益、阅读、编程、绘画"]"}');
INSERT INTO student_profile (user_id, interest_tags, weekly_free_hours, commitment_level, personality_type) VALUES (1772, '["公益、阅读、编程、绘画"]', 10, 'MED', 'EXPLORER');
INSERT INTO sys_user (id, school_email, password) VALUES (1773, 'u20250773', 'Campus@20253429');
INSERT INTO student_resume (user_id, real_name, contact_phone, major, personal_statement, raw_text, structured_data) VALUES (1773, '李清晗', '179255908388', '教育学', '来自 法学院 2025级 级', 'Imported from V2 dataset', '{"skills": "["摄影、跑步、志愿服务、设计"]"}');
INSERT INTO student_profile (user_id, interest_tags, weekly_free_hours, commitment_level, personality_type) VALUES (1773, '["摄影、跑步、志愿服务、设计"]', 10, 'MED', 'EXPLORER');
INSERT INTO sys_user (id, school_email, password) VALUES (1774, 'u20250774', 'Campus@20253502');
INSERT INTO student_resume (user_id, real_name, contact_phone, major, personal_statement, raw_text, structured_data) VALUES (1774, '胡景辰', '183831819245', '国际经济与贸易', '来自 外国语学院 2025级 级', 'Imported from V2 dataset', '{"skills": "["摄影、音乐、羽毛球、电影"]"}');
INSERT INTO student_profile (user_id, interest_tags, weekly_free_hours, commitment_level, personality_type) VALUES (1774, '["摄影、音乐、羽毛球、电影"]', 10, 'MED', 'EXPLORER');
INSERT INTO sys_user (id, school_email, password) VALUES (1775, 'u20250775', 'Campus@20253575');
INSERT INTO student_resume (user_id, real_name, contact_phone, major, personal_statement, raw_text, structured_data) VALUES (1775, '许文萌', '137570812202', '心理学', '来自 新闻传播学院 2025级 级', 'Imported from V2 dataset', '{"skills": "["摄影、跑步、绘画、编程"]"}');
INSERT INTO student_profile (user_id, interest_tags, weekly_free_hours, commitment_level, personality_type) VALUES (1775, '["摄影、跑步、绘画、编程"]', 10, 'MED', 'EXPLORER');
INSERT INTO sys_user (id, school_email, password) VALUES (1776, 'u20250776', 'Campus@20253648');
INSERT INTO student_resume (user_id, real_name, contact_phone, major, personal_statement, raw_text, structured_data) VALUES (1776, '黄向沫', '135877495557', '统计学', '来自 理学院 2025级 级', 'Imported from V2 dataset', '{"skills": "["设计、音乐、桌游、羽毛球"]"}');
INSERT INTO student_profile (user_id, interest_tags, weekly_free_hours, commitment_level, personality_type) VALUES (1776, '["设计、音乐、桌游、羽毛球"]', 10, 'MED', 'EXPLORER');
INSERT INTO sys_user (id, school_email, password) VALUES (1777, 'u20250777', 'Campus@20253721');
INSERT INTO student_resume (user_id, real_name, contact_phone, major, personal_statement, raw_text, structured_data) VALUES (1777, '周晨禾', '153668278269', '金融学', '来自 建筑工程学院 2025级 级', 'Imported from V2 dataset', '{"skills": "["跑步、辩论、编程、公益"]"}');
INSERT INTO student_profile (user_id, interest_tags, weekly_free_hours, commitment_level, personality_type) VALUES (1777, '["跑步、辩论、编程、公益"]', 10, 'MED', 'EXPLORER');
INSERT INTO sys_user (id, school_email, password) VALUES (1778, 'u20250778', 'Campus@20253794');
INSERT INTO student_resume (user_id, real_name, contact_phone, major, personal_statement, raw_text, structured_data) VALUES (1778, '刘浩', '137066287661', '数学与应用数学', '来自 新闻传播学院 2025级 级', 'Imported from V2 dataset', '{"skills": "["摄影、桌游、设计、电影"]"}');
INSERT INTO student_profile (user_id, interest_tags, weekly_free_hours, commitment_level, personality_type) VALUES (1778, '["摄影、桌游、设计、电影"]', 10, 'MED', 'EXPLORER');
INSERT INTO sys_user (id, school_email, password) VALUES (1779, 'u20250779', 'Campus@20253867');
INSERT INTO student_resume (user_id, real_name, contact_phone, major, personal_statement, raw_text, structured_data) VALUES (1779, '曾书菲', '134252463061', '土木工程', '来自 法学院 2025级 级', 'Imported from V2 dataset', '{"skills": "["创业、辩论、桌游、羽毛球"]"}');
INSERT INTO student_profile (user_id, interest_tags, weekly_free_hours, commitment_level, personality_type) VALUES (1779, '["创业、辩论、桌游、羽毛球"]', 10, 'MED', 'EXPLORER');
INSERT INTO sys_user (id, school_email, password) VALUES (1780, 'u20250780', 'Campus@20253940');
INSERT INTO student_resume (user_id, real_name, contact_phone, major, personal_statement, raw_text, structured_data) VALUES (1780, '曾欣远', '152842495889', '数字媒体技术', '来自 建筑工程学院 2025级 级', 'Imported from V2 dataset', '{"skills": "["桌游、编程、创业、阅读"]"}');
INSERT INTO student_profile (user_id, interest_tags, weekly_free_hours, commitment_level, personality_type) VALUES (1780, '["桌游、编程、创业、阅读"]', 10, 'MED', 'EXPLORER');
INSERT INTO sys_user (id, school_email, password) VALUES (1781, 'u20250781', 'Campus@20254013');
INSERT INTO student_resume (user_id, real_name, contact_phone, major, personal_statement, raw_text, structured_data) VALUES (1781, '袁宁妍', '184644773749', '法学', '来自 计算机学院 2025级 级', 'Imported from V2 dataset', '{"skills": "["辩论、绘画、志愿服务、设计"]"}');
INSERT INTO student_profile (user_id, interest_tags, weekly_free_hours, commitment_level, personality_type) VALUES (1781, '["辩论、绘画、志愿服务、设计"]', 10, 'MED', 'EXPLORER');
INSERT INTO sys_user (id, school_email, password) VALUES (1782, 'u20250782', 'Campus@20254086');
INSERT INTO student_resume (user_id, real_name, contact_phone, major, personal_statement, raw_text, structured_data) VALUES (1782, '唐晨', '157470047020', '市场营销', '来自 经济管理学院 2025级 级', 'Imported from V2 dataset', '{"skills": "["设计、电影、阅读、志愿服务"]"}');
INSERT INTO student_profile (user_id, interest_tags, weekly_free_hours, commitment_level, personality_type) VALUES (1782, '["设计、电影、阅读、志愿服务"]', 10, 'MED', 'EXPLORER');
INSERT INTO sys_user (id, school_email, password) VALUES (1783, 'u20250783', 'Campus@20254159');
INSERT INTO student_resume (user_id, real_name, contact_phone, major, personal_statement, raw_text, structured_data) VALUES (1783, '孙意涵', '171189325980', '机械设计制造及其自动化', '来自 新闻传播学院 2025级 级', 'Imported from V2 dataset', '{"skills": "["羽毛球、志愿服务、音乐、绘画"]"}');
INSERT INTO student_profile (user_id, interest_tags, weekly_free_hours, commitment_level, personality_type) VALUES (1783, '["羽毛球、志愿服务、音乐、绘画"]', 10, 'MED', 'EXPLORER');
INSERT INTO sys_user (id, school_email, password) VALUES (1784, 'u20250784', 'Campus@20254232');
INSERT INTO student_resume (user_id, real_name, contact_phone, major, personal_statement, raw_text, structured_data) VALUES (1784, '郭雨', '153328426056', '土木工程', '来自 文学院 2025级 级', 'Imported from V2 dataset', '{"skills": "["公益、桌游、创业、短视频"]"}');
INSERT INTO student_profile (user_id, interest_tags, weekly_free_hours, commitment_level, personality_type) VALUES (1784, '["公益、桌游、创业、短视频"]', 10, 'MED', 'EXPLORER');
INSERT INTO sys_user (id, school_email, password) VALUES (1785, 'u20250785', 'Campus@20254305');
INSERT INTO student_resume (user_id, real_name, contact_phone, major, personal_statement, raw_text, structured_data) VALUES (1785, '马嘉', '135385635875', '工商管理', '来自 建筑工程学院 2025级 级', 'Imported from V2 dataset', '{"skills": "["旅行、阅读、音乐、桌游"]"}');
INSERT INTO student_profile (user_id, interest_tags, weekly_free_hours, commitment_level, personality_type) VALUES (1785, '["旅行、阅读、音乐、桌游"]', 10, 'MED', 'EXPLORER');
INSERT INTO sys_user (id, school_email, password) VALUES (1786, 'u20250786', 'Campus@20254378');
INSERT INTO student_resume (user_id, real_name, contact_phone, major, personal_statement, raw_text, structured_data) VALUES (1786, '王启霏', '179560727064', '英语', '来自 新闻传播学院 2025级 级', 'Imported from V2 dataset', '{"skills": "["跑步、阅读、羽毛球、音乐"]"}');
INSERT INTO student_profile (user_id, interest_tags, weekly_free_hours, commitment_level, personality_type) VALUES (1786, '["跑步、阅读、羽毛球、音乐"]', 10, 'MED', 'EXPLORER');
INSERT INTO sys_user (id, school_email, password) VALUES (1787, 'u20250787', 'Campus@20254451');
INSERT INTO student_resume (user_id, real_name, contact_phone, major, personal_statement, raw_text, structured_data) VALUES (1787, '林天晗', '132450546931', '计算机科学与技术', '来自 建筑工程学院 2025级 级', 'Imported from V2 dataset', '{"skills": "["设计、志愿服务、创业、绘画"]"}');
INSERT INTO student_profile (user_id, interest_tags, weekly_free_hours, commitment_level, personality_type) VALUES (1787, '["设计、志愿服务、创业、绘画"]', 10, 'MED', 'EXPLORER');
INSERT INTO sys_user (id, school_email, password) VALUES (1788, 'u20250788', 'Campus@20254524');
INSERT INTO student_resume (user_id, real_name, contact_phone, major, personal_statement, raw_text, structured_data) VALUES (1788, '赵子雅', '192525179414', '环境工程', '来自 理学院 2025级 级', 'Imported from V2 dataset', '{"skills": "["编程、设计、桌游、公益"]"}');
INSERT INTO student_profile (user_id, interest_tags, weekly_free_hours, commitment_level, personality_type) VALUES (1788, '["编程、设计、桌游、公益"]', 10, 'MED', 'EXPLORER');
INSERT INTO sys_user (id, school_email, password) VALUES (1789, 'u20250789', 'Campus@20254597');
INSERT INTO student_resume (user_id, real_name, contact_phone, major, personal_statement, raw_text, structured_data) VALUES (1789, '赵若婷', '175590919981', '信息管理与信息系统', '来自 新闻传播学院 2025级 级', 'Imported from V2 dataset', '{"skills": "["编程、摄影、设计、志愿服务"]"}');
INSERT INTO student_profile (user_id, interest_tags, weekly_free_hours, commitment_level, personality_type) VALUES (1789, '["编程、摄影、设计、志愿服务"]', 10, 'MED', 'EXPLORER');
INSERT INTO sys_user (id, school_email, password) VALUES (1790, 'u20250790', 'Campus@20254670');
INSERT INTO student_resume (user_id, real_name, contact_phone, major, personal_statement, raw_text, structured_data) VALUES (1790, '徐景岚', '139382176253', '建筑学', '来自 计算机学院 2025级 级', 'Imported from V2 dataset', '{"skills": "["摄影、创业、志愿服务、羽毛球"]"}');
INSERT INTO student_profile (user_id, interest_tags, weekly_free_hours, commitment_level, personality_type) VALUES (1790, '["摄影、创业、志愿服务、羽毛球"]', 10, 'MED', 'EXPLORER');
INSERT INTO sys_user (id, school_email, password) VALUES (1791, 'u20250791', 'Campus@20254743');
INSERT INTO student_resume (user_id, real_name, contact_phone, major, personal_statement, raw_text, structured_data) VALUES (1791, '彭宁', '184281801399', '金融学', '来自 环境科学学院 2025级 级', 'Imported from V2 dataset', '{"skills": "["跑步、音乐、辩论、创业"]"}');
INSERT INTO student_profile (user_id, interest_tags, weekly_free_hours, commitment_level, personality_type) VALUES (1791, '["跑步、音乐、辩论、创业"]', 10, 'MED', 'EXPLORER');
INSERT INTO sys_user (id, school_email, password) VALUES (1792, 'u20250792', 'Campus@20254816');
INSERT INTO student_resume (user_id, real_name, contact_phone, major, personal_statement, raw_text, structured_data) VALUES (1792, '唐星屿', '137377463212', '金融学', '来自 环境科学学院 2025级 级', 'Imported from V2 dataset', '{"skills": "["摄影、绘画、创业、跑步"]"}');
INSERT INTO student_profile (user_id, interest_tags, weekly_free_hours, commitment_level, personality_type) VALUES (1792, '["摄影、绘画、创业、跑步"]', 10, 'MED', 'EXPLORER');
INSERT INTO sys_user (id, school_email, password) VALUES (1793, 'u20250793', 'Campus@20254889');
INSERT INTO student_resume (user_id, real_name, contact_phone, major, personal_statement, raw_text, structured_data) VALUES (1793, '周宁', '183010394698', '统计学', '来自 文学院 2025级 级', 'Imported from V2 dataset', '{"skills": "["桌游、羽毛球、创业、公益"]"}');
INSERT INTO student_profile (user_id, interest_tags, weekly_free_hours, commitment_level, personality_type) VALUES (1793, '["桌游、羽毛球、创业、公益"]', 10, 'MED', 'EXPLORER');
INSERT INTO sys_user (id, school_email, password) VALUES (1794, 'u20250794', 'Campus@20254962');
INSERT INTO student_resume (user_id, real_name, contact_phone, major, personal_statement, raw_text, structured_data) VALUES (1794, '何欣然', '154868815860', '人工智能', '来自 新闻传播学院 2025级 级', 'Imported from V2 dataset', '{"skills": "["音乐、短视频、志愿服务、跑步"]"}');
INSERT INTO student_profile (user_id, interest_tags, weekly_free_hours, commitment_level, personality_type) VALUES (1794, '["音乐、短视频、志愿服务、跑步"]', 10, 'MED', 'EXPLORER');
INSERT INTO sys_user (id, school_email, password) VALUES (1795, 'u20250795', 'Campus@20255035');
INSERT INTO student_resume (user_id, real_name, contact_phone, major, personal_statement, raw_text, structured_data) VALUES (1795, '曹佳', '158140083100', '数学与应用数学', '来自 经济管理学院 2025级 级', 'Imported from V2 dataset', '{"skills": "["旅行、志愿服务、创业、羽毛球"]"}');
INSERT INTO student_profile (user_id, interest_tags, weekly_free_hours, commitment_level, personality_type) VALUES (1795, '["旅行、志愿服务、创业、羽毛球"]', 10, 'MED', 'EXPLORER');
INSERT INTO sys_user (id, school_email, password) VALUES (1796, 'u20250796', 'Campus@20255108');
INSERT INTO student_resume (user_id, real_name, contact_phone, major, personal_statement, raw_text, structured_data) VALUES (1796, '许子雯', '178817067528', '人工智能', '来自 信息工程学院 2025级 级', 'Imported from V2 dataset', '{"skills": "["辩论、羽毛球、绘画、旅行"]"}');
INSERT INTO student_profile (user_id, interest_tags, weekly_free_hours, commitment_level, personality_type) VALUES (1796, '["辩论、羽毛球、绘画、旅行"]', 10, 'MED', 'EXPLORER');
INSERT INTO sys_user (id, school_email, password) VALUES (1797, 'u20250797', 'Campus@20255181');
INSERT INTO student_resume (user_id, real_name, contact_phone, major, personal_statement, raw_text, structured_data) VALUES (1797, '高天萌', '158228051668', '英语', '来自 信息工程学院 2025级 级', 'Imported from V2 dataset', '{"skills": "["编程、摄影、辩论、绘画"]"}');
INSERT INTO student_profile (user_id, interest_tags, weekly_free_hours, commitment_level, personality_type) VALUES (1797, '["编程、摄影、辩论、绘画"]', 10, 'MED', 'EXPLORER');
INSERT INTO sys_user (id, school_email, password) VALUES (1798, 'u20250798', 'Campus@20255254');
INSERT INTO student_resume (user_id, real_name, contact_phone, major, personal_statement, raw_text, structured_data) VALUES (1798, '刘明妍', '175545768203', '社会学', '来自 文学院 2025级 级', 'Imported from V2 dataset', '{"skills": "["志愿服务、摄影、创业、辩论"]"}');
INSERT INTO student_profile (user_id, interest_tags, weekly_free_hours, commitment_level, personality_type) VALUES (1798, '["志愿服务、摄影、创业、辩论"]', 10, 'MED', 'EXPLORER');
INSERT INTO sys_user (id, school_email, password) VALUES (1799, 'u20250799', 'Campus@20255327');
INSERT INTO student_resume (user_id, real_name, contact_phone, major, personal_statement, raw_text, structured_data) VALUES (1799, '李卓霖', '182074303150', '会计学', '来自 环境科学学院 2025级 级', 'Imported from V2 dataset', '{"skills": "["摄影、公益、编程、创业"]"}');
INSERT INTO student_profile (user_id, interest_tags, weekly_free_hours, commitment_level, personality_type) VALUES (1799, '["摄影、公益、编程、创业"]', 10, 'MED', 'EXPLORER');
INSERT INTO sys_user (id, school_email, password) VALUES (1800, 'u20250800', 'Campus@20255400');
INSERT INTO student_resume (user_id, real_name, contact_phone, major, personal_statement, raw_text, structured_data) VALUES (1800, '郑清轩', '173731363245', '心理学', '来自 社会发展学院 2025级 级', 'Imported from V2 dataset', '{"skills": "["羽毛球、创业、电影、编程"]"}');
INSERT INTO student_profile (user_id, interest_tags, weekly_free_hours, commitment_level, personality_type) VALUES (1800, '["羽毛球、创业、电影、编程"]', 10, 'MED', 'EXPLORER');
